image,R_z_mean,R_z_std,R_z_skew,R_z_kurtosis,G_z_mean,G_z_std,G_z_skew,G_z_kurtosis,B_z_mean,B_z_std,B_z_skew,B_z_kurtosis
001,0.21103844341307343,1.1135137334964385,0.15069823511204208,0.7395521352886476,0.24924374546519412,1.0711340550322035,0.0626673318673965,1.4780549967002736,0.20560857243523478,1.1262071538140708,0.3222593107059078,1.755400946632153
002,0.12055676318000168,0.8724377105932243,0.08378065742554475,2.645765136963722,0.12214669957126191,0.8733420518593643,0.2864376930583203,4.716563842407209,0.1345544265984695,0.8659300945228439,0.35079213536900117,4.881276366285302
003,0.22645102331432565,1.16995467006133,0.3376825754712047,0.9094443157704704,-0.2040985594762218,1.1563830980745842,0.28714305597542594,0.8280246365850803,0.2885777687474143,1.1717310792125517,0.5493130440016637,2.683528316809226
004,-0.05555988242423985,0.471737131087787,1.2617302281919958,20.55837599032032,-0.055096392644221705,0.48057775066359365,1.970702742882209,39.46263936264268,-0.11340370258709805,0.46707548012365707,2.6763407005497104,58.63689231639067
005,0.07096663359469156,0.535408748953347,0.31455695704805586,4.390397798453554,0.011105657452044908,0.5231371923673289,1.1471408350763759,20.5435615601796,-0.11810687064535298,0.5116566390986166,1.5887480060320793,31.045260219039328
006,0.2762182715653561,1.219643037917811,0.2626899872628022,0.7721181730356479,0.2515563097212558,1.1946597749861965,0.28155250621402134,0.9897051495677922,-0.22051271514780632,1.1744036297370517,0.6035507931247651,2.4294064794941566
007,0.108686991288599,0.9655558135367006,0.03366305489313797,3.1757139388365774,0.10953477537139396,0.9768797098003259,0.1671832438651944,4.94108448292933,0.0981892001167187,0.969696145888771,0.22941907331592695,5.806427670454818
008,0.09476505233550661,0.8574909678694085,0.3011083822122615,1.222264676390127,0.09779353164650145,0.8793171077611397,0.3672401893378661,1.7759001203780178,0.15243185980851087,0.8846750213650435,0.4040706015837421,2.2417852460786545
009,0.24313058690656386,1.0841185174832664,0.06270492462629237,1.3802980634286843,-0.22313412057970267,1.0818569111408203,-0.1549502776147852,1.4530436358135121,0.14722643408006375,1.100520682944591,-0.3973070997954877,2.4761479244985187
010,0.22274670725611317,1.2255835344965265,0.42358711197700877,1.441599212004105,-0.24130806857869372,1.1738716879172628,0.4687870531003763,1.9047246127178497,-0.17287282956080413,1.159006578256553,0.7335838268718812,3.3631259447229755
011,-0.23646819426534224,1.061975610094688,0.5527006235450109,2.75212034553131,-0.1760569008202129,1.0838445084069832,0.5210843272859516,2.8240532337684776,-0.12992796696562636,1.04943919915011,0.7900503830720077,5.619159596189181
012,0.09206752845952015,0.8166818912627493,0.4890809142298678,5.628512786968104,-0.10258012829789313,0.8330142940783323,0.7574816237105044,9.043820149285754,0.05996138946245245,0.8026545594202869,1.0731820608614957,14.766382989227811
013,-0.01816764064242142,0.7473949323667922,2.4680503369565416,41.22908168228236,-0.22139983065257587,0.7432234920953111,2.9193221386942727,51.969844266728444,-0.008518391908754589,0.7354836132530425,3.0599622199896355,55.460029944077526
014,-0.19596134725766273,1.1415513659694982,0.7155853584476723,2.397874034275011,0.3770967136889032,1.167439916272368,0.8229437427950946,4.506838187897825,-0.11380092877704684,1.085815416667603,1.2187057788703028,7.604505455585711
015,-0.11385939132536813,0.8541837309472117,1.1558435117266423,12.654556297146456,0.15148616811971963,0.8903926663642866,0.9994815105753804,11.344955741861773,-0.13571558887903237,0.8649571204052556,1.2665563943749978,13.290166785489994
016,-0.17901512423500712,1.2406335602717493,-0.12241376735499827,-0.02298368339356527,-0.14520425359375713,1.2490527927121844,-0.047782484288476486,-0.024905659823213355,-0.2040830162072093,1.235008591470041,0.05367857368486294,-0.0724788080999903
017,-0.11325003130883672,0.8368970857771794,0.11681398047803368,2.1132156912910176,-0.08629173600405328,0.8390743571501175,0.11563086477601535,2.7949144349892574,-0.08319772487956945,0.8430095951987129,0.283856438628336,4.480372395615852
018,-0.1342410391999959,1.213337794055492,0.2677956993073581,0.6409066671258397,0.3173221012861689,1.1922010992267698,0.3279591000557211,1.4190344007158417,0.3386498124465612,1.214148883411866,0.42100500828654625,1.4444756015050517
019,-0.18933299980554988,0.8453061531634464,1.046936649829676,10.236840094613699,0.1544787740848038,0.8609493461814647,0.9551953802671702,10.678929066166807,0.07987089914198207,0.8260956636533594,1.9677349195565728,27.283516996743053
020,0.14354817662531183,0.7681281221950583,0.3751868138380692,5.834828708340311,0.11982608380597422,0.7776645287349571,0.43231427393797167,6.785179924825714,0.10253459450730881,0.7657688792076879,0.5634764447297208,9.302462012003984
021,-0.1572648103801204,1.043959870845047,0.8741685063440132,6.447088083736714,0.32279070724704506,1.106304356876785,0.5838328390393601,4.4176888680866515,-0.22573671346312066,1.019678869335029,1.0255456393973774,9.430042515038897
022,-0.14255823503524911,0.7632083179328683,1.0806354470300634,13.646217301770275,-0.13795114964230443,0.7555914868778114,1.360810873765638,19.76231096619543,-0.12658273964288194,0.7776844565456991,1.2672844517823585,16.36560168324692
023,-0.06182714506939974,0.515088878333452,3.253016212754732,67.96108261528427,-0.09043339532830674,0.5237633020412751,3.39400201408914,73.89620337453057,-0.07002361901556557,0.5356438044119926,3.6351356491746087,78.51720351327691
024,0.1967742455429131,1.2171950449988873,0.04426378928897788,0.7731748765629756,-0.19372357904383192,1.2146934398443432,0.0695211338541305,1.368265073241135,0.29272624076425036,1.2186152878869927,0.29049525528285963,1.467622930462067
025,0.0805902687970033,0.9375029722472852,0.004585316769148244,2.1796618391508717,0.12014342605654295,0.9421873088730311,0.09767967756554827,2.907780421005831,-0.09750448764059244,0.9397146638406906,0.19605842858154793,2.756563825313557
026,0.11296590075639203,0.8499251462429648,-0.06305868605072035,0.21037340215631373,-0.10667728036829599,0.8547462103069285,-0.020923667632617517,0.39187000425828966,0.09510386891891186,0.8361371198777363,0.23467870493644696,1.5500172580993619
027,-0.1853432163075897,0.9078644367263634,0.6561299623449901,4.987038998031112,0.08855722418297966,0.9120276350286681,0.9079371249636972,9.557038158552647,-0.17508646036272502,0.8890916763560447,1.2575444646295229,12.540233049782113
028,-0.0571685797823132,0.4742839165599703,3.838002658609466,88.78253375091718,-0.07704103400498531,0.47424708207735927,4.562629273009621,113.41872240868302,0.018109404588200265,0.497582858949173,4.901071521101651,123.42392431774402
029,0.3206727160551882,1.1638577870971563,0.8591284752298315,4.785523352925279,0.2670836673634961,1.1040429170560146,1.0920490941743588,8.334179635745757,0.3396504726419994,1.1355838582700901,1.1174701424577298,7.614507952158721
030,0.09551631514060265,0.7908523023126072,-0.7970768215747991,0.051842736235745424,0.06162854816929957,0.8003541425691472,-0.719040560467581,-0.12712079430544154,0.2201424362076942,0.7921288291691372,-0.5671105448263618,-0.333224177617208
031,0.11339801196940404,0.9341179382804525,0.24140081436136995,1.0866627220362357,0.09892296237476109,0.952163584660524,0.20702418574062614,0.9902410911960744,0.1244423990742337,0.9250427188381688,0.5719780036003511,4.4976723860175065
032,0.12242170888441124,0.8599499103779575,0.42740200773713416,3.6527621640838843,-0.1497841314374456,0.8772104178438019,0.4298612140498179,3.626495091771683,-0.14947152397429395,0.8571084375622307,0.6222314540179139,5.665752119717748
033,0.3813410786299881,1.2602832409659541,0.5905481739334362,3.0903533717822764,0.33952174884744196,1.2283231369909393,0.7037334036025317,4.8291890528494825,0.3581097135844772,1.246939019979685,0.7236295014069299,4.264913499905833
034,0.25439447226139283,1.142152303179467,0.6627246704708356,2.877428619907908,-0.23067591367401855,1.0926202703257577,0.9398004067706801,5.185664361229017,0.2538052716267122,1.1420454716794237,0.7103415826619667,3.1589381004473465
035,-0.14835024631558164,1.2067471682435187,0.4407364210914603,1.465824773878957,-0.21691898885837363,1.1926704625009776,0.44271576138118446,1.8103797878514118,-0.1335621739718381,1.1433066108423209,0.7266666517785703,4.620202832753886
036,0.12678851393863613,1.2315807374614653,-0.26449554524382696,0.5199516832105577,0.13800379084358966,1.2312728574245029,-0.19694022872679273,0.4580072229437233,-0.13810797691463506,1.253450685186184,-0.10073251809213025,0.3423690925209364
037,0.09247740053797593,0.8723210703148772,0.1426120442693982,1.1806798257514073,-0.10278745618645826,0.8927374439467008,0.1654232462783864,1.4425188247777347,0.10182383039477153,0.8724590208763536,0.16723884214749488,1.8383823187374926
038,-0.07487338093319224,0.49260316737898385,2.4485731879922854,49.409023052873145,-0.0352097943527305,0.4933853413401734,2.592839596169829,55.16330990031589,-0.08263649249933075,0.5120122485972726,2.883102344289445,59.85169656687556
039,0.21693559358570577,1.0633759046513638,0.10505123800545638,0.13395337012456654,-0.2143999065538691,1.0566095805041311,0.19246545185402802,0.33141561857837365,-0.20472136214833525,1.0727546872708962,0.24904948643370223,0.5123543249551354
040,0.22699519032325285,1.1301474947274035,0.37896677414962504,2.8877736052990635,-0.14217514115653004,1.0772061095168333,0.4759248385569365,3.8299502686430715,-0.15936153310253248,1.0810990786993138,0.5567869792419432,4.564527271095978
041,-0.15913844117301992,0.9047260248152852,0.524913997335083,5.225038497735236,0.056150247351909585,0.9298247753279089,0.551587104420338,5.994191811332275,0.10517855325031385,0.9014355731979429,0.5735794069694164,6.680752120473816
042,-0.14475556301614118,1.1306222303883908,0.19588912686919402,0.5566772710168708,0.18579532420135697,1.1416232207613346,0.24064048511322114,1.3080954967273017,-0.11696980656887639,1.1118350512863344,0.4716098823338584,2.4628894590993475
043,-0.18714257881406954,1.229648273286486,-0.02611153238148589,0.3401229491939537,-0.1602980070121831,1.2327116704926273,0.05862723871928884,0.545856630640599,0.12777056791050787,1.225081098697343,0.08794146291160942,0.47880570060673033
044,0.40554467290305324,1.2496746059838877,0.5891114951896126,2.3404183209836757,-0.18255846321386032,1.1388862090534946,0.8964833464365531,5.3597397682471986,-0.04284454963228593,1.1243193944184213,1.1524369162792985,7.4096077335281745
045,0.10488314665530568,0.7683589385328544,0.163827816014825,2.241730105190106,-0.08835474381893924,0.7583305732078472,0.5452732588158614,7.19790804598194,0.12813683428560887,0.7666932740152291,0.46329299080361575,5.804796699870328
046,0.22102374642647724,1.164747086364314,0.3862707422650603,1.924939315842792,-0.2012735085632855,1.1384001264497692,0.4474589114376661,2.0732213145359646,-0.18941241670287373,1.1281262474704608,0.5666228141265954,2.4601865524604696
047,0.02375229716240468,0.4834380375812671,1.0588933692884945,17.850179813561258,0.046638207150146195,0.49442387770529006,1.1451018878877948,20.707071491892037,-0.07859966307677771,0.49066326778058145,1.9733907723855197,41.030421916940575
048,-0.17071555395429522,1.1938467045316783,0.5479391453269488,1.653586713373758,0.3005923992365382,1.2106759809004162,0.667462358025556,2.603358004467273,0.24619551757400843,1.2111321770418864,0.7174823392223801,2.734821606678689
049,-0.16298946420256238,1.1429067364241876,-0.2471160082726238,0.6143024142482894,0.16988699252752482,1.1200606446923027,-0.23930227976454954,0.7827266927650891,0.15681986587900212,1.1339737147632223,-0.21232163581794533,0.7766493348182366
050,0.09498829667097848,0.9236726877851004,0.6052860173416,4.670496460401351,0.10198844750163895,0.9455600872873349,0.5877815390470659,4.794856015997581,-0.1842029884767794,0.9099056817624103,0.9658571254657409,8.843023173688916
051,-0.1880908707654471,0.6004837934417665,2.236673944371164,36.71955688795017,-0.19294300818638566,0.6279767433079326,1.7697199764309184,27.14044077551693,-0.2628059101709116,0.5938850076158196,3.420095628496871,65.45121469866842
052,-0.18148253862723646,1.2535943046751092,0.3576569972718428,0.6290311160022557,0.2589306975500122,1.2450323477857703,0.2617017683337566,0.7513442529569976,0.3137195764922785,1.275569720747004,0.47246902871348045,1.4951219331921077
053,0.1894012221005204,1.1773278936725697,0.09093522078315347,0.43542816834978515,-0.1422119940235623,1.1599366747696136,0.22937180201973537,0.8444264340033727,0.16808466946412742,1.1752780911248304,0.24551827552492708,0.8098788469295748
054,0.0149061586630323,0.5855472973954647,1.028661039096981,17.825984001700743,-0.0834437289023206,0.6042873300681462,1.1794173362827185,20.14217344707702,0.0020867832507386595,0.5900214479139739,1.1227601835632468,18.642681407601266
055,0.17491124264484134,1.0722110850416737,0.2840702686032928,2.2809389270829037,-0.26282858216786326,1.0379588008137726,0.3910362661055824,3.3563924100244016,-0.244836071562935,1.0111361783541095,0.6490975998763637,6.226685632987941
056,-0.06397948192106354,0.898528363404182,0.11703951075918717,1.171420560830767,-0.12183143960047266,0.9092666546746391,0.2862735087375922,2.4937384877804813,0.07569292728078755,0.8871245058577661,0.3013596936658859,2.6848580591916322
057,0.2358570857686503,1.2484028784315546,0.518904684664165,1.9952275947970648,-0.12969648538568354,1.1975968940511177,0.7222287283748002,3.7213953560194257,-0.15684194383145567,1.208139322615564,0.7291361144727648,2.9278962425428228
058,0.25024282226933975,1.2349097985191304,0.23880124606236378,1.5220015020925564,0.25781343374199917,1.2303075696678263,0.3502284397520793,2.253027207155016,0.2810143262015779,1.2370021918661565,0.3501519969088616,1.7035986828977219
059,-0.08759243283698702,0.4953289563579425,1.1404627533780205,17.320523777318538,-0.08621951440213231,0.5107143526397243,1.0799180401486899,18.825660785523894,-0.04764213476045673,0.5153886143893142,2.960386458060756,61.65343055736247
060,-0.0056554104797424355,0.5744961451985298,0.9858989689253486,16.050068728041236,0.020965733903802217,0.5914814946320304,1.1117453836515552,20.175265982938107,-0.09005043991024074,0.5813411350261203,1.3495269355295267,23.780776641733564
061,0.07390793841127966,0.9407969334714569,-0.03761292357708095,0.43202279878324834,0.11231449425866197,0.9601151096176808,-0.13022541926029216,0.354962795060235,-0.08078390782160841,0.9280571935727054,0.23860038306870068,1.5484580557722456
062,-0.17144511515855493,1.2389878504611347,-0.07487681637245354,0.6202635705388126,0.13639871463418965,1.2225559980675662,-0.16826196719037775,1.2266569692861946,0.15646558563573665,1.23633994945441,0.097074082660157,0.9470893416752739
063,0.14174158872717948,1.1737789906789533,-0.10799737274579094,2.574393537842118,-0.30119385480453253,1.1539694155387217,-0.0566514911937149,3.346724521734995,0.2031352802227073,1.1798200121289544,-0.09081739381581883,3.0353737423007887
064,-0.1078508313630886,0.9371091287196258,0.3199865960498812,2.4667308067645353,-0.1125366037621109,0.9519094054498917,0.3278607798929155,3.2323267142552385,-0.07524815421560237,0.9327351011568888,0.49886391303898053,4.0743909577577595
065,-0.18470556784743092,1.1445324766981577,0.4428535204552416,3.3286227980542478,0.26825623641254104,1.156909403025252,0.42661213895768435,4.853640941456218,-0.19561358950152094,1.128149407900933,0.47821218338202637,5.288356346289667
066,-0.13307369303011016,0.8248476166275676,0.36800612687612494,3.2888915976741417,-0.13599029233455878,0.8314247073917739,0.4154197869591743,4.336491277660428,0.08667810743245036,0.8262537628303542,0.538842212758286,5.36082082877839
067,-0.21733472793074604,0.6107341415313532,3.3482693576393303,61.529179371525615,-0.06823586058998798,0.6406363604019379,3.2087625626172334,59.49825482925762,-0.26747312368083526,0.5854786196821663,5.718808829227501,126.15626477168178
068,-0.19652941460146783,1.0620458130138792,1.245058518676071,6.949315558647264,-0.24156750161840052,1.0849409652605524,1.230038068883693,7.649032618500257,-0.10093375054310566,0.9974909431332281,1.8357009074614532,15.583727184574133
069,0.15787336804960195,1.2542040583543828,0.036142616014700896,1.1872346615024183,0.2134728097119263,1.2318486928013583,0.008898054267806361,1.3670650918346707,-0.17068570397546248,1.2410852559290901,0.12831686267984568,2.0075878168409425
070,-0.09190733887762623,0.9102585254533739,0.024587690011777654,0.9312192736295444,0.11963935976514652,0.9142694104475144,0.02497509403982836,1.0802674072478888,-0.11770911175138665,0.9150506775674413,0.012437619927903888,0.7241812098236524
071,-0.14685414385003134,0.8472290912416631,0.8965960483211193,10.084037861311606,0.08040618958384514,0.8585697785309073,1.0081806840206193,12.896939108813894,0.04672551335838401,0.8318436292619276,1.245422524422882,17.12577320821107
072,0.24859719090896895,1.1539539820055549,0.501619759224244,2.959731848860807,-0.2000080593406788,1.1470071480249582,0.5735225367932958,3.14455111814398,-0.13579721228566877,1.1401458837105207,0.5656840083041131,3.0443330592490048
073,0.013703057011462842,0.6201027273807035,0.9925026371064124,19.2632012536526,-0.0022458411264601103,0.634103261141058,1.2270976926408823,24.738731354255805,0.0026237230519047606,0.6169606712006681,1.189164331482689,22.414932493065695
074,-0.1776011380564804,1.2009906956685974,-0.08087141193208743,-0.3935823269768113,-0.16944059515531346,1.190443233685803,-0.06765211833869143,-0.4184244123504244,0.10997189255342989,1.1725350160119377,-0.10053821659164769,-0.4338474651728559
075,0.1781025231385828,1.1554826921162333,0.23589678474065506,0.2511078755267224,0.28125037735619157,1.163695107725764,0.29727897665390046,0.49016494979124037,-0.16825970452843986,1.1602031487780902,0.38931760030799895,0.6180547605935729
076,-0.11077270173643416,0.5929433086281547,2.8248297507760207,53.074309759448866,-0.21304524663978444,0.6114935963847532,3.226722203276007,63.89096544357784,-0.10901577678596333,0.583410814854973,4.711415265610251,104.34993945732353
077,0.17709134071632937,1.2270554482878606,0.1865096173999852,0.04779520723565778,-0.14868086612598036,1.212375548456366,0.2746742872297753,0.22322466577009337,0.2164832368622436,1.2624855079254014,0.2837693608568465,0.269935304527797
078,0.02364462370160588,0.550457239401059,1.0750098886387986,15.453580194853746,0.07922660314407433,0.5660007135070242,1.058715228472937,15.99843089751812,-0.0447276552610139,0.5609834539588535,1.4907220657121187,24.767286143376932
079,0.11629806373852646,0.93148090281405,0.5944254065818277,6.691158859115237,-0.1953589423606924,0.9285042538760165,0.7711579659890445,8.942239882819859,0.08016207965602397,0.9283903007618549,0.9065267011982097,10.870242151590922
080,-0.17251427061643945,1.102031239701893,0.9912732584678128,5.513017810104476,-0.23271690392018424,1.1689964716844954,0.7782348781306213,3.5433887101997836,-0.125934701783584,1.0708181833343624,1.265753411324118,8.771600205931447
081,0.15251348564893255,1.2280484087098706,0.08095201782496375,1.0745048621874114,0.20949344688245453,1.2245387891410482,0.012636992219232094,1.4874609896720017,-0.24801276180479156,1.224621060466384,0.046629948003621885,1.7925955228862556
082,-0.18059484691779235,1.086807354341765,0.13226952272550627,0.0062390711282271916,0.15217751555503428,1.080945102699358,0.14706019196681652,0.06459258514313371,0.15920096798249786,1.081315066866462,0.1478129418818528,0.145772312861141
083,-0.06128623879525427,0.49213587035908435,1.685248907498225,32.69252912716047,0.039780259133817886,0.48654644310900735,1.7321192278619622,35.058169489588416,-0.08353078345043759,0.5097487033591823,1.9320189143065618,39.75001858249307
084,0.18975028723390125,1.1355299569821675,0.035513786133810954,0.4516178088774456,-0.179956852900346,1.1178951438793252,-0.06595573410114824,0.45898352267172404,0.23435440535159807,1.1634544495544328,0.10100625769268995,0.883230431566314
085,0.23092036485148262,1.205135049282289,0.34839832573841506,2.173934164751235,-0.19431164151465757,1.1705589017191624,0.4575828762073969,2.6395224362314105,0.27153020838854497,1.213440974660683,0.41497789996824314,2.0616454550691286
086,0.2272316558513681,1.1883869744956381,0.2778676633464047,1.2988438797511366,-0.1710360930318453,1.1598923012768212,0.3377208396033642,1.954269432643887,0.3171833680661332,1.18635117458766,0.45918619664925003,3.113765796191495
087,-0.0981969650552312,0.9582680242064202,0.015646781995783274,0.4553839971063085,0.09272146478866777,0.9579490488383416,0.15165053964537564,1.2321601218136644,-0.15104673063031476,0.9360542921628541,0.42512114060504774,3.0698877016100106
088,-0.19823765066251609,1.1039240401494295,0.1291931345686756,0.730815423974823,0.2507486494346657,1.0694911484695078,0.04783680528269069,1.9134536308057664,-0.1415686816984478,1.0834695886825372,0.4072394543020495,1.941142306131037
089,0.11363226129117314,0.8113882237170293,1.0432504848691722,16.527556214122914,0.07908404938110526,0.8188240693504951,1.118608633477527,18.66794484571877,0.07231445683221556,0.8233645549730535,1.144997608028273,19.588859572100855
090,0.009910822207056314,0.37932528544059263,2.122419467293763,52.04002000493843,-0.030344162211629482,0.40257701061846946,2.1339864895174423,52.136645163817434,-0.0009382932142789737,0.3691161742705907,2.7428758788458114,74.77186982683531
091,-0.22420047027886564,1.187512959802359,0.06163613172713747,0.8255665105717065,-0.2231150223943978,1.1847067557580924,0.004643404788209705,1.0663910713603082,-0.2046960609609915,1.2202293666243633,-0.036265208844370296,1.7096908535407565
092,0.08045684463695166,0.8623060708671223,0.5289910477284155,4.319908432711023,-0.11740099833894782,0.8533095673524976,0.7202294234420026,7.220283031074217,-0.14277220768637883,0.852640260119875,0.8760802885479727,8.847497976334669
093,-0.21696495474054547,1.1951535949495589,-0.3736227040976372,-0.015307298015450055,0.14644558699323526,1.1717025774526544,-0.31509670943683,-0.10712460722457617,-0.15341356241920065,1.1954952569314894,-0.15607098104736872,-0.223371233615691
094,-0.18807464441772248,1.1884839542432022,0.10195769095403225,0.6552270801595701,-0.24892604638658525,1.18625777311656,0.19234892113412316,1.093401832494214,-0.14462046229751252,1.1771799288009588,0.25735267687956975,1.0556020335334715
095,-0.06592926402289763,0.5318555263834059,4.1009298642548675,89.90596412001167,-0.24904372642867093,0.5413870608467208,5.035445968010633,117.92819939714856,-0.24033268201416466,0.5398800617720868,6.0248739920939745,144.447006493545
096,-0.07490362401960834,0.9705898097369613,0.05725810398073781,-0.1437692007275846,-0.07977624290568687,0.9728393910331263,0.08147057179286227,-0.11042688467503892,0.08732520481055395,0.9548694276195954,0.07439700135703783,-0.1013566508712187
097,0.16275243548986587,0.8517061813588189,-0.39825928280772693,-0.07535537558034422,-0.021399174356969537,0.8716061853707274,-0.2807997354284154,-0.0025712834787392502,-0.04295600352116967,0.8754029893846345,-0.22233141274220045,-0.0716027746021064
098,-0.14063855328708777,1.2263259439253742,-0.06180147874286666,-0.3965345595187739,0.1509280817608193,1.2147659107738993,0.0642699573107514,-0.26273608494438383,0.22325659066547027,1.213106408855321,0.1634636032085111,-0.027130460344178875
099,-0.1224732409102115,0.42648576038995123,7.379011371516959,208.83393096748588,-0.21487977881226078,0.43926628797499806,10.690977687287551,340.8120999542802,-0.16594914707335406,0.4409325390001244,9.561485817321126,283.1021190052397
100,0.1872280935267722,1.1130080569012148,0.29461385633979664,1.1338996839249553,-0.1468819760711095,1.1049679376879251,0.33473674894691147,1.4848316457449746,-0.22871175603807323,1.0894076909171282,0.2944019594560329,1.185608353984124
101,-0.11850025341924336,0.46171875445426586,2.759616544530112,60.88482369231954,-0.018583045992025277,0.48364674104266947,4.171776895733941,106.08265980865804,-0.14910292611136125,0.46934748970977214,3.5157273121735337,80.33663929315821
102,0.09658667949668524,0.8915766254600701,-0.073032160435602,1.0763947598940709,-0.09734370851505854,0.9017371265854416,0.014461860508885213,1.1261830604506287,-0.13497504261639884,0.8868974922849517,0.19936010208448948,1.8071537764435375
103,-0.10252330813045958,0.4264388199381202,7.609991021101306,217.56004550577745,-0.16440530879461984,0.4233055718130155,7.325654730214777,211.85606967262618,-0.20269285377180424,0.45240058753049694,8.985087019814156,262.8893316628797
104,0.35675637391673864,1.161049345208861,0.6233311794225884,3.3489476651518713,0.32678351390156846,1.0812073095886208,0.6738115955684869,5.0196395043260065,0.350534210582769,1.166284764399264,0.7661449372754082,4.44235821789583
105,-0.08000706639129804,0.8423618426493493,0.07961472791357817,0.3682496594515028,-0.11705436598888154,0.8508686567813574,0.1328670428928177,0.6302079841327703,-0.10155226545228482,0.8384010940671738,0.18302336482264248,0.8868698446576588
106,-0.17429640482451714,0.47014336628404846,4.718749641938647,117.71892477546648,-0.07627468870033613,0.47682700152890733,6.245000302041648,171.58191076769626,-0.11023894855169802,0.47097892090474536,5.47128949688129,141.38390287059545
107,-0.18538430824107005,1.2071179764943356,0.3486711935527211,0.829482564247201,0.22448845469057552,1.2274056915267566,0.21620249230214256,0.7729693256461863,0.2404131111306659,1.2305732271819585,0.36224396490198074,1.3676789706846026
108,0.10427484006410524,0.870681797326158,-0.007599854918745157,1.5722620368174276,0.12703617303443557,0.8673926594129586,0.13733094542081242,3.7708450912576454,0.11783201213344494,0.8691264623766993,0.30404521135383533,3.1373466620125567
109,0.09646515644337139,0.8748115262822712,-0.10712225584565559,0.5881265875996582,-0.07878748587945723,0.8920903656408872,-0.06967150247363908,1.0797761919950206,0.10252395181379984,0.8687825102467674,0.08827486165964905,1.3249290905538
110,0.31501649833315204,1.2462139609983036,0.3428346307787403,0.839843012933835,-0.08907973949203182,1.2062623962893357,0.40449686555868475,1.5377595476909907,-0.08055595051927132,1.217194073290798,0.5325238611237435,2.1122528499533475
111,-0.16998234163387077,1.2069113562292155,0.3255598242022234,0.8085565641898138,0.16613154395831323,1.2195408901349243,0.31182595671623425,1.3186108081252828,0.21899059979675847,1.2197948729699004,0.5204461336731779,2.307799823500938
112,0.22370281071066364,1.187176393610078,0.4204966647441786,1.6054291063209094,-0.21977669057688562,1.1408850882957018,0.5839131574502511,2.7651344976851586,-0.1089733126501084,1.0913971846088177,1.0240237952663767,6.838217831746455
113,-0.04477744087571989,0.567883179995694,0.7280825291470227,8.866520557626464,-0.03160461907951643,0.5886364517170632,0.3243862457270617,3.612101857146601,-0.09432155210860126,0.5879714616850055,1.9527972616475402,34.74525297205737
114,0.06641832503868329,0.4479605867645615,0.7232293928501003,12.01118515375445,-0.0008789827659025511,0.453572878857604,1.062707404469413,21.60794710734399,-0.04086788903922096,0.4480927823173178,1.3033751249856582,26.14634241107374
115,-0.21403042323812926,0.8397226390195973,1.434044327674816,14.43239424015269,-0.20718872195939725,0.8739665868570535,1.536355989228241,16.619477479197837,-0.24861085933904656,0.7825955905517993,2.4815377792148205,33.80661634138525
116,0.06133906478216687,0.9589157483049264,0.046212444091506495,0.5518503405029507,-0.11136811888781617,0.9811326369095262,-0.39875404450585916,1.00002246113789,0.09761253057117628,0.9460800144424362,0.08138052571734648,1.370943370578968
117,0.23637939544011247,1.1168087654388277,0.5028297829078652,3.1738050636310513,0.3057069901669224,1.072874051175885,0.5878786884478059,4.988009015055146,0.3422465376407743,1.1042246393635586,0.9616650237816563,7.984806248383453
118,0.09664534926841604,0.9073223691832907,0.1712937051176712,1.7839912820196595,-0.10196420998995569,0.9117208070131335,0.3845774170460079,4.386893728484381,0.09140374291923649,0.8962989622511522,0.5637195090761498,6.057561027984958
119,-0.13786421946966407,0.8422912535189447,0.9944202085059501,10.922370288998177,-0.1621538736015564,0.8443678374798018,1.1078452343689515,13.238465331863917,-0.17353683364673325,0.8158326843115868,1.6997310050602719,22.597689321836167
120,-0.21850327132603753,1.1992172992664547,0.22860173091804772,0.7555424244523659,-0.14680760954712635,1.2011294021736105,0.2359048474789245,1.1852532229264563,0.18991149257036105,1.2059983558564238,0.34092710011569155,1.3453464185481767
121,0.24509224798052212,1.148986306045256,0.40182070415202836,2.288944188016565,-0.17998137443305948,1.1315356591123398,0.4939788120567649,3.0705856575644956,-0.1374826177503694,1.131383585109513,0.4223114919971452,2.389528856597029
122,0.04826498642651357,0.8313950688119487,0.976919497392353,10.608424858338195,0.12211990233604396,0.8116265328240008,1.264063969571397,16.20013316213655,-0.15545886244121954,0.8079224844888211,1.5150081541459859,18.96509804583912
123,-0.10831247189546198,0.9044599575446207,0.1658776413831368,0.932968648647551,0.1401934130640127,0.9063955814791226,0.12977504969810144,1.2043631316718342,0.08054789743539736,0.9072577912534596,0.2516087011195734,2.465701408423537
124,-0.16390213974951165,0.8921657748958733,0.3490770482436121,1.641065374576848,0.08060519436566758,0.8971942404597181,0.32805071450427037,1.7417732028398136,-0.19018124462558367,0.9002411544930778,0.6154822963612278,4.149020716671169
125,-0.098291223498493,0.8370610606984351,-0.12477970724087742,1.8434157494002088,0.15892224107068612,0.8323355679134303,-0.26523881947260936,2.249798527311116,-0.09394519441023964,0.8425270022659772,-0.25077141222977306,1.3052891844044296
126,-0.15074007583632,0.8976881260469044,0.6168746964839338,6.104824005697198,0.1354610571085807,0.9163210905350803,0.634578677494434,7.393490978906865,0.09216107813299491,0.9062449252178525,0.41300290379154986,4.357597376716467
127,-0.10753378043672741,1.1481022440686905,1.0429192364070772,5.47025943541766,0.3956556946070323,1.2058811773245564,0.8683784751067122,4.995930572515627,-0.1283724615525155,1.0561677817266688,1.4597446944457406,11.903632226342536
128,-0.16995721284360565,1.178468548423062,0.00478515589240577,0.9169903082213571,-0.19826488237884765,1.1799670649507843,0.07272267142403728,0.9190485947720544,-0.20425129958211993,1.1796017164127373,0.14837417698037747,1.1119966227849947
129,0.18997730131547153,1.1222877509151068,0.31361458277095794,1.6219311882949325,-0.2022722632610773,1.0904182684422605,0.4682445124688049,2.544806124985638,0.21033606481951256,1.1380284145555843,0.39884992131003966,1.736958516309409
130,-0.19912456628056566,1.1691307966285347,0.5386797859087964,1.608072094250363,0.26770035325282093,1.1660159907398493,0.5458988482722148,2.454649554802801,-0.1614759488605331,1.1384782543310763,0.6952957990198703,3.1813772883297613
131,-0.19104640050981342,1.114557572049773,0.16776888317980965,1.2175615414000989,-0.18301545347752646,1.1139413502656568,0.20300219557772758,1.777953545992908,0.19382304624316982,1.1273364381595754,0.32993172864795706,2.7350427219314737
132,-0.1367732510849396,1.0748148826048018,0.15254186536616607,0.7320442416184378,-0.201198599882693,1.076534754606134,0.05929792711696928,0.9436343855284606,0.20304319606067822,1.0933167293410286,0.2511974887529878,2.158870948512627
133,0.1157509764484854,0.9028574206714018,1.0187947951540013,9.816413019887204,-0.19046130887518128,0.8848567890099763,1.410209661469085,15.356196547655905,-0.16209031303335927,0.8703136701264853,1.531999569726378,16.50088664643127
134,-0.2063691182154333,1.1713397321438157,0.08475631113445155,0.6535656474454101,0.2555005092075411,1.1669377095736295,0.1384374141538758,0.9720410864534483,-0.19836746773335132,1.1537308768329708,0.20476073769077985,0.9763286275620917
135,-0.1841944625751667,1.1530823102398569,-0.19013164334092578,0.16758617828549793,-0.10945903581584186,1.153126336000123,0.20478977637860107,0.7670863239248145,-0.12147443879180507,1.140808203579815,0.31715402193856507,1.1832067147401615
136,-0.15513603690669345,0.9100505635580985,0.4854512996943948,3.3556873975176043,-0.15286286011625397,0.9159610489773697,0.5312157329148522,4.155184306664272,0.04356573753597823,0.9064443829597603,0.6905385563801144,6.271959695069949
137,0.15624927015170478,1.2243096508590297,-0.009761566466180954,0.15427707717774197,-0.17242600565122482,1.228814996328909,-0.002980202457746785,0.186014739182216,-0.17178357775019318,1.2394765841947015,0.11753037665487445,0.21920421516921706
138,0.2566015576300573,1.127867272606929,0.481633171910367,2.096301087176151,-0.14592807418192327,1.115081736501348,0.4544289146342691,1.7995744803355072,0.24731489848347266,1.1304832078204428,0.5880924030893614,2.971900654916026
139,-0.1507334456403798,1.0781293774855822,1.1643860525871952,7.997118892137088,0.28944739625342114,1.1208928098474036,1.1032115858349394,8.726028098031954,-0.057649631614218204,1.0460445705973902,1.4613526103204812,12.555186423296485
140,0.10711393313329635,0.9535733608060616,0.3376456015469383,2.6617937866704517,-0.08934893004516711,0.9746510066754833,0.49788087159127065,4.196621691140139,0.13774826225930606,0.9475648173875515,0.5682557544068948,4.750899654955451
141,-0.0775359535302631,0.9236295392928098,0.018480847629938454,-0.008048686125930349,0.10090383384716867,0.9327993503148795,0.06808624917281883,0.21079880418676833,0.1063932870523907,0.9114267513376546,0.1465027767146617,0.361724220973517
142,-0.2022911539937193,1.1972456537349856,-0.029071156966246667,0.5314786676152692,-0.16112799190083016,1.2052516877723582,0.01130951738495155,0.8299569198331374,0.22176533711634988,1.1892722887618832,0.26335517316822976,1.284977880015994
143,0.08677567254721948,0.7342269795676484,0.481017014098974,4.9615771553690555,0.08358682909959382,0.7478093738885996,0.6916202336680412,8.301796939265701,0.06207234541863269,0.734708339088579,0.8800818101543394,11.327742300569245
144,-0.11758547019041218,0.805391122657412,0.6223350195076849,5.064965333843876,0.13088422231743374,0.8072566760938631,0.5675621891601844,4.768894912628553,-0.19729787072818664,0.8014014982053892,1.470988737493731,16.608495188915793
145,0.10040279763273623,0.7088599766245179,0.3938923290194411,5.848229869747557,-0.07501884658549514,0.7109622502721868,0.5276223660107459,9.447127935596434,0.08724497450534953,0.7015888491178279,0.9400943676429996,15.217465667730817
146,0.09408545551784982,0.9449790615071055,-0.12453669927591587,0.9579136448291092,0.10023380770722906,0.9634283275962761,-0.14342352790671292,1.1275128826587792,0.10085451499083181,0.9446314335993347,0.18235149918464044,3.3910843351426667
147,-0.1069782629255501,0.8730086449612332,0.20949315184313047,0.8559951782425324,0.12676502420036254,0.8747510600378138,0.26802516913474483,1.3362931744134139,0.10661078414579585,0.8726010161101557,0.2797476462700364,1.424039321152013
148,0.06703596975188031,0.8917063584030827,0.7697937934826254,6.545977247589448,0.11457120801043504,0.9135710650686499,0.7755731175757832,6.725953377657062,0.08803954526537656,0.8800678764737231,1.0617073454001595,10.737018128308051
149,-0.10099936028594768,0.4590261272411902,2.858197382947913,59.96141830768354,-0.1134773915904214,0.4602984086763455,3.1619751610337605,70.18324983891107,-0.07816458621537811,0.47672682357478724,4.836108506861256,126.43073238057602
150,-0.19843349514473707,1.1695487963362317,-0.20807438563490796,0.20655176564085354,0.20293839584945333,1.1254992323136073,-0.23550372633189484,0.25733894545106706,0.15850755818252668,1.1536612292538662,-0.1196737875104825,0.17361616412458458
151,-0.022835522693563877,0.49119484738683256,5.206062733315767,126.5630464335488,-0.03746122186096079,0.500010721805474,4.951939591751183,120.25333480003744,-0.09728208236175633,0.5084058851519413,4.090207750374427,88.7641242122629
152,-0.19792307847007654,1.2404102887955024,-0.09670044102916306,0.5469307989597887,0.23243209608173818,1.2364336982652373,-0.06358618749162678,1.2066425664339935,0.16515563382706192,1.2329856698158628,-0.03473112809445422,1.4076494113009206
153,-0.15097513976403365,0.8384285502012804,0.5883822917920933,6.077677388973104,-0.15656400189316308,0.8534937138716855,0.7071285764592257,7.6430313904378515,-0.11021958183193092,0.8285435811750405,0.8499089667575177,9.808671245017862
154,0.08475635349345564,1.1982917029304363,-0.23804449526498275,0.30485436185695924,0.1308049583533171,1.198542994603832,-0.12449284600294395,0.3431969470929377,0.11267007448351252,1.205779399705699,-0.053893643406641954,0.20926284857707422
155,-0.11924600400413272,1.0246066748716398,1.4037733619989776,11.291520854446395,-0.17182985508529705,1.0095617811224142,1.600582785056576,15.153322500118808,0.39541675337806687,1.1391587457735348,1.1012158254324496,7.926179039964618
156,0.29900155114004984,1.2453809585712114,0.38158906314075763,0.9606169455789364,0.26201504715718893,1.2561663072599856,0.3953986499655257,1.1934786216799118,-0.13255516487557562,1.220865471854219,0.5953031830686252,1.5238392248907262
157,0.11048779434555564,0.8299840439141601,0.2833956529927816,3.728501723147585,-0.09423029989197323,0.839268453815267,0.07066857591812091,3.485920220845773,-0.11851433579888168,0.8280192410559828,0.4643460356503317,4.689491104203662
158,-0.11515211791099383,0.9136582965351906,0.6245190302144314,4.662947070176712,-0.1530999767267605,0.9437757719128814,0.4908889744214344,3.8090948810299112,-0.12708056300392964,0.9137432197311387,0.6705761517990353,6.267163712296158
159,0.10214167278508411,0.9351015625068503,0.7110108911884891,7.860472187659045,0.10003264913193073,0.9512562218803048,0.686278342877201,7.2559067379679405,-0.13753713580402915,0.9404761893460432,0.7551889105503551,6.626163763527888
160,-0.13212769235149097,0.8227253488885368,0.250740649177401,1.6173480405934422,0.10772623959407102,0.8169362328038237,0.16689433876065757,1.3710610655686253,0.11734709495568459,0.813519709984706,0.23623634160402737,2.1903750924275016
161,0.28740564591103984,1.2069026494882855,0.27841217158241954,0.486457265289844,-0.14510181187463442,1.147507839909772,0.5406162938273179,2.0363769388979565,-0.10405687109111066,1.1844240376429012,0.5516120451139958,1.4755267289346339
162,-0.0696508888219583,0.9094057265483855,0.012486016089552663,0.21753385438453599,-0.11248778165755223,0.915964462996069,0.16163141733364983,0.8676583326415437,-0.09831431191970215,0.889746253973878,0.25409296864464914,1.632645723970212
163,-0.13916582502037914,1.1116974104834705,-0.04795869537343212,0.22414458938167003,-0.20666783912251202,1.087732312924243,-0.1418601322273286,0.4481242383689743,0.212031243564268,1.1070479320465971,0.11376768304379256,0.5405670271802552
164,-0.14395939349119186,1.1545332649081226,0.16074196918534506,0.422841577590809,0.27075681015649805,1.1508196799266002,0.21000382839258194,0.7869573973808679,0.3003282548916787,1.157861038445154,0.28052883335493983,0.9915207339443861
165,2.597681287355069e-05,0.43284219625923626,3.3321759889459757,85.90180148436413,-0.10468553807009304,0.44253369990832403,3.0443900701349476,79.52417317696909,-0.13651625111140167,0.4570140130515166,3.9857878382999306,101.60469186908131
166,0.29009098871745764,1.1919728756927388,0.30249986501091497,0.9868566690787786,-0.1913308823937624,1.1448733643800322,0.4506902671268191,1.872474259082666,-0.17908536245388737,1.1274047578027189,0.7605646766738703,3.8915731909347944
167,0.28414229280647846,1.0805257419771188,0.34268635002340864,1.405934896769315,0.26585572850171435,1.034863289804304,0.5354129739621917,3.4018422561548096,0.22152567782561003,1.0902729351079197,0.5889498953406807,3.3281007748858933
168,0.1003776157269775,1.1009979581608342,-0.2751927229525374,-0.1790413752968103,0.17487513307898392,1.0833609111409206,-0.07612601619310379,-0.2340048916014359,0.16500225266391882,1.1062985375454293,0.020186880748183467,-0.1471328227662676
169,-0.010212825690414967,1.1970547373878202,0.8775243708354658,3.8520883293727763,0.4351473157303245,1.2793535054243388,0.5902070780877215,2.1652564045052642,0.410848152583776,1.2530329633313027,0.7285446860487425,3.268990712585854
170,-0.12475323177901781,0.7236740431307721,0.14632276093715,0.2562646489557787,0.10134254517667363,0.7134492473678666,0.19465058191019677,0.5663622419848746,-0.125285004267828,0.7043087115627887,0.25909408761126157,1.1072701173532007
171,0.19065380047507874,1.1753992159459872,0.1314201492822729,0.43554909585824975,-0.2394958633418766,1.1686397221659737,0.18830041621940233,0.49771536215029055,-0.12975947280359598,1.1514576848452638,0.39861293972674905,1.9914859327868246
172,0.33869158301235114,1.1311020266726264,0.7304654158335473,4.193529897836865,-0.20050918206029372,1.063894557316749,1.0838427288305812,7.8768521382390695,-0.1428327058146962,1.010887486866939,1.4133806248512306,11.787421196890929
173,0.10567078499212967,0.7817144640540048,0.5680260499514337,6.602059205672601,-0.09506825583511921,0.7955204226573399,0.5606706627252691,6.844724012297615,0.04154922198275662,0.7827810643832493,1.0362746461824892,14.2372415885822
174,0.04587373113092627,0.557401101866843,0.826687133503124,13.56645875691476,0.051207507465603014,0.5759576446776202,0.9558784620296757,16.78320799757936,0.03834739654190587,0.5457171831469764,1.247686054924984,22.01745504587015
175,-0.07478638948922377,0.8376238139495679,0.29377434756672555,1.1857385140410317,0.09231838314167755,0.846481695411073,0.35168304975033166,1.6883694502342665,0.0816702901526488,0.8330989309755962,0.4051627769561798,2.3254902562239677
176,-0.1765841757870784,0.4553655044736483,4.225227551429194,99.97602784281312,-0.0903293242926497,0.45421738652499033,5.19688111688776,134.69322362622654,-0.09783090428834768,0.4813363830989603,6.404464620490459,167.27160005804993
177,0.20377767665562363,1.2126954784446762,0.3119824185100576,1.1293749650707712,-0.13712389771002914,1.206123900807007,0.3038911187096678,1.1871538372997517,0.2140044323165937,1.2112735731222304,0.3992452081687922,1.7067202190670905
178,0.10502253815896967,0.8833570808092257,0.663721754544538,6.61876392675868,0.10148062946289134,0.8777300296758829,0.682504711121858,7.537298309690355,0.06326186642677059,0.8834249614241939,0.8662434111210279,9.332520848952075
179,0.07406395956941862,0.8643504145368186,0.2669783279057651,0.9413669230475916,-0.09296265688674983,0.8808748796404045,0.3595736989361819,1.6355699801759718,-0.1137858956783012,0.8574925407336335,0.3656957998524012,1.6406610249759117
180,-0.10652899679474812,1.099215020096888,0.7042527159184072,3.8244645802481134,0.3443669830768281,1.1257494462657474,0.6093382121342769,3.79402225911703,-0.09746734074043878,1.0838868779921496,0.9452076316706816,6.237923343311294
181,-0.16331322069160348,1.1418388422987424,0.7853461476860659,3.4886938526320606,0.29716440518705367,1.2028498158216718,0.5349324982582964,2.556624669646002,0.2739245134747333,1.1904881823628988,0.7103251522188789,3.5467702671336685
182,-0.1551710129288361,0.46500070692879336,3.121445887994653,71.32969264801858,-0.06002791758901778,0.472996451192837,4.204104576810461,107.72698218640537,-0.1570036713773624,0.47261432857593566,4.26229296358096,104.38022770023547
183,0.10713284178759049,1.1676738227233656,-0.42048109827155017,-0.007308978866538585,-0.21669501327158366,1.1926611187001095,-0.14409609655149122,-0.22714362432882895,-0.15399523431050233,1.1959839305626832,-0.010631123736533821,-0.22694997773641123
184,0.09589361950574264,0.8327184568916745,0.21688734482763308,0.9386316604442855,-0.08254496138052038,0.8467153928970407,0.22146772324931702,0.9607096590489195,0.06025332769147716,0.8201491101939207,0.5599599447255305,4.634188323064572
185,0.09289395276028192,0.6893032889418917,0.672696412046898,7.810053136766236,0.08591985008981859,0.6873341084654562,1.1026729144614935,15.609842539718443,0.11441036624947452,0.7061271815750173,1.1061093264875048,15.295845885668147
186,-0.13121263253163865,0.40640818777556775,4.995359154795491,139.29782175915813,-0.12769354062165633,0.39707082601194127,5.230496417096335,153.87807153219669,-0.2099243181050772,0.4499141678490576,6.576409858909928,178.26983456060708
187,0.26812286309729894,1.1056900307509867,0.3639209701540923,1.3699657667302665,-0.18994331096172778,1.0621250854087396,0.4788074023902126,2.219646725002133,0.2631071948452882,1.0992004647409586,0.6374291950562104,3.7873579648425943
188,-0.08359485948085583,1.0703953352588478,1.5475441862557415,10.247812456695126,-0.18607882985178872,1.040283651315963,1.882038723599822,15.347535472192028,-0.028769045091515535,1.1271463745899881,1.4200463921647475,8.221838503105909
189,-0.07280882913928131,0.39488607664300096,2.6471334377959272,60.82678191678066,-0.032647992001660325,0.4049730042843434,3.104509018377634,82.39749372211523,-0.1377214851098688,0.3886059771765397,4.798966772967438,140.78340299536168
190,0.2221721061459731,1.1182260374245483,-0.0712946456441287,1.1308330194672944,-0.2157978686252761,1.1260765913817423,-0.23811755132362283,1.3717628500078307,-0.30790979441842525,1.1790850797998411,-0.47446084938980937,1.9308059474649797
191,0.11942002684342606,1.1908702660941117,-0.164653827237081,0.6093065726916449,-0.23133693164726252,1.1906384036262505,-0.31289152407884974,1.0189698590101974,0.21984345128221972,1.1896597373355116,0.15923105708347335,0.9380781064218544
192,0.28676046302650415,1.2077587101391727,0.41531140805363126,1.3652871008346184,-0.17111197011628088,1.1937567004884608,0.5259040981264139,1.8754027951053152,0.3355463761113947,1.2107461310684533,0.6167263453045946,2.878778435012551
193,-0.06934241211821617,0.47242235651062625,2.782955510422872,56.45341874942729,-0.050192933897489904,0.47915050061781544,2.436937837918048,48.31523108885049,-0.11192094568879016,0.5266300661315645,4.029670682753533,91.13387187364638
194,0.0971491768170911,0.8126969431107017,0.2980389032129433,4.160804941524257,0.13037624432109188,0.8278749002856376,0.3942432316493276,5.987673568207338,0.06617992140593888,0.8091350886032187,0.6220021032851425,8.258062012697087
195,0.18260993005827775,1.2069527589211295,0.13984762362681458,0.5290702135672074,0.22990207183473713,1.209704245221564,0.08613181985364039,0.6281042620224602,-0.14282462584637817,1.1922279022316478,0.2599043433006635,1.3179936829163488
196,-0.19920720159360913,0.4817800090364847,5.842994120220655,147.45353629336623,-0.07015494693598648,0.47721227789403076,6.0533605610229415,160.4452716248698,-0.1300763998542608,0.5065044104538075,7.8531261518542355,209.80067886147157
197,-0.1979341661331832,1.2318897071922554,0.01882271792027938,0.29147942147551786,0.19365558877061578,1.2357696655793917,0.036802879080741674,0.4621341617428345,0.21782862750003085,1.2377865809464017,0.1396671216009639,0.8662352646896374
198,0.18912372667623303,1.1351632935947698,0.1467797211850943,1.3112005430190852,0.29108408994384927,1.1377868905828448,0.20873528129442528,1.7166301457787219,-0.10420145644866528,1.1250291471666,0.48249241856964814,2.9152891524691498
199,-0.1019999537550436,0.7951913988686545,0.1562066071030903,2.1150890527798785,0.14866207131546122,0.7756287343691161,0.11454344874554827,2.644267979443784,-0.11825555150705949,0.7713448617917957,0.5504709370753094,6.159491830932762
200,-0.1504524769711546,1.167557118295893,0.39853019009761387,1.9020893444985019,0.287836406381659,1.1665187914102289,0.2829441140672116,2.03834476577296,-0.19530491887436344,1.1638721290165344,0.3869379447859517,2.7841463362769376
201,-0.03581339434182254,0.5020162539570988,1.6441396020524799,34.723672353910295,0.055737490145431154,0.5175718462793145,1.77831658295243,41.37289373442815,-0.1020909316412347,0.475014868418987,2.771428731417355,67.77841243311957
202,-0.1216729181362967,0.7702184706614006,0.8485396106797984,9.101177012788925,-0.13084656513876727,0.7940868293367029,0.6038665871144474,6.547729124343546,0.040357225263062804,0.7397451556546687,2.068072171032812,32.60177070969679
203,0.26064881152629354,1.145950145452567,0.439272638140557,2.9051226463101365,0.32579452446089874,1.120705258204414,0.45943029090767235,3.6837597654339342,0.24675415426332084,1.141737277667991,0.620194941105199,4.681380713491604
204,-0.12614882679635767,0.7308764718981438,0.5059325609228481,3.9384190638822867,-0.09520757836795947,0.7466330029564506,0.6098727384839799,5.509667801018329,0.07853070012769425,0.7402300604131107,0.7490374615850488,7.596116565804394
205,0.2036501276324255,1.1160580422056174,0.3625883634518146,1.3516992289255247,-0.17194139019848045,1.097352244672392,0.47513595641612666,2.1522846360135555,-0.13873201389741557,1.107567460452047,0.48826702772503056,1.7748622902641102
206,-0.16837777580262775,1.1818346049135513,0.4504384116499399,0.7650995415322535,-0.1967411081779121,1.187594437648521,0.5494912124846365,1.462604750057091,-0.1320799735920624,1.1610105964246757,0.684050558987897,2.109609670633751
207,-0.1635347537293571,1.1461097631784538,0.5339824953968664,1.5509572497288948,-0.18524216849640932,1.1246829550697828,0.6651833771579216,3.0682097665745065,0.3468709779319449,1.151998369785822,0.7804627568194055,4.169983774653369
208,-0.10347882041542877,0.9485309206297541,-0.0036571324925923207,0.8042571421778089,0.08771196440691482,0.9508583908900892,-0.00501408688245798,1.3031955590105007,-0.10328830299587302,0.9270974249446713,0.37458465156676046,2.891548205200758
209,-0.14105238905116446,1.0554915821154884,0.7581358518301087,3.7240448525035204,-0.23375934200425114,1.0203926616430143,1.1294101650040493,8.352554101444799,-0.12331609512711103,0.9883214139953003,1.290918031504805,10.644101199728903
210,-0.21906798838048394,0.7893293808589965,1.5898901719304146,20.531117005261066,0.10139198890791927,0.82075502972876,1.4961788281088566,20.667001929378614,0.08669226222747677,0.799930128112285,1.674966452886476,23.879246370522125
211,0.09615749631123928,0.8071458370205636,0.2944893796229346,9.37612262329678,-0.13327472711717275,0.8291214873694255,0.48092169116235134,11.442543540433666,-0.08047797490931335,0.8088545543827286,0.591008394413941,14.61626627390493
212,-0.1266520169424916,0.5218537409054953,2.34547456104815,46.458407511396175,-0.009222523783007633,0.5347017956370275,2.5547499765452,53.927196548863236,-0.15347641843568463,0.5308047820506455,4.216319775745198,97.3817721261543
213,-0.20635432859253244,1.151583688439772,0.12802969841048778,0.7256556840189345,0.26408238521025934,1.1249844472154644,0.07718759496658145,0.9138663867302164,-0.15791474757892543,1.149118342239944,0.4883730489067384,3.2177046825052464
214,-0.0024742922381185035,0.6045346897324735,1.283655215292264,18.2460040645302,-0.009400075741024017,0.6170167553409631,1.9311617133385115,32.42344900238521,-0.05011161104925126,0.5911859923806945,3.0941768512956,60.547099199052155
215,0.09495020951290639,0.8850997697908765,0.8784757347021969,8.405093885204243,0.07625428461661463,0.8849518082423847,1.0903431240092833,11.716799614910087,-0.2407532949472211,0.8633633311374032,1.2030810901929878,12.096528179443279
216,-0.16754391407543637,1.17666260133448,0.4239472352807102,1.061242389244888,0.3136143041260537,1.1725941144389376,0.4823805903155336,2.0689488950187274,-0.19806347050905818,1.166187490465395,0.6181131064024226,2.1602433139304704
217,-0.1398637315670968,0.8215465872460668,0.7604318771687242,10.895127273935945,-0.1206979773651996,0.8353287355692646,0.9176493160215293,13.200597583582077,-0.14576746724049172,0.8141167542052233,1.1814438856097573,16.023090664258184
218,0.06129690999615563,0.9406117664383393,0.4821313181917283,2.716786261300963,0.10722467879519819,0.9628230124750753,0.5536129580602562,3.6058182667151675,-0.15659934353648494,0.9096302887560523,0.859773817451306,7.202758534105088
219,-0.18052218954373261,0.9386716439084962,0.167663362688382,3.7472194223603115,0.10756951555377091,0.9606889530764668,-0.03975598910129847,2.8544251671569167,-0.12715922698502052,0.9533026098906563,0.15285113610213744,4.9823242352986465
220,0.1585419813634738,1.109919957715883,-0.39153853240138586,-0.22121323757624278,-0.17843470668851336,1.1440814836855497,-0.3210838413993592,-0.26622853533279445,-0.14982825600556518,1.1473888962950762,-0.31361007774436656,-0.20657202602882663
221,0.032176785167325195,0.4692684323730892,0.8191531833375811,14.570716277884635,0.10441252383294775,0.45787308789523884,0.9710217300624564,19.044126445965738,0.05608886843655955,0.473771294423808,2.2721908868394918,54.704917872971585
222,-0.19450126572040882,0.9493127178254485,0.48519389056210205,2.2238818484536473,-0.15255002665261908,0.9525354868857209,0.7275004058797647,4.893066451737281,0.07487082368020921,0.9235040643184678,0.9446928269381938,8.057445404104119
223,0.23275073550210593,1.1705965845979647,0.15386815141642296,0.915322373406191,-0.1573782563385976,1.1193664175338665,0.3417079626042134,2.455184488273641,0.19887055966776368,1.1626408426592856,0.3660294343526382,2.1523064766912894
224,0.13507534628580195,0.8620043257167632,0.448740045769968,3.177104202682412,0.1543121372360123,0.8820123803427048,0.5393405718962575,4.435966160184471,0.07875226983055257,0.8792297109202091,0.8577003228171226,8.142310284669367
225,-0.1996672773375245,1.0801666199207673,1.0035375000350566,5.201637404233788,-0.2223932470114981,1.0309713406920624,1.2310056198437342,9.297871865429377,-0.1689549851096158,1.006456796329096,1.5773209186956525,12.6825829356445
226,0.18300493192280975,1.0678708948026248,0.04787123746309035,0.44871366782155153,-0.11734600106950646,1.0593994890129415,0.1372830227339706,0.6240074448605144,-0.17277920695569132,1.0598960654114271,0.19805720362858384,0.8513109612245344
227,-0.13895914222710615,1.0703033782202762,1.0596098985234814,7.205912751399417,-0.12280188712252603,1.0786180500064648,1.129042151608578,8.807203135856783,-0.10613194603375746,1.0927799134862872,1.1128631137586924,7.62753980477992
228,0.10712836231568584,0.9105476873365208,0.2940507570290938,1.9721850670056194,0.1270034599257438,0.9190999508613099,0.4399708323816843,3.52079955997526,0.05917905605707068,0.9061886121826509,0.44480209609816695,3.160556474934446
229,0.09940651373434951,0.9304355015097303,0.11745213494818071,1.1224083222251444,0.09981298150059147,0.9524781196290147,0.168905131777222,1.9067307229692787,0.06430564261236665,0.9254498112001424,0.2813083675066822,2.1925007487569923
230,0.1161993479573452,0.9642727640623872,0.18440274539698126,0.6646817658422228,-0.11300897584711138,0.9868269141470017,0.2647736748893264,1.0058703082861404,0.06205364912376574,0.9602319073171247,0.26806791609424296,1.1114430422122634
231,0.0347543374886459,0.7607732470281346,0.8482402507980199,9.958951503530772,-0.1324762490196232,0.7481638253871123,0.9728038770259765,12.551402104810634,0.09747904504015362,0.7637864166254836,1.1173237087521728,13.98712923053833
232,0.17053661461126587,1.0473340813766214,-0.05022725971216682,0.260253001480907,0.19002978646372048,1.0550139719012805,0.03685807842528802,0.6275583936137883,-0.13010965312241102,1.06168675270399,0.22727924778332242,1.1287201107556744
233,0.26981270851536204,1.18236498114231,0.5211654909267048,2.3941428966395977,-0.21384062415419794,1.1639890089213665,0.555860286200598,2.545310516278966,0.2864024308978271,1.1777367174219897,0.6536155874577891,3.6885578322445145
234,-0.10762453647578879,0.95145666471314,0.20036667784893736,1.7280430506472921,0.10852260460131379,0.968456462082162,0.27623374038988124,2.413615892935593,0.036579130530356496,0.9368265225918194,0.43267963403714566,3.906734378066341
235,0.16066865935351404,0.8155333447765993,-0.1138479854562815,2.6192235124438845,-0.07121460916646603,0.8419369553054799,-0.03275040268385136,2.971374485735879,-0.03827409097442326,0.834121336825246,-0.058229651151619585,2.1646994667934516
236,0.24870484678611854,1.2311280778230307,0.34319102227158493,0.8864687566003551,-0.170744020221157,1.2036566695698079,0.3337005722824048,0.7854172564405113,0.2529681448206308,1.2332576578438064,0.42376198403877996,1.435651600924304
237,0.10076153798369115,0.7776233497452645,0.5934520229878302,5.337465251414205,0.11649854690194639,0.7789789123281858,0.5881948500807476,5.750965949382897,0.05148574195337442,0.7848089227884915,1.4238342779414983,18.60945728159073
238,0.13826864613921339,0.8910743620773358,0.8368803823383829,9.684253753800531,0.11099136643975106,0.9037135665695286,0.7550283753225031,8.808625660960324,0.15084184982305607,0.920442313878617,0.5909818508268833,6.017990959758157
239,-0.19164196167296618,1.0508569183445255,1.022097595468884,5.7278906108685685,0.25444770756937213,1.0910913934991546,0.8620201117758214,5.785830903468613,-0.23624478605662663,1.0206202239158877,1.2990538570604104,8.417182001095192
240,-0.11188203007119647,0.9009136008332571,0.14779617878106868,0.5469552105343278,-0.11896922299168265,0.904757739957448,0.24076733321964147,1.2107268021847881,0.09898269127738679,0.8911078828332333,0.2098920932009398,1.1417133127503227
241,-0.15122785996879376,1.153264005202543,0.04991363521955757,0.47557012092269213,-0.16381441538535604,1.1269544209933136,0.006329656659651446,0.6690729963654518,-0.09175156494894159,1.1434214162983976,0.2777165696500155,1.3841231989778766
242,-0.09565129173368493,0.9276918515347541,0.4581615073385106,3.0484023842468355,0.12493446104197484,0.9257026760868011,0.7104162478272101,5.850455588900031,-0.15353439305983957,0.9027793602559104,0.8355730558399194,6.674315018500685
243,-0.13254526967034355,0.8652968281404169,0.6018646932381501,4.364128152223187,0.12058867381584597,0.8890785664731193,0.417600232671884,3.0053898433499313,0.0595791897337417,0.8621299213280039,0.8108754374646342,7.370856026243832
244,-0.08225723685534506,0.31968203850972676,7.111746060031841,189.0063649729435,0.01621081349568942,0.3076530436628363,7.461433809033246,206.62124720325977,-0.12034029336915934,0.3839973663277021,11.014337310780459,332.33726942779015
245,-0.10285345531201685,1.1550387563763413,0.6588050568103387,3.1258521452525585,0.31293679590770757,1.2042094688321041,0.5761798787134319,2.8873786857367936,0.25542002203652303,1.188333539391302,0.6419393270031206,3.1280778401878164
246,0.07958603088974771,0.9040601530078667,0.4381152997484446,3.7416637130708876,0.1489389968186392,0.9234868265967026,0.41462697801048226,3.587955301648697,-0.13741384515309138,0.9017564875050701,0.6027370902744854,5.457380503860822
247,-0.01824950145951511,0.5836623018626741,1.4822431678671129,24.538673884272495,-0.0022882361447918477,0.5989926474318689,1.368320833016369,22.339799465966806,-0.004767470511890087,0.579182390962136,1.7801728665222734,31.50256083844286
248,-0.024825844216247166,0.7545846036547154,-0.13886167863200102,3.191571768153313,-0.026396451840134824,0.7519369828237822,-0.059261997917179565,4.365008135196662,0.1302659944920098,0.7687794249767214,0.07143563053457974,6.297615340324313
249,-0.05475641385238152,0.942089397998472,0.0174606380022175,0.07007459754093137,-0.07589828115981954,0.9418203493700398,0.12694375420113516,0.2444763252008526,-0.09283052232038706,0.9308380454649644,0.16896395400670808,0.36110181749174863
250,-0.19075148247170573,0.9317319801636824,1.1529107698123924,9.32142501321187,-0.2564088539523587,0.9514101208723111,1.2141730266943296,10.964547268339626,0.09195455543803745,0.9745813593990557,0.9683131840829136,7.216344094711394
251,0.10443385377630031,0.9555668207595271,0.1220553168595589,0.4826337516185917,-0.08998654066523502,0.96694541190982,0.212090801044386,0.8231732338543591,0.09810915237687737,0.951129728360764,0.21301976321472538,0.7643410762187153
252,0.1337946454815859,0.7324176469436444,-0.0740176014868077,1.5613863939361607,-0.06502112599831288,0.7523200526803274,-0.24769347290983207,1.342195735989037,-0.09848239597351399,0.7499265225860248,0.01796683978977036,2.866135318065207
253,-0.166839192300992,1.1617129157935147,0.41920161845671294,1.180812383684291,-0.17862563885173324,1.1386647196040403,0.4909706615872345,1.9334915516335407,0.22782414089082018,1.1929061834585926,0.4798446509258618,1.6447708992042882
254,0.09925892460342392,0.7769316237865264,0.7186877889583355,7.209268205290623,0.05422081596249824,0.7702073732813928,1.2714775836130563,16.745669779519574,0.05227705690281114,0.791487632196922,1.455252405546111,19.07654372398033
255,-0.0865299722979589,0.8115905382148269,0.2983354047005822,4.01533677691492,-0.1178347382409546,0.812095880834529,0.3723906292608675,5.287503192767623,0.12248670949441155,0.8096470224371249,0.2753477336495216,4.292143879948919
256,0.2582580594903967,1.190370838835325,0.08804689235125539,1.0261424150214067,0.2635956571385829,1.157455509500506,0.12927503846386787,1.4175482665388062,0.20347920361538954,1.1972375664218713,0.29051810812937934,2.525702195155344
257,0.18987809824738536,1.1151606054944392,0.09977054520169157,0.19670316562714474,0.19402875321816196,1.1071061058115406,0.1375711383235026,0.3712042825925197,0.18507710160735516,1.1290247403385236,0.2253321203445955,0.6046009410745898
258,-0.1741308924884293,1.0409118647082574,0.7560305593794303,5.739431210198587,-0.13280958706715384,1.0813470883191778,0.6380204016586302,5.203706826552537,-0.11030409521604294,1.0455712694333856,0.9249622983596543,7.6154695464644515
259,-0.22298709596799288,1.209697543240374,0.06686027278344862,0.6199992208407519,0.16576144180258937,1.188171887849913,0.022732790804295792,0.7578681975922654,-0.225178045916736,1.2134850473792402,0.10602024930581336,0.8876358737108774
260,0.15913990876354892,1.2108977550406164,-0.0718193001720462,0.46973841473342404,-0.21251455514201975,1.2220569740584906,-0.034126784736251824,0.5151405154599469,0.13075116892990962,1.2159779456123572,-0.033170044381843844,0.6646726839223756
261,-0.13746971956987297,0.8070119269258571,0.37629260071300513,2.149455965181458,-0.10256716979879382,0.8123946267141977,0.5317249642780728,3.928225635153466,-0.1107218653703074,0.8175834046926104,0.5755538303740616,4.477039708797797
262,0.20412098067219828,1.0718844578812634,0.38273653997855084,3.0430310588237566,0.29874661766974564,1.052458613253035,0.4185288871975312,4.120421377139108,0.2849726825462665,1.0952200388875353,0.46369425588318136,3.2319609592299674
263,-0.19309503201334968,1.1131117018267296,0.49781708606737607,2.9549381228335836,0.35263937153283387,1.1432142080246754,0.42449719904944305,2.9043552387860254,0.38216279417718874,1.1594270806082563,0.5722425235133716,3.6710494449362665
264,0.22191206371442787,1.1244929151845309,0.561876338199282,2.6189115312340947,0.23176089505889436,1.1340156497600535,0.4909721021877834,2.356170193413063,-0.13935156877481564,1.0566566671687019,0.9801899188848299,6.465434323323931
265,-0.15216527706809851,0.7525834626311557,1.0664199588743437,13.690751674894205,0.0701821927233599,0.7320932787987384,1.2373566924307364,18.165187566624937,-0.20672412173492571,0.7401985809757652,2.0151573844853687,30.471949684386935
266,0.11569394526949224,1.1954325701312638,-0.13987311817850592,-0.14110179158844183,0.15493301533759618,1.1872565359039893,-0.06194956733224289,-0.10331512198556725,-0.16845620692872976,1.2135620734509396,0.0143915852565655,-0.11585240489430149
267,-0.12338913788630794,1.123751465516662,0.3575266018086577,1.348307501564869,-0.2252761590705952,1.0855754737493963,0.3940492627587271,2.0801697099325223,-0.1985844123698881,1.0950357558564,0.5423865149692438,2.6884036524491357
268,0.06864609904250288,0.9691492261540727,0.12943254481784414,0.24466873500591202,-0.1012798915115733,0.9980301006035669,0.19033491397645239,0.5387246902734444,-0.1409728289011399,0.9712131760210725,0.2607576123064446,0.9682818159659856
269,-0.1983667870983843,1.2118925020228128,0.4172780019853306,0.8373324782537623,-0.15947767357425166,1.1932879776279344,0.4598217828800995,1.437888055892297,0.29293580359075994,1.2495108158573165,0.3735935827771544,0.8538102334826694
270,-0.1011434452299987,0.7676464159120223,0.2218800310563907,2.0522812240527104,0.06797562175748423,0.7808728597353982,0.2897387009960952,2.8027467690479817,0.12509932969482582,0.775736634132931,0.32186276249778484,2.9186431978871488
271,-0.1964686158171407,1.1690746913988224,0.8060128685844759,3.1573629524873192,0.289845896561577,1.2249637563202838,0.6664348531133911,3.011473005444003,-0.14377425622230264,1.1348885790258827,1.0380913930714726,5.683434517955202
272,-0.13552201878255762,1.1815485819321339,0.3876104916140384,1.5173036577672985,-0.12942524322292479,1.16892265332639,0.4150846169069155,2.0435048261664353,-0.2091656682220605,1.123707569824088,0.6922377710664285,4.439642331165483
273,0.10587597213208913,0.810107808589886,0.20128903758273367,2.2802312573646555,0.10826849112715066,0.8099017480099807,0.30205062364401586,3.2803186946188205,-0.13509518106583324,0.8064621088971239,0.43446355544876686,4.161201796907287
274,0.19850029811409697,1.1563908534852745,0.30491302449352126,1.0238967632548714,-0.1852125369332218,1.1130204400387562,0.39211163532183385,1.653968835074945,0.26255559963800973,1.1654715268203502,0.7294776604599532,3.7651779602061053
275,0.1844216258547689,1.1640572538842502,0.04280180085364476,0.10866628104282405,0.15757882308030446,1.150938558179906,0.14218271774583793,0.6036169820644375,-0.1560283179511529,1.169020416603408,0.18689830870831647,0.6917806495362724
276,-0.16702067599388545,1.188679135487475,0.23117207832271677,1.317081373754883,-0.1986347485113177,1.1834351333902207,0.3150254674881692,1.5666033183443595,0.23507337244225915,1.195254941056807,0.4061827055633,2.5947450398663205
277,-0.21388228895098,1.1220295982969157,0.41738121245967547,1.0594850091890367,-0.21388490093697085,1.1279997165178055,0.4635263826801067,1.4590172366890597,-0.20502812189489222,1.1251963594698176,0.5122812222090112,1.4626945950142884
278,0.0806959832652423,0.8283272214146636,0.04778472333872235,0.3155034741094034,0.12759865693305025,0.8325042684286752,0.10175212574823517,0.5203050187440184,-0.09918375332469961,0.8263082985507214,0.140285622393285,0.6739360424657375
279,0.06462623460981858,0.9242481271674601,0.26136098404427105,5.018185965112687,0.07561953259029955,0.9545888519310396,0.3323092715385991,5.615054795052865,-0.1818518962393393,0.9322808446630866,0.3685154057951198,6.249659551546463
280,-0.09171495236156202,0.5772775866604418,1.6010389540738366,27.374228406922484,-0.05849222094870831,0.5942513957813575,1.3755582356627603,23.23508836708669,0.00775134744969108,0.5770569805143216,1.9337121774632624,36.79020975006804
281,-0.1557718083051898,0.7689888280085257,0.959888480845022,11.286903950587797,-0.12245024718322504,0.7777541654289852,0.904268677211968,10.92956131689071,0.06545602530289356,0.7752176230981553,1.3010148808141913,17.97178279815749
282,-0.06331682792854727,0.4045482170880552,4.412678440263465,110.47831437137837,-0.002355274816453823,0.4104254646056285,4.810729203341555,127.98921476196466,-0.13067757611376923,0.43559701443492876,7.173145736902163,209.8762356128111
283,-0.1709463133042742,1.2191472837764434,0.2877801255983583,2.0995385057612186,0.2746241566887101,1.2256464342886286,0.3170810510259948,3.1645184427578066,0.2914229758828506,1.2449659093834085,0.2596392168527764,2.597913979200987
284,0.0615170929480626,0.8238361613177536,0.2588415736174788,1.2969953999427037,-0.09050584267846233,0.8254996190779655,0.3329899573189753,1.7740165964511014,0.06183948276606163,0.8080908786746436,0.35304016358475665,2.093110058450467
285,0.08060960750516886,0.7974326066457312,0.3164269414707775,2.3208277196013354,0.11186033324265073,0.7898010087300089,0.43372953868432473,3.801223151570685,0.09157517943194578,0.7882023423708625,0.43558911235681147,3.512908869118246
286,-0.18044258891268744,1.101049164801264,0.2658624691032324,1.15398811143361,-0.19031090635186287,1.0565323347300128,0.21819372993749986,1.5018000546272896,-0.14336956659021918,1.0992389820389428,0.498906954830189,2.717823439525368
287,-0.20231365823238698,0.7787261381436215,1.24717762843506,15.121117202231826,0.06263442765607288,0.7910773098553784,1.357331853843684,18.6523665154949,0.10916663819195885,0.7825068537739774,1.552463190354463,22.02398759730874
288,-0.16325824991730792,1.1906651611136012,0.7067283246255387,2.0321374317125196,0.3343626612100887,1.2111038646254852,0.6476036835292609,2.5591406499020293,0.3882637240355734,1.2050370697860209,0.813484188982717,3.917622816698933
289,0.20675465495798395,1.1637313291649676,0.09140367439626951,0.17057923146650866,-0.18580785752624057,1.128273544199292,0.1149581947688358,0.22137211562331194,0.23437435868205822,1.1550276747175898,0.16093673669019556,0.3513098831413255
290,0.1392494348445295,0.924323658186341,0.693427124677599,6.8246530254170334,0.08945399563835398,0.9419313308723757,0.77015446114084,8.200778100097427,0.11546897025285266,0.9275185128237049,0.8079574044527137,8.12777813687036
291,0.09150196914242362,0.9588464362927074,0.05839898875743661,0.16002481488673803,0.11566918667950267,0.9628746526825613,0.30015589118512764,1.369792204910877,0.07969511213217371,0.9492510186626117,0.4038504745566279,2.2578320069768365
292,-0.22149933202118255,1.2308600295791219,-0.43554500948054575,0.7177787101903301,-0.24603580668910902,1.2265425678001292,-0.46420003414278416,1.2442439589423273,0.09907489583206183,1.2057022841625913,-0.46783465913275935,1.391716012616496
293,-0.0999426028844237,0.5257844078916248,5.045945176330729,111.78175707795394,-0.2631026236945311,0.547737022287794,5.629014506649446,129.26705905896105,-0.23915964821344593,0.5031609862361138,10.323175320662031,285.79875304110993
294,-0.1665736911708101,0.6155357445321922,1.7265841758061573,27.735540745223762,-0.047737579818990794,0.634970873082677,2.0463799930026796,36.13058063538534,-0.17482022149807844,0.6143793716245101,2.7381046480388194,51.16472171159254
295,-0.03559222991230368,0.5630419200712011,1.3917230996414798,21.842663970334254,-0.0959094035684847,0.5740007227183187,1.5515283598090657,25.48582559607816,-0.1634488865414482,0.5804058084360889,2.562495625037182,49.247335374348445
296,0.21588572729204142,1.1238335364831098,0.3251650199920119,1.0307885570903261,0.2621795303379342,1.1100822097023924,0.33020887955353184,1.2222406531362777,0.2624871821235969,1.1326853584190242,0.7568715178116386,3.953051546133704
297,0.2730722804118264,1.256820771566788,0.3590556305008977,0.7507003563688253,0.29373289940130387,1.2601597770598718,0.4639754328336665,1.429499542958859,-0.17085300256869887,1.1616567842759598,0.9145249215422646,4.045878688565394
298,-0.04490029975639915,0.47960120214951524,1.9604432768210993,39.160294392951684,0.028111801261951414,0.4842160519973249,2.314490918104164,50.04448115516717,-0.07162859116622365,0.502858327513709,2.9005734417432816,64.41112688076873
299,0.21711497864499546,1.2010584739535322,0.09503620163915473,0.33551712417234336,0.2641713631734244,1.1810772856590908,0.21810107611271226,0.7152674179661775,-0.16353853241108385,1.1905951304622164,0.299706276255854,0.623102215602108
300,0.09898757294814704,0.8054687949657844,0.31871644408730176,2.9793207307961493,-0.17678228916884767,0.8116883518043607,0.7744068852067425,8.763751650657436,-0.1617233748731893,0.7839980076962759,1.111656182809413,13.717255703101518
301,0.06032560649635676,0.8084739390815104,1.633929167804581,22.81622793268548,0.10625206679032832,0.797124003807342,1.9453817763526524,30.1490183311939,-0.14230069567716866,0.7816848444017035,2.185885259736174,33.428200034644945
302,-0.15474112585303665,0.858300710720572,1.0061877527112082,9.703859983961559,-0.1481776733104815,0.8867931826134812,1.110502509517939,11.952292559267164,0.10161893329583378,0.8706697528080568,1.076629792191019,11.857659501912812
303,0.056765978475635116,0.9278207615245219,0.2564451649104206,0.530240367975022,-0.1098732330235278,0.930783527678177,0.31068518003859263,0.7230466239749331,-0.14640405453716615,0.9153447717561172,0.32182487230200735,0.8146875573710628
304,0.08024341054636552,0.7350904686822003,0.35177815565313547,2.5950323405911186,0.05740718121863407,0.7368550552278488,0.4858682475393439,4.28324995147385,0.09016316279257748,0.737314409627135,0.5584843275989895,5.506899172829847
305,0.1611668822477171,0.5970496761844891,-0.25453793452952106,-0.2966461912624374,0.25652373979877996,0.5989916180976832,-0.2647209613013589,-0.2590202875934495,0.4096495177397416,0.5635551860804281,-1.1759537048780515,1.081334079842451
306,-0.21726727164260837,1.0863026957545574,0.04208185145577856,0.6404317039305054,-0.1866923807222036,1.0713942747373832,0.0757656783301804,1.032473634383562,-0.14447217623477282,1.0715630379552807,0.23603114716605508,0.7258664765848692
307,0.17064787569577217,1.1688614158370956,0.02394785848407189,0.7554108037295872,-0.20714008903780773,1.1488888198127043,0.1544580494572926,1.2100356785395086,-0.12929330406293252,1.1637342100847836,0.24072481975227275,1.0498644957271974
308,-0.1634728461651135,1.167822594996312,0.08965997919130266,0.638015287072212,0.20240476550196548,1.1609634605224628,0.14376857354196876,1.0027483009742246,-0.14318415441902038,1.189496374119371,0.19980669005448023,1.0677990717264905
309,-0.15491544806528207,1.24744997760682,0.3739682413348891,1.4216736217805126,-0.17198635592099826,1.240835101972517,0.3505002939924724,1.4672952547744273,0.22460103702942288,1.2843733833237412,0.3873069323297657,1.4956483027128495
310,0.28672157198777176,1.1779145314163044,0.32057743935307526,0.8417854983406934,0.23226590489867427,1.1720664442795337,0.3957456410246275,1.3300677222187263,0.28034662413744665,1.1751048999309461,0.4799932319381793,1.9301094011222997
311,0.10673898399837878,0.8751261711070458,0.17579867149169873,1.1811062430921666,-0.09397890496605413,0.8841769333891973,0.24530478735023797,1.7144063647732501,-0.12435093773598935,0.8718394665756646,0.2717023338537066,1.5694414769416527
312,0.06587458488845231,0.9321960428414808,0.3375144666649204,1.3830286204173277,0.0760473368279366,0.9433123757080595,0.375105351017479,1.7876579554910492,-0.15651871128060346,0.9254369812924987,0.5604002978540731,3.5095713948378737
313,0.1306065979865793,0.759712229961785,0.05738576115191882,1.2027574873275944,0.16828850764649977,0.7737060794010971,-0.07276793209180252,1.540175819088783,0.1159963104458253,0.7662445364673891,0.21327907631591317,2.9682849557342283
314,-0.2296748352422099,1.2045060095027789,0.2158000269710197,1.2876133932566454,0.18750849783473494,1.226884661766392,0.19016567794893044,1.2670385990359385,-0.2223162611600261,1.2157931834562128,0.2616884130618969,1.3775416948651538
315,-0.2223403743530255,0.7562893930832103,2.2701232510758533,32.165433593553104,-0.22960567203177748,0.7622193436554878,2.42520183600794,36.609824307776385,0.06383876497584325,0.7633284815125843,2.632911922908159,41.0507708111635
316,0.06185726071195835,0.8620190006769421,1.5771033650995405,17.973442029929455,0.06299359785357647,0.8842021749192589,1.7184765992613247,20.52989318274411,0.04568516241297203,0.8455870991450045,1.972702383565371,24.950971756000225
317,0.22055770726231136,1.1833213961974507,0.006785844240602208,0.4181566322220629,-0.11730439036027987,1.1713565536741892,0.2058039670754831,0.9311092233355245,-0.09207635652697684,1.1816063056026196,0.29819646541774025,1.2857775140368641
318,0.10647811844643292,0.7580718688542768,0.9626261548716455,10.400210396655503,-0.23858417084326355,0.7705046582306312,1.7316056976618408,22.6084566209176,0.020698997302782678,0.7492646930006768,2.198041632445688,32.004529236132896
319,-0.15671477303513628,1.1109555904252,0.25133656717444736,1.03907489679169,0.2753874850535339,1.114474045857734,0.2074617435718728,1.6116479797348937,-0.22036496677225284,1.1188944107183032,0.2383689104290471,1.3985198146295996
320,0.09234471486138361,0.9469395305417908,0.1964671227735043,1.2281461056217378,0.10760607834096984,0.9550195362555152,0.14213128872178687,1.552853200930275,0.11018542894063586,0.9268420950554311,0.41559087369739595,4.897923738686145
321,0.27989874175817964,1.1170512373712538,0.5273828668383249,4.915205351995048,0.31872113919660067,1.0882033814984164,0.632208902184221,7.126977102449532,-0.08474698771864168,1.0585234007687816,0.791389542510177,7.756135266278651
322,-0.09962624168250953,0.38615376074641594,3.4590629153949926,98.90599904933845,0.038965961389458396,0.3856196857194459,4.246026430725869,134.59883611264928,-0.023957979093664462,0.4049184567011,4.867962207381949,145.05696692123703
323,0.11403813440646828,0.7543315119064059,0.24929457690024429,1.3759872817508692,0.13472285103557688,0.7662562857418683,0.2533659006849903,1.6220663459724713,0.09418654839266397,0.7804236688101249,0.8302366731835409,9.096171994029262
324,-0.1323491854763497,0.8605125087519451,0.39597406932967916,6.276999258655945,0.12843048251580255,0.8527311683248125,0.3700316255890585,8.014486537204172,0.07028471956506746,0.8416511335687608,0.944307638863416,16.851326960292397
325,-0.1339629903588606,1.1708945479528736,0.1988639500327865,0.6441978213784143,0.23238544197963942,1.1450604761775551,0.16595467448580975,1.0022448307500023,0.1867331823221439,1.1773379692031252,0.28082404059904514,1.0885142991503987
326,-0.1674644265082555,0.9180808320280259,0.6199685241931214,4.0604051314605405,-0.2052539892101253,0.9214405332881949,0.9438447158332082,8.424991039253246,-0.1972558497487159,0.8852303599756619,1.1891120236390775,11.520000165640342
327,0.2749559503817729,1.2331897577821793,0.6258688335694865,2.1967831704488416,-0.19010514000556697,1.2383793640362073,0.6991710712591053,2.281919962082739,-0.19029436735142732,1.1421529882476291,1.0189276887525627,5.09529877652605
328,0.09438583193893073,0.9045310393447522,-0.30876117626514354,0.4222865504060276,-0.0490350679023545,0.925886609359511,-0.2628057732528662,0.656023752224884,-0.06583563934556567,0.9120815985185246,-0.2114166101643136,0.7644385593775946
329,0.059017233600861294,0.790302576791648,0.7798255747549449,8.914406855479697,0.049359613721618165,0.8053164119005753,0.7842405649985009,8.998986766230802,-0.1974119563947582,0.7934912768812993,0.9503488499836952,10.514882629548314
330,0.1798383740287752,1.0838464948386195,0.22766483272955773,0.5795045511519685,0.29561431782028097,1.0573378895776888,0.2885785844219482,0.9092551623270086,0.23361585059617052,1.0868089459367243,0.3008183768940352,0.8946866899839354
331,-0.16163286647272862,1.1988689715966352,0.4895490717919074,1.8903077515825917,0.3002540699431097,1.21544097053345,0.4440697128845504,2.3331633185752603,-0.15169206366578655,1.1899012549874235,0.5295365989813536,2.416710034112757
332,-0.1677263863273584,1.1574290152066873,0.18720170057531996,0.099340868711975,-0.16762850784436345,1.1613182763250898,0.22465605138716432,0.18493329876150577,0.25151270110488727,1.1618227281270448,0.21199112492963726,0.17855983767765204
333,0.20204589462590616,1.212908637207817,0.14554689203564755,1.0459365652842116,0.1895770831092365,1.190981993746685,0.08156319867008484,1.292807588443802,-0.16760217969399763,1.221167291962312,0.15157049492538013,1.5239038370071238
334,-0.21336511229349991,1.181488785416821,-0.20078191708283494,-0.21747873269439078,0.13660664777802534,1.1491003174847274,-0.06871554372995638,-0.20421923296467437,0.11839848150993756,1.1716045635553924,0.019081543995660727,-0.11314377675890563
335,0.18114939053398874,1.0848962041100392,0.1797738304202389,1.1144429316300677,-0.15194246363530012,1.052285992953547,0.23666589860539922,1.5797023326060904,0.2826125170538145,1.0994417920088506,0.2967983590422246,1.666418916701125
336,0.2130950521518442,1.2167901157536027,0.2332347552416043,0.21361664341895192,-0.218432423001376,1.203246357197768,0.32759670181541684,0.4032422757916745,-0.18009899450565867,1.2094610488215793,0.3931260496620662,0.5210120454873306
337,-0.18107679866826829,1.1022108036173959,0.46607881279838925,1.98510436525984,-0.17566971830401917,1.1018976576045025,0.5362800449990848,2.766762719433795,-0.2016165581928551,1.0997701579662507,0.488086168740429,1.9029595480376829
338,0.10431098279793437,0.8647274921483709,0.8819937639941602,9.029209442040743,-0.21618335653600837,0.8627852193685812,1.1840950335875804,13.0837681753158,0.04817088720918214,0.8353656749851167,1.4001857016996873,18.237727904659444
339,-0.19509838825490167,1.0717214923663334,0.4250505357283372,2.6134216184341277,0.32382783551353433,1.068798850549184,0.5902380792689372,5.481156841095659,-0.15787976233962578,1.0183281385218508,0.8229851730374512,7.398197882979321
340,0.298825122843857,1.2107126962455281,0.30526522725733407,1.175426123846159,-0.18580251449346452,1.15763759539645,0.27543577952112225,1.6062112542437976,0.3373494652293112,1.1997293637341486,0.513998468487055,2.4462552915128644
341,0.19478011476218948,1.2828811198105314,0.2602268217870153,0.5237367030365765,-0.13980209924793974,1.2784830377273075,0.2919769780960401,0.7333724842602605,-0.15550493359447892,1.25812317309634,0.40890067904490585,1.1563944801810209
342,-0.1611824563736098,1.1257456512324093,0.43416067677109443,0.9544395478157743,0.30580702690522393,1.1374701716333182,0.4492474663948567,1.6016253834841043,0.22940206456395565,1.1665012817097882,0.5642086005154694,1.9544094770234732
343,0.08064223821504815,0.8878006211910594,0.16754011215136472,1.2872890423346908,-0.04805216446439138,0.9025338254565528,0.041261566499255456,0.9873866539932097,-0.10916466283974059,0.8783486691792616,0.49424251996895213,5.144126152523803
344,-0.16985074596811334,0.8929221472097898,1.078043358358638,11.207821981026797,0.14611437447561285,0.9323179525636668,0.6936673092926681,7.211663223244505,0.14247925129204297,0.918419075936551,0.9592804908298718,10.619009808112443
345,0.1717984412106834,1.188355109472943,0.006965483613992511,1.7724711210022734,-0.2606830233242826,1.1605520627429737,0.07762396625402872,2.4346231347614147,0.23547898621329344,1.188422961808564,0.11535012306407126,2.1438794709118634
346,0.08748398393066198,0.7948684400570619,0.7128760927492015,7.820025598194839,0.11793051488741056,0.8077208206678835,0.7994098435415014,9.919267590901613,0.11865933630676898,0.7966094792596812,0.9774368767493219,11.382682020579274
347,-0.19963592134970745,0.8673841186011098,1.5129384157323262,16.777118110447123,0.06812361241675215,0.9195175151573062,1.364210255772413,15.915878505441075,-0.21805829706129504,0.8468381364262426,1.9029216038960384,23.6403165583884
348,-0.18374674936428417,1.2023846338419812,0.4737238707371842,1.981694188297423,-0.23405131915949523,1.2092706928218986,0.39875040174503246,1.7341510270157805,-0.1116978696761259,1.1999684409747073,0.5346530911288253,2.970154449986647
349,-0.1489561985853955,0.8156759729933182,0.3155974266947579,2.5713920074266126,0.10020476906054868,0.8176444700181217,0.4319225462182009,4.2635551284321505,0.06669303354824217,0.838064896424864,0.5653953059955922,5.190196477536691
350,0.17298409907858597,1.2412879614470063,0.35139121550918967,1.4073852410496137,0.2308215248205733,1.2092147455442968,0.3593581373115638,2.107191995493615,-0.13701479116270526,1.1520147534989844,0.6827928150084661,4.815401818501917
351,0.0847159952812181,0.9689410485912623,-0.0691714003564753,1.1028345704062854,0.12395134591202579,0.981752294985291,-0.013967532841086622,1.5934352998360497,-0.11240000791545593,0.9616984219024299,0.24101773937985088,2.503802809128664
352,-0.1816768080891745,0.8664376005663773,0.762922965424775,6.398791784385892,0.07881075286581299,0.880748263879994,0.9068396596506947,9.291802532383764,-0.19559876054010106,0.8363159888627681,1.4736158064696216,17.44673039070017
353,0.07219064041735034,0.9741696774443851,0.23612109191118957,1.6496586858754192,-0.1435679067269628,0.9981594854909893,0.2588295662910844,2.1302039842309313,0.09668971999235822,0.9704770737131064,0.18980971309848543,2.1169932229181523
354,0.010188903793605776,0.5993865429899761,0.46364882215708997,6.112423570147593,0.04646828950238448,0.6152212897957668,0.7600099424881969,13.789905604433258,-0.052998593972289024,0.587529511687255,0.9645159227147594,15.634808422818441
355,0.13616489902436385,0.8843360024820439,0.006170355731443576,0.9457879867115664,-0.019446505904376077,0.8982366323539719,-0.2626710893008794,0.562698319254201,-0.09796502990781718,0.9046212379825944,-0.548772008398614,2.8401463762539247
356,-0.1795159765550014,1.0297717057411417,0.36168108627660733,1.7433101104238817,-0.2072847659390092,0.9996014338621767,0.47138546570103107,2.9483861400167637,0.18286676314589043,1.0367284003479762,0.4087144453379499,2.3147863195130407
357,0.17789788010330632,1.149983122445274,0.28787845466217044,1.5991133279672338,-0.20749721455053544,1.126802538029933,0.42081688298374287,2.6658027167531273,-0.17737804557818948,1.1113198657324868,0.5952318708735398,3.1672893597163245
358,0.09308293203214511,0.8018186645051983,1.2526453672455593,16.52735196090899,-0.20887635771815882,0.8030619774076361,1.377466400484811,17.901650064625688,0.06339145429374943,0.8328783347166464,0.9869786901173401,10.680465133855039
359,-0.18489495160064326,1.1081362766659462,-0.2514479018189182,0.2790269590332448,-0.13864967749329601,1.0902122527059581,-0.08983765881411129,0.5175120502508062,0.15602333732097343,1.0872069015049892,-0.013817049555119346,0.4595263255024258
360,0.32999395742271076,1.2319889387946876,0.4378649158701986,2.4780217095440653,-0.15070342903423486,1.1964639858065256,0.4424431143380867,2.6717860029369582,-0.1988777210389462,1.1792409969197872,0.49052893750768545,3.0498494629604016
361,-0.12757279424672405,0.9267339984728069,0.43651418193575703,2.0683544127444238,0.10395553818830605,0.9358889828374637,0.5262741888047202,3.000027909828808,0.08549076264071323,0.9301817204314816,0.6025266861411352,3.8681055913761764
362,-0.1340393258885373,0.9098408792254703,0.23987077326464573,2.2276783024760762,0.07593136312009136,0.9230853122226486,0.22180381655311132,3.2118306267352787,-0.09759208677694718,0.9050489614087021,0.2482555964839972,3.3565397726991746
363,-0.07930288522211686,0.7837876797965189,0.27959770190217204,3.0989320667325044,-0.11742321684790756,0.7691860079425746,0.5115387576342932,5.986743455482575,-0.14536655371362392,0.7697937644604541,0.5611851266429054,6.053221852988589
364,-0.234591966804302,0.5471610301882295,4.80574379490282,107.01725453175979,-0.08627888203688555,0.5750603802869726,4.060830273176346,88.13644214524902,-0.27472081005705556,0.5435018308180883,5.837801446655363,137.924395624499
365,0.12036081161633992,1.0886592972962568,-0.21796105552043527,-0.26276276315614666,-0.15162420956132566,1.107857180055554,-0.034672986037353457,-0.21587083363539028,0.10877257127842074,1.0898994144167709,0.028166265265729132,-0.14735772200191688
366,0.13161914706590835,0.9178764746291355,0.45945401276860093,4.4086782277979095,-0.16478866611963774,0.9278787546369602,0.5840681534349194,5.436549098048149,0.13923858408385864,0.9090435407728887,0.6572296919251762,7.105248979976249
367,-0.0821255942729009,0.3670072487016423,8.363798757082243,247.9073148295399,-0.018706194532763985,0.36242915292192274,9.62489534508305,305.30285479676,-0.18756046296783394,0.42320188295104416,12.850422369367582,405.3527881100431
368,-0.19236866683645404,1.148880565324584,0.20241635931945828,0.9442474413479469,-0.1620223551551499,1.143709033933895,0.136874310869512,1.1445299891130079,-0.15222014487997523,1.1302258930746978,0.40449813293044445,2.337216550336879
369,-0.16132323239621638,1.0741252869422626,-0.19343320552919907,-0.012161234196730764,-0.12430240141206805,1.0381585390733048,-0.1338958870156996,-0.01899036158687295,0.18333311977886022,1.0489325645371643,-0.16568680047129583,-0.0025287391762160993
370,0.0583153050641856,0.9450132663062073,0.24537365750198056,0.8041538368712748,0.09900447552138086,0.9566424678732969,0.305178648325391,1.0722596733386256,0.0633459980273866,0.9280549609621024,0.35613110208113785,1.4552715742978108
371,-0.22809843752399572,1.2440393154198195,-0.014459088698227665,0.2879802722821445,0.1764462099287198,1.2443873639143639,-0.060212838286123636,0.5805558874244396,-0.14252581501120068,1.2341711507083313,0.10001058760177961,0.38130364762785707
372,-0.08061613109397069,0.8320670226353664,0.22084714567123961,1.4750194199611224,0.1284097737921226,0.8255087716553028,0.2696516368387405,1.9267996516067516,-0.0848330222955709,0.8206715320614049,0.3259085323841526,2.067617358997227
373,-0.18051679582231744,1.2273225298802874,-0.0009350746734741754,0.6873209290934583,0.20611485202064672,1.22224001984916,-0.11415174489856786,1.3981129131211336,0.24307075167575193,1.229276446203373,0.14031339294063222,1.220649030252111
374,-0.15050925589433986,0.9027948272083943,0.5459917260596316,3.278211861750764,-0.16700344269181516,0.9008743117029488,0.7826282042244531,6.441859559015807,0.16207053040964883,0.907529665507729,0.6867328792182339,5.53934663023656
375,-0.16783841039362257,0.7661151231093193,0.4807022474482659,4.848372879825553,0.10277844394263533,0.7562899848534548,0.6507798694701341,7.939440129230842,-0.13540908893366582,0.7797036314102398,0.780171511326976,8.781862107037472
376,0.22729720001801645,1.210520832800149,0.4680907155211023,2.664917976212597,0.35103494065200397,1.1721323126637646,0.5293572646602234,4.150435372870283,0.3014662910096508,1.214385760957592,0.5926493344941575,3.7341301608349378
377,0.17356265418418776,1.1405222485036073,-0.07431118413162445,-0.01505076788656412,-0.14170804461467568,1.1471229461621115,0.10939444867634802,0.10344882005088296,0.1589265218717268,1.160452911750849,0.15954592867354161,0.29177971587854934
378,-0.12584527520094807,0.7647143286882987,0.2813085850559736,2.9556603218362136,-0.08013065561494277,0.7788772389244714,0.28227614797561673,3.2413940307317164,0.11430436386160779,0.7661412823794649,0.3543959512527268,4.711633681521228
379,-0.15432093680992476,1.2356115351829189,0.060502106614135145,-0.08237112481637565,-0.22021444764770917,1.2133078199517755,0.09001599049458206,0.037050884270179996,0.1243217943216075,1.228000780280974,0.11558896143342148,0.15739399356426542
380,-0.1224717889094621,1.1362939332128459,0.564340752936053,2.7422532617658915,0.30092673075949017,1.1531351617344239,0.5220415943196046,3.5909067043615037,0.3189281845283444,1.1608707026356917,0.7407151937771869,4.629588364527215
381,0.28818246085557253,1.1701750465721925,0.4357894258919405,1.2147071716718383,-0.15215212361066258,1.1555678823190376,0.6002654326458491,2.0632043438307557,-0.17576175739508404,1.1397891031689067,0.664989816995129,2.2979966976235096
382,0.340651534515416,1.1438257364398907,0.5458511122783167,2.864772465203793,0.24977047287096787,1.1399940402847317,0.5178554743666313,3.0085137136215296,0.3587188517597771,1.1521140767335563,0.6752054817332344,4.334697244013045
383,0.08463451291911187,0.7457538207564971,0.3723314418934306,3.3354311820938296,-0.13431085779213936,0.7400884185403891,0.5639421885403612,5.569134182036807,-0.14193670432149108,0.7399076359514675,0.555149437107462,5.323859234235028
384,-0.17966527973987959,1.1456958904592869,0.46294347122164275,2.4953608706145216,-0.12504862529311989,1.1419765655056577,0.6320025990218894,4.055422023113169,-0.16054787811254945,1.1209065790880248,0.6778604627302391,4.209335944260119
385,0.3553716894502768,1.2601442515780692,0.43771641040015713,0.815576025340143,0.4016319050923115,1.2384077836741911,0.565172469486283,1.6296609633027845,0.3981918266519522,1.2661919101169745,0.6656580592073765,1.9907247193587247
386,-0.10768523974219477,0.7958076641224335,0.3022576895708267,2.361866438867369,-0.0758463212032818,0.7924517703381962,0.23809319004899093,2.4651781883487267,0.08439203072720063,0.7946794999372014,0.363231046153376,3.786683314221526
387,0.2528030044694869,1.0574156692064836,0.22026898763844335,1.0383218809796784,0.2277728396153179,1.0452456880447336,0.17353456080919358,1.5211164519328353,-0.1265959647160998,1.0338270835206398,0.4507628624379157,2.854456780897598
388,-0.22216395700541242,1.0110119277975271,0.7171318534854504,4.611621127509006,-0.15369792103959784,1.0288294296115197,0.7715766335347171,5.504896492456714,0.21530564463990012,1.0529601718579733,0.7039727370428402,4.773530809014217
389,-0.15251623955212645,1.164163079351064,0.09351862448058328,0.8948089372492549,-0.14698116330900812,1.1350769167664665,0.181718561072665,1.7351749923264501,0.27417444372745503,1.1796966664017094,0.2780292246883744,1.5917656164321086
390,-0.1574089997897783,1.1607559915169832,0.20770687501730364,0.8886724683827558,-0.20459869194329333,1.1252928265812796,0.2596549811155354,1.4521773005757712,-0.19224073920505166,1.158071768075289,0.3131161581005112,1.4178199608013387
391,0.23142141116579526,1.1995967161691043,0.3800866956112795,2.9109973196515364,0.2588935383086001,1.1911403160200387,0.4298917793841008,4.493994609208903,-0.1759441563044599,1.1541786546220458,0.45544704517627865,5.103685733114968
392,-0.13119957155980502,0.8427248410031278,0.6207096843701427,5.259448056936016,-0.17741780290122497,0.8610783488951478,0.8703102483226688,9.088993911834793,-0.18051624052861132,0.8360590936784968,1.1621587713456405,13.105854841404977
393,-0.2167690479918606,1.200495689405039,0.21728421116611726,1.3768068096539636,-0.16296582190459558,1.2207126508390913,0.25304358314918046,1.6721807236287702,0.1990263655091113,1.2172303509377798,0.25687558427012747,1.780592421775907
394,-0.20008080371563502,1.193416364252352,-0.11201834061027963,0.16281117896733965,-0.18239279474081901,1.1903831108932719,0.06531819025960266,0.5274461457877377,-0.12379447929657862,1.186628704052091,0.16221864151426688,0.7784855310699714
395,-0.16761635840062916,1.0456370578018335,0.9911184964489004,8.764878901651471,0.25648762312855056,1.096358403493614,0.9446968111682851,9.143855086722464,0.2826317547781724,1.0988551959951889,0.9845718828949837,9.339587223674778
396,0.10097224610011218,0.7296448269888189,1.0566315082356212,12.519861222466137,0.12124407668864763,0.7285715010509847,1.7908273620754307,26.884738423938327,-0.17153911525134627,0.7183492311867242,2.0621247158004388,30.763846686056745
397,0.34487178040745053,1.2326712911066577,0.6027438918993459,2.6413788472671005,0.3013154332941068,1.2176454981772362,0.6582955142433702,3.4653559927144197,-0.1502478994490953,1.1434227791984488,0.946945956465106,4.869453041265735
398,0.07784924428991277,0.9041244123351069,0.5725938636132334,4.830945139475143,0.1092485740569424,0.9080733159402972,0.7751046358843939,7.775008496346322,0.09536185014721286,0.8985368154654916,0.9654216108342558,10.384501927773167
399,-0.12567007010847903,1.1071065211992428,0.6878289378773428,3.649056915688816,-0.20283074130530898,1.0534117143306048,0.7905114698560586,5.753732356206335,-0.140190455034694,1.0978700743174672,0.9341685987739147,5.365019998966515
400,0.16709164060574883,1.2166362120956875,0.1079309908239301,1.3151793505331062,-0.2421591777691879,1.207572046010225,0.032699750987793125,1.438420785077973,-0.20615573312963542,1.2329393935007924,0.02239610490928097,1.3347093203578853
401,0.06054075859502179,0.899427608597221,0.043071907721679466,0.30688276298209693,0.1275542958553029,0.9068749844273054,0.05108415451102611,0.2963308199430399,0.11926419862724838,0.895314818965973,0.1095497756549041,0.8277247340351672
402,-0.12401908600588553,0.7893511943311763,0.5216404657939446,6.745502660826162,-0.07209468320879765,0.8035212970837399,0.7189194625968283,10.153313489031218,-0.1327433990816167,0.7899136768608264,0.8449264093891432,11.614071438025755
403,-0.08739569639829144,0.5895020349679032,0.7661008318098986,8.857742980382561,-0.045083684571508055,0.628151881481697,0.43155540528280034,5.150392214259192,0.012753860379265866,0.5838262017119115,1.6460003009535062,26.557915232495528
404,0.06289902677610938,0.8187839965928745,0.5791591818553816,6.6278173160970475,0.09627131961965989,0.814384497979689,0.9195820132526272,13.106805445989409,-0.15069927794962013,0.8052563895677384,1.0842708923179085,13.517012012204038
405,-0.0832241691448481,1.1416732702798762,0.5953055143332489,2.63398074405465,0.3118695757310325,1.1472804171175548,0.5845879227725836,3.2901733654103342,0.3332453655608398,1.1907059010122294,0.6776476128383435,3.504995812063706
406,0.08345856522153594,0.7648148226490711,0.7392106392710457,7.831665383616617,-0.12852085885386905,0.777158897432497,1.0713138006407954,13.22640783764853,-0.16528348519277572,0.7575168578738275,1.2884347868566173,16.463755772620132
407,-0.10365359607799858,0.9474811831865254,-0.16481080441060203,0.2927907403017618,-0.12795023253834376,0.9473479941393695,-0.030441355112075928,0.37727797029349563,-0.1282477584700931,0.9270149779795707,0.0975178128263888,0.5219479573172148
408,-0.20335278352987987,0.7412581239854322,1.9023326844124269,26.663226002760574,-0.15011063350338014,0.7203144941684508,2.339447810750072,37.92727088022808,-0.2317566359239188,0.7318365428859214,2.7570785224241368,43.075213090772536
409,0.16548733445315347,1.1302279592208666,0.03941022688833765,0.1977904668230046,-0.14573656889911035,1.1059370425588568,0.1404686163095089,0.30900386335786445,0.18559677517112683,1.1274276349770131,0.0919522984995202,0.14209225737455844
410,-0.02518058314220218,0.47737934388975106,2.1452666446301865,40.70706420721644,0.03530221168797076,0.4880098336252365,1.3928552820103461,22.98398465091929,-0.1729565092391423,0.49168807166749673,3.3313950611226293,73.82456767398057
411,-0.10500687292298015,0.8313163429388948,0.36036833951355945,3.626115742935731,-0.10298315152087724,0.8421561470017781,0.21807771117247332,2.8079822456865378,-0.07956420083103713,0.8378022358957878,0.32184538175077354,3.768123052928658
412,0.318215060565132,1.2889299681734676,0.5351452778074703,1.6116905644920836,0.3103843923112083,1.2467288719049987,0.6306369899905497,2.9137198750334115,-0.07407840969196945,1.187872843861994,0.9370575819403446,4.666872166504593
413,0.15240647025020682,0.7853260460831434,1.0589832636256815,12.565519519469678,0.1329706609505931,0.8058399818137086,1.145334808703545,14.194755380827733,-0.12853136354951014,0.7890525947223557,1.0242429512202937,11.302695255849555
414,0.05231149282132497,0.9719113787141672,0.03167023015928425,1.222649481655088,0.043909342116255946,0.9627750076813691,0.2475875772846818,2.5946498818507617,-0.1506649165192296,0.9540102598417415,0.368093258281894,2.967987325076593
415,-0.1196964608653539,1.1557802820624057,0.4433348598963355,1.5245394467842992,0.3355431145794375,1.1373406862233415,0.49953106302483763,2.864173309534757,0.32056890205081484,1.1706969850367719,0.4696062352407019,2.3639701548426055
416,-0.20971066051847176,1.2182486986470695,-0.05805636841570728,0.9493669674509899,0.13954458378979526,1.1897958177822865,-0.056432592940355575,1.2725127812191932,-0.16812376678517735,1.2203018441248819,0.012634350175199354,1.6866486666494165
417,-0.1548741678928319,1.1051849252969799,0.7518614228828866,3.658246498586565,0.3457765578156771,1.1466421305708523,0.5893251432355082,3.099056330651198,-0.09711558311262437,1.104279355346206,0.902641947259621,5.242804241126105
418,-0.16215604689026467,1.2063980265335472,0.07874232176898055,0.37864999951522993,-0.23418007547325265,1.182730160898307,0.0680211183639436,0.7685225098761057,0.1952183507033987,1.196014401678351,0.21328545334926913,1.1278254486295403
419,-0.15188568126195492,1.1390388991331477,1.014159472941689,5.183409589390097,0.2787587901158454,1.17683879271722,0.9161902304210169,5.3994409377379515,0.4007668142086132,1.213167852788921,0.8888720089632776,4.833046939907463
420,-0.17593243325859897,0.7283307386991055,0.8161141866772958,9.577209912472272,-0.20106409456321306,0.7135561619005103,1.1477207303630241,15.961365357655879,-0.1669295341387902,0.7430601759770457,1.7221917815312549,25.00791638690616
421,-0.10396836892977149,0.43480476331064727,7.489359496488167,218.28937848478543,-0.24671076719364038,0.4470104368094571,8.574812952440444,262.50157479741074,-0.24383173012374845,0.4569002636986646,7.760579634404159,220.78338595085452
422,0.18532764611824562,1.1176976159984515,0.017124769439733147,0.11296815907937408,-0.12474882879393963,1.1032988429939241,0.058150661328115166,0.21120591152473134,0.26187201917830316,1.1263556349742856,0.05119347265798588,0.33306918452113354
423,-0.12401713393676903,0.8366634181822244,0.7972901480978362,9.455000054834784,-0.15485817205190563,0.8436785566561453,0.8547504090145708,11.16871466694223,0.11517736815668164,0.8401719888201877,1.0251983645784934,14.1508498528306
424,0.06027670259161294,0.8190708964588914,0.06840933302383691,0.07994065655573568,-0.07713038111146372,0.8235953525388032,0.0956313776561852,0.14911626192849692,-0.08424984516212834,0.8119939065330437,0.10351453543854043,0.17419530678474526
425,-0.16006904064870903,1.0606553760091264,1.1854039469214885,7.383083254308525,-0.1950934848370161,1.0466913408313512,1.3622104377008755,10.16061066037809,-0.1182885196035634,1.0974149059063647,1.1818734842271106,6.77312014830539
426,-0.1436741997956925,0.5620783789727091,1.807521063140212,29.57365233604275,-0.013839588648022969,0.5832173158994892,1.7856732551150436,30.10317506288952,-0.16828980656882145,0.5648615824371019,2.7756183350615276,52.38887462756642
427,0.006824577851264836,0.39196107351680626,1.260339515738542,20.289284274508017,0.017678045881200394,0.3903535853061237,1.4728801849782838,24.861676026290233,-0.06667555955085687,0.38380416375618176,1.6035217006296267,26.57869873726181
428,0.08423744427603522,0.8700753957789182,0.32831017673505347,1.8408209454463336,0.13483416153931516,0.8818879367962359,0.3806526855964636,2.2620221196622685,-0.085105460771001,0.862759216272057,0.42105440055267573,2.536451376135494
429,0.22300508353986823,1.1793058074430804,0.18677293147971302,0.2408842709132326,-0.1854971494402021,1.1713022006710554,0.27655929889132724,0.45458767379333853,-0.19685680752762827,1.1667604642575216,0.31692019006892586,0.5177069014685092
430,-0.16246012194834966,0.8929079387363344,0.775170064721937,8.80636118507539,-0.19016864258310853,0.9099160277319042,0.8316175804606881,10.01462591676922,0.0766566847841969,0.8838976474505096,1.1723613296928226,16.684423658439616
431,-0.11472388923712477,0.777022514047051,0.41598203826402974,4.592339978545815,-0.1673616377427207,0.7717674288078719,0.6082894257847427,8.0585058026008,-0.1646276044791583,0.7772098895143549,0.6895936019872151,9.084077147424145
432,-0.2503398348197663,1.212148654882888,0.3300198238696475,1.2364611685162163,0.24921566154426278,1.257788868869135,0.23628105739407648,1.3502120736516172,0.20357717160585828,1.2202155007486133,0.5131256122753027,2.4316957341148084
433,-0.10321438300396231,0.779082661397217,0.42398795850085186,3.7750871350997652,-0.15744511506814635,0.7771257311545624,0.7329552651379445,8.333557012643448,0.06383808490330592,0.7993693678235074,0.7857031673346484,8.628144875415652
434,-0.11098037281561894,0.9514139481382549,0.19510139904462995,0.655723640279648,0.11686060245316406,0.9800769727717,0.2580182378503476,1.0066179593503888,0.08245675307562542,0.9517285360109895,0.30958525362949807,1.2316255008953219
435,-0.15580007059758624,1.2198021316212722,0.2183928512344156,0.5176882171072994,0.2396899122489568,1.2159886240801536,0.22045430506529445,0.9286209924026045,-0.13999208836423904,1.2147856193118418,0.3087209775775606,0.9040962870762028
436,0.2616773477639979,1.136600447236166,0.36947416633109775,2.051176008850767,-0.1659043413758484,1.0635160369330583,0.4867227189218334,3.5888519159706123,0.24010932676846455,1.124444781133376,0.42659318358424475,2.3585484536245893
437,0.25872534061322755,1.2684300789886802,0.24693727867429768,0.41791008200720636,0.2719305180073672,1.2452827437735223,0.21050038230265603,0.6995777065652868,-0.16507807535523117,1.2093804410528837,0.5377614796915193,1.9038873639998517
438,0.24577470832918794,1.2451785859226319,0.33998797919299634,0.7724354908655746,-0.12229470269206011,1.2312376742991409,0.4689599394835582,1.4621866220496162,0.3329264966976412,1.2418364426320838,0.6363115391747906,2.6081613132039063
439,-0.2540680798504151,0.8124322538692398,1.8186634897683438,20.549140345189926,0.08712419829029791,0.8553975884361424,1.6912668408346436,20.336257140092595,-0.25627010903978575,0.7547437420113831,3.035877524688526,45.135889292598264
440,-0.15926670071879512,1.2208485831435476,0.33863734746423607,0.5661951604768625,0.2777171891192722,1.2336598709713509,0.3028068484141475,0.7373508421239348,0.31905619384210443,1.2381098707114924,0.5397979059471646,2.0996506288620234
441,0.05113044560622108,0.839310664609155,0.8800294787762767,10.577483991580975,-0.1734410377994747,0.8463155537379959,1.050338702295075,12.467019627090464,0.0923688537374788,0.8431649113191867,1.1068396668790377,13.369891121837153
442,0.16218788833322698,1.1618153617547964,-0.33541718025035655,1.1572537376670367,0.16691508661610469,1.1728066595700748,-0.33311479482798073,1.6102237837822182,-0.19483959872788884,1.1808757272953636,-0.27444289704638314,1.6310740880400605
443,0.24081821605954018,1.1847101912395126,0.20050941545440562,0.17645932067533332,0.20202316295910439,1.1869002251413685,0.22154132877040855,0.2734385844959122,-0.15522247029605987,1.1966003500698166,0.3189625245816365,0.40500085645319794
444,0.19179251591093074,1.1326013114868805,-0.0700010163712911,0.4888386144574879,-0.18171652672169622,1.1132626551202947,0.08772286788306456,0.7086997806985695,-0.12910469161677177,1.149004736093439,0.23127461542599287,0.6820929912701015
445,-0.1438420235121605,0.8187854057378301,1.2507554207507638,16.848531289070554,-0.15382331164817123,0.8172886095230174,1.4993000714525944,22.245332684722445,-0.2073494519186232,0.7906645177640828,1.7804838391711872,27.289121009507483
446,0.16292779061617851,1.2388635999309725,-0.05506760473131043,0.05166082198658595,-0.13606385269470542,1.2584076283404908,0.09933849834172186,0.014649366894506688,0.23080038517796833,1.2675833438725008,0.2844624301664655,0.5365299616329797
447,-0.1406541663596278,1.1656436263711656,0.4027553092602283,1.6873175196361752,-0.18182915549039552,1.1623722391654423,0.5348887130493402,3.2424716065477766,-0.16219959979702295,1.1621197316941108,0.5953952384125841,2.27068875108888
448,0.07434713895463836,0.8310069853024379,0.7474983979399089,11.471631254915964,-0.12340732289512074,0.8603311440903787,0.7518180624667483,9.447131804959263,-0.09960851348823199,0.8842341443151515,0.3223872239130757,2.7772949803482883
449,0.33503309524593883,1.1369618979526517,0.5984895185961272,3.6629267180369647,0.295871718105902,1.0814491737933625,0.7143983939296412,6.014045206116531,-0.09838929903976928,1.1070152654774903,0.7225922401236771,4.583511031536438
450,-0.11853616106375099,1.2258615793793257,0.26165422557813295,0.11199148795380287,0.27885797244683724,1.2419856179232909,0.3050394341009676,0.2461771119746765,0.24226323286747467,1.263150142351433,0.33963886563009377,0.346610154228697
451,-0.018899456260295086,0.7469082201731314,-0.080972294463644,0.2928932092815293,-0.036999175996063,0.7400728090131812,-0.04358383063687306,0.48841088785779174,-0.10045171593430396,0.718833043790966,0.10689680690702222,0.6983396444226471
452,-0.1280645253432908,1.0555957991715887,0.2977905445526196,1.7057072534722693,-0.16798454890435657,1.0466711314920751,0.4031306759442324,2.955936471515523,-0.1956531021049463,1.0220845902181086,0.6440711811813399,4.888849320980094
453,-0.17791027114115016,1.144861440192294,0.09215767341098594,0.19111414489132006,-0.2123852545016211,1.1345522604192173,0.17195044147794072,0.33045786482996853,-0.13799982661838694,1.138672884155706,0.21192066261988615,0.3421473141559819
454,0.23574043595780733,1.2128842392377728,0.4481085322034937,1.3018007074415383,-0.15993837383556248,1.1414446373711822,0.6856997019139812,3.20339171186935,-0.1782855879041106,1.050565036823806,1.2646514941974794,8.800184853352095
455,0.0822455279163564,0.9450103945078573,-0.04442936397544532,-0.17000956529094324,0.06691232407665858,0.9363571972543473,0.10385103933822896,0.08628583374342602,-0.1352714102278074,0.9215546748043151,0.16504718181370512,0.21087086429449498
456,-0.11932628019210781,0.9097730485165149,0.24495849200181147,0.3289431865055512,-0.08926748031471961,0.9178557439801307,0.29971660148557616,0.576626595773102,-0.1334511050642728,0.8918757457603624,0.34332000133456414,0.9623575684048467
457,0.22360571833655035,1.1841823772307964,0.2791739720873771,1.8702321235429356,0.17726091794682755,1.1913263942918193,0.2787050397392215,2.080062715867669,0.20114431830301407,1.1887412781354638,0.4190133392757268,2.1882100650286196
458,0.025129718492617487,0.6360395417524783,0.09924147940421019,0.2704350214427369,0.034891762521714526,0.6338700537661737,0.20340332416825274,0.964311177016298,0.027188744323573297,0.6059862434385278,0.30100631901455627,1.9008650918563585
459,0.06588349175153194,1.2266195534690802,-0.2810094570247702,0.1191023014117838,0.16001906851065592,1.2395905050123073,-0.17904198609765143,0.09480907555975282,0.15368338071372126,1.2441995889805013,-0.03859560660288987,-0.033098272599181744
460,-0.11597107333179825,0.87659256225831,0.009148752764304713,0.29121724870300403,-0.04982327086968689,0.8864320731663368,0.04241294441513855,0.44320674520126424,0.08328326823811376,0.8673788926623056,0.06346391334481882,0.5450015122627025
