image,lag,R_horizontal,G_horizontal,B_horizontal,R_vertical,G_vertical,B_vertical
001,1,0.03631985405775013,0.02409451013499303,0.002239537248873862,0.004784647826801145,0.020658106695427284,0.027713687199313806
001,2,0.029831260138711298,0.019938260349316044,0.019093343434629286,0.01771237954762752,0.006859321905020835,0.018520246988063406
001,3,0.04393635425570224,0.04150686517120257,0.05388622805345559,0.008325962796455744,0.01767373657480583,0.003196198285057333
001,4,0.029923960952087127,0.02771271447397054,0.00608925285983825,0.03632182005377763,0.023797687025805033,0.038332702379195796
001,5,0.019452628790681954,0.031818533945907154,0.006264314311803689,0.018058403589874726,0.03400758747214299,-0.002852573346585639
001,6,0.024108666220944666,0.03051858897393726,0.023424545782552698,0.03620284473477582,0.045739168922482164,0.020393433406444082
001,7,0.038301325194722007,-0.0010123629166194118,0.014814850166388172,0.007876370966642834,0.02215802637244616,-0.0020383664533179134
001,8,0.011078075346160262,0.030934301449804632,0.019197505094373294,0.03166503963040837,0.010306593147448457,0.03508647409908244
001,9,0.03613682284132813,0.022297296522745345,0.005299978848150447,0.03177305195377501,0.016135478284617366,0.03326075397821381
001,10,-0.00017237246221269171,0.03653566001803901,0.04810634299887652,0.0004974181904582886,-0.000914383377760625,0.02941388636361672
002,1,0.022067512267706587,0.02227662978876831,0.029407395310757253,-0.0016636868356844393,0.01578375458330703,0.021889881621182633
002,2,0.015198886785066706,0.016344833436991273,0.026546780458747424,0.015923259928256408,0.007791810391756824,0.015851642204382402
002,3,0.003168468006453429,0.024838455531129844,0.016091770553193156,0.010244370182559567,0.02459963789396288,-0.005267314511626556
002,4,0.02113825267671767,0.03018981093256677,0.01873252225265989,0.01698831299987026,0.027748617094760064,0.03187299932195906
002,5,0.02229012713312466,0.05305855675462262,0.038538200712034905,0.02908978483139764,0.026641631144771433,0.0063547395700569
002,6,0.009641255999315063,0.0014303991059544587,0.02500270330921487,0.020160707683705772,0.014793828387277302,0.014953629050021502
002,7,0.018807343408576455,0.012634667755535458,0.002952100202235316,0.024922870179623646,0.008413793881793745,0.004488657477719449
002,8,-0.004803372082930849,0.01922680853491413,0.007796917152261798,0.015827875609892926,0.02257158883369448,0.022641039888376513
002,9,0.019987226942783185,0.020643395849652538,0.011799122557979085,-0.010250040874254662,-0.014793729962896433,0.012819081729509267
002,10,-0.012060727189007725,0.029959773704465065,0.01775767788824035,0.018869918929326945,0.0035316540485746295,0.027064539611532195
003,1,0.034300406492668564,0.053530645430719476,0.028673810155187187,0.01915819450682008,-0.004416429136848937,0.003539389091464847
003,2,0.01615546281059095,0.043315684449750994,0.03384158812914025,0.015944899148825825,0.016501759794263285,0.029354277791192183
003,3,0.02653054140654909,0.021081382349891993,0.018136483862606273,0.012151192699109227,0.01723966679133989,0.008812877442181464
003,4,0.03281977806926927,0.029625855492492772,0.017501070157685948,0.03232607020065326,0.022264065383338725,0.03254072118798861
003,5,0.04635922794019891,0.03651025689616791,0.005859323006805548,0.019254351172694327,0.02909417487612419,0.019280891010770955
003,6,0.012722068440894138,0.03957349472684177,0.03521304573736659,0.013003421184185153,0.024425778622786443,0.018943904727063598
003,7,0.01685221462145414,0.020639033625514263,0.0019360035869610854,0.026014993631644702,0.00927042392521988,0.0031984394314684187
003,8,0.045057094594665045,0.04534230313199813,0.0021084703158436306,-0.01082762256600516,0.028322689803784586,0.01679033980970139
003,9,0.019932456210219406,0.030708517193618987,0.039701853890679525,0.02697275431599373,0.030615273218129273,0.0424471803673297
003,10,0.029705475515778054,0.02593836975110905,0.0540430955984754,0.0016031283501604886,0.02364763231396167,0.0216536181390384
004,1,0.04861423433858898,0.10499247708581794,0.06974954602636993,0.11012637658767688,0.061363274012924865,0.06806925402198825
004,2,0.06359622885878713,0.05891429405884464,0.08111357797182003,0.034912953587635506,0.05429419318378504,0.048652453199437916
004,3,0.06270580865597504,0.05865225051837126,0.06149876340488109,0.06523457571372056,0.05320677327264831,0.05547096821663191
004,4,0.05627709534909378,0.03967565261427954,0.04431533443842464,0.04573920371484696,0.06768554993924124,0.053463745475040514
004,5,0.051025530005658334,0.040411570047977796,0.05389477983700307,0.011458255419548927,0.0352607945496839,0.05692325287930909
004,6,0.04052012476121893,0.02116407625590472,0.04050797451120014,0.04324805115236449,0.0439873860758337,0.037524672951736886
004,7,0.04977049579519033,0.059150140772709074,0.043028618778743304,0.052294714234551454,0.04642726409231513,0.03844781047552107
004,8,0.043249530531913924,0.09000826156792864,0.06933865225176318,0.03322894827721808,0.01733385467328527,0.03135666097269472
004,9,0.038885241105193605,0.052390960903219715,0.0410924895898223,0.030460397957017892,0.06730530594511218,0.00663399895119891
004,10,0.042061446609908466,0.05182262791020321,0.029331183891995263,0.026612626057621203,0.019655485055409892,0.04248475632026992
005,1,0.06748881631742737,0.0024530588285667037,0.053631333948131125,0.05304399691926224,0.05887159866396047,0.028175347137061428
005,2,0.029735483120805477,0.03161175920989602,0.03142915875459963,0.05097720263051145,0.031979347360940776,0.033791940307729224
005,3,0.025901223296205964,0.020880318408035618,0.003424689434059386,0.01682157979793891,0.03709850823515633,0.03416831786579214
005,4,0.038073866464581364,0.014691268692151063,0.02127175992632514,0.042938783027122174,0.044627376664719685,0.013432834742014274
005,5,0.012756508221326792,0.006869653164711541,0.02077074147235069,-0.0017573920108885767,-0.007772187494212937,0.0051364983356800105
005,6,0.02391067714278347,0.00354974822091083,0.013970627509966983,-0.0021332745704253013,0.017034909706367805,0.007842955259174484
005,7,0.008811811918562557,0.016537836371690904,0.05213991930555998,0.016223671076797588,0.007466758116440872,0.027390718310061898
005,8,0.0595900837097145,0.04710363724361002,0.02338833535003658,0.019117503750753526,-0.0033026945764590043,0.00958855572256084
005,9,-0.0014461446383586918,0.004333042336587625,0.02054802356705287,0.02788044885464272,0.02132439252258201,0.009548432300909852
005,10,0.017021563683633056,0.00855375435012796,0.031739597548530424,0.022513999259902356,0.010053700986626593,0.017953376383226503
006,1,0.03590191813552484,0.045919831084127,0.06687942605972277,0.02363560029191019,0.02234383536421402,0.027098724008026872
006,2,0.05537285482972798,0.031690702775869675,0.010346410506925991,0.023631154914499568,0.022711512462398387,0.00913346946065317
006,3,0.024705954567657354,0.03685597342063319,0.03695989558421322,-0.000546917014440282,0.020776336020775804,0.008247518945243436
006,4,0.012789958591075545,0.01636369331129341,0.040424561614642855,0.040775315689599335,0.022363138863623632,0.013421003018964425
006,5,0.03334300033298556,0.025387011782730454,0.01668870104218974,0.01576014268362366,0.033417234161896375,0.027720408271834446
006,6,0.013775291822669842,0.055158831428216724,0.027132872284901813,0.016522435898329198,0.0154390720418731,0.01205448102028899
006,7,0.024258822366242494,0.034765594893093395,0.049897798903872616,0.03814589203945861,0.02412719388818613,0.03328984625198247
006,8,0.03708175969548179,0.028908472768692364,0.016074323655566068,0.034162651985150075,-0.008382956438525558,0.02916167515660965
006,9,0.040588232145764284,0.029824186035569716,0.03079252230534648,0.0166808798121302,0.004143173522522376,0.03386023108055195
006,10,0.010146706119180641,0.03628764884854223,0.030420262089607006,0.007516150156217642,0.03314453654086675,0.03529863200639166
007,1,-0.0011927228020966315,0.014985797293303899,0.04023090054123052,0.010481818087070192,0.014019788373244647,-0.008301550495258901
007,2,0.02126089732808994,0.021334980518055692,0.010841889848119018,0.016833757956600668,0.04381810256000485,0.0054298720723371585
007,3,0.005699305215878588,0.01930604365852757,0.024289293314736345,0.002516454908442023,-0.011112108508296933,0.04587046635104862
007,4,0.025305208900288357,0.02380430341047119,0.03193698303604804,0.015592563789465226,0.012745277786463489,0.007911851716967266
007,5,0.006121628554435344,0.01659132200435528,0.0072916449733704935,0.0016888849527299007,0.02553461508003989,0.016707739477115863
007,6,-0.011555564139382656,0.012550308553104392,0.006673595146507864,0.02766743468444515,0.013950336983857146,0.014574408835675791
007,7,0.03708643756153556,0.018492997897154865,0.012311316222872976,0.028240521526980103,0.0052169453167719175,0.027504136579011754
007,8,0.015650038309446813,-0.006893677928769613,0.02586595995321835,0.009307857703043442,0.006976651398050971,0.01834997223149275
007,9,0.005836588465547896,0.0065282644357541044,0.023473315607412896,-0.020380766651978504,0.018532017064247345,0.016047380781828248
007,10,0.023695124258575923,0.002023513900878129,0.033650304360543705,-0.0020587491182212625,-0.0048509273911023585,0.001645003056430938
008,1,0.03740410394517666,0.010128994429111004,0.015990412726884073,0.0024791170253627057,0.00651513719539017,0.0027497082583010654
008,2,0.0417387058280565,0.01219837948093598,0.037014689993436746,0.023805323038251353,0.014342456646440224,-0.011676480871129137
008,3,0.022843717356431276,0.0160864003665155,0.03346879824331104,0.0015969548760816064,0.024007218338205055,0.005848064429445909
008,4,0.024232213994392876,0.010119562244907917,0.019668526680121888,0.01013546984017374,0.020519665496050134,0.009169729370808065
008,5,0.004524946140893971,0.02261477369261298,0.015579121358913218,0.03041750320917083,0.01530809549276713,-0.008706617408381252
008,6,0.02222804986269269,0.004756729735534307,0.03259377051295977,-0.0016686337002862484,0.012768915366905035,0.009415754408090622
008,7,0.01488214061381028,-0.00357756626086675,0.023510057116269426,0.022247837337151893,0.00029238187695912644,0.005872582076913298
008,8,0.012905687151984474,0.039319470016723826,0.025019946669970174,0.011678394878576389,0.014172722814423033,0.044235912500656435
008,9,0.009438245608168848,0.021947688566757446,0.02961855675183435,0.018170887117766512,0.019922630823851394,0.013042812248887013
008,10,0.013562461243445909,0.04295498353562135,0.049573934899484015,0.015010361371846243,0.020362057215994524,-0.0032372038347313935
009,1,0.01137311387681824,0.012790611698384403,0.044443720809826684,0.007563204829825266,0.027610061364417255,0.019782219912117
009,2,0.012472867170192949,0.0025579790980703844,0.004982076255420173,0.04049049849961595,0.031131229362496866,0.008719738813058289
009,3,0.011748106867078428,0.029975664186447946,0.023276908715890145,0.05817611300301822,0.004230360457865073,0.032642079849319175
009,4,0.021855959388517913,-0.00695721780712135,0.05773929381796867,0.04406497132073729,0.02278800340130317,0.018955689266900673
009,5,0.03419838618902434,0.013375003032842121,0.018475267307707446,-0.010390720901714223,0.0008555483561475208,0.019680937937522344
009,6,0.012339778899008547,0.01932230067078612,0.03310809135809649,0.03356340283720942,0.0017713491673770653,0.049246829722458564
009,7,0.04161845723642146,0.01129969109518858,0.004557655479515197,0.006871438751782676,0.014478526818350622,0.021163812468874783
009,8,0.02934043005139118,0.02391817656249686,-0.004536503274107186,-0.00030330635233035417,0.007571700944277364,0.029188265505055468
009,9,0.03570543961238159,0.004623305793152273,0.025496745848127295,-0.004372253496423509,0.010603440961001112,0.012618512375382513
009,10,0.03716029064305083,0.016679625055073588,0.03366791340248943,-0.005355544162832066,0.0062632179733579174,0.009007470045557959
010,1,0.038659534597850466,0.026999708134030014,0.01907308771463803,0.035536868913077536,0.011772045236072259,0.014501754908092765
010,2,0.006809581595109854,0.012313862468757703,0.015947180403765644,0.021468481217020288,0.020673955017195343,0.008533605754453392
010,3,0.019740940607111113,0.023877631754581245,0.024900164547524976,-0.00440366189521252,0.00949087672827823,0.028642299774613772
010,4,0.005455817601639821,0.009356459313954832,0.026467408892955034,0.020140695954422562,0.026937355176685822,0.02076576217115483
010,5,0.017643051259488368,0.014603230232520956,0.021189900591545026,0.03147116270877408,0.005495828112977441,0.007574915836960289
010,6,0.04628804272459504,-0.004352818806555063,0.021014926238086203,0.025181024954598053,0.023837373889906425,0.018297912130705665
010,7,0.013912957093310752,0.002380997046057324,0.02247363608502603,0.00891072755996764,0.021506674726403007,0.02647386881005496
010,8,0.007571958001320901,0.02879019636149268,0.03951268120731144,-0.03037869390576367,0.031447900904403026,0.03521365736907474
010,9,0.02906270954501557,0.05526883762847835,0.03097520325093215,0.01643072766902656,0.023078252540932334,0.03454110584106211
010,10,0.0270204058181114,0.02110395267248702,0.04514901372106891,0.03497780913360934,0.005140696729544798,0.02634470507813679
011,1,0.00888174278593686,0.03888413745504137,0.01587070221914878,0.016206420316823615,0.045451420433004396,0.016029420848435626
011,2,0.027871715280848912,0.01949355757221609,0.02228245811421506,0.007077644776761914,0.033577717459874125,0.03216274974595143
011,3,0.0353420648175543,0.02511373828889599,0.03507003724436545,0.02387168218539111,0.01729371003054024,0.028742201754635342
011,4,0.03877572134033601,0.011760854959910763,0.00924468036161485,0.027527342980992884,0.025662780206166674,0.0024553024944072997
011,5,0.022786478209814772,0.031304584816173625,0.01465886034428087,0.03136914540228174,0.044115332029687385,-0.011537727637594931
011,6,0.026120570335943956,0.0028962469004840527,0.030498781190304337,0.04211519473990395,0.014941468464045173,0.011973712904131423
011,7,0.02587187556583447,0.0006847672463620526,0.013242176584719496,0.0014771943767202037,-0.006696316035253379,0.027063648744828913
011,8,0.018968575522727783,0.015214011037065678,0.0340358210804019,0.020714098044257858,0.009890842206368447,0.018951126966568893
011,9,0.016528406940632054,0.030759975913503514,0.0004104062804062942,0.004419639399019637,0.01886290698924323,0.04437633525029944
011,10,0.010710726778037787,0.024384381873658975,0.00871635927220086,0.016058185961186335,0.021011039962740747,0.01332775169103884
012,1,0.02822345383760064,0.04160203906279135,0.02878809922390035,0.04427053105197996,0.02705278958501374,0.06621895076133186
012,2,0.024260042954048325,0.03104285873765431,0.033474480348106246,0.02597606509281388,0.051467726535599445,0.050308945152655514
012,3,0.024844212184443885,0.021590583111848097,0.042441747790375836,0.04972415717830725,0.050708365248265254,0.04577207128506895
012,4,0.03473398617823673,0.020295722690257294,0.026747105682585443,0.03534303596388972,0.025814098751692684,0.054835725299125705
012,5,0.02598503858403403,0.04314561982867207,0.03907323765158029,0.04251382857879195,0.02836491523348914,0.043515178091818964
012,6,0.019663239477093166,0.018966689936253923,0.02400712335093746,0.03391641747277331,0.052583429902027856,0.023809777692535502
012,7,0.011986756482337909,0.03659200128627054,0.03328062934159518,0.03898189499899059,0.041752724427307535,0.030771263775419277
012,8,0.023885512466618426,0.0348337712833111,0.06833656912435801,0.016301728627698183,0.04207391011330126,0.04494318815958049
012,9,0.038259349744832916,0.008386175290021577,0.023533275962060743,0.022976498281595443,0.022699467628437473,0.030227330978044496
012,10,0.021876689251194785,0.04035136964992342,0.02287073192940153,0.018344473229001092,0.04410087200394105,0.051465219191123415
013,1,0.0347604711885428,0.06597631986764732,0.060685017221396936,0.009553418043526258,0.033392048890512144,0.02187354279249667
013,2,0.047643962783916416,0.06188943696921766,0.06559665945538426,0.00755717140774144,0.037790765556303896,0.015953624410520475
013,3,0.04158941891847031,0.04794616998693019,0.06615891491635761,0.021435211637639784,-0.00801925802325129,0.032401712279649615
013,4,0.03613459324928404,0.025815050723265745,0.007564300889851428,-0.0060909402550424745,0.043241689787057155,0.04774831609960413
013,5,0.03432744642692586,0.05260435942677297,0.04445396145090257,0.02869045351509305,0.03674562906773653,0.011658756241355824
013,6,0.05374932640867049,0.04156271331473231,0.05343700642548202,0.028463159965137437,0.03440679436126024,0.05097214452549061
013,7,0.033370262323999506,0.02879563593874889,0.04973494016061614,0.008674300991758187,0.02050938489225077,0.020308105539139896
013,8,0.052243809616444335,0.0728937443783285,0.05608374527240537,0.010139412973644478,0.04600869507694583,0.020106179243553422
013,9,0.028321369480110804,0.06522912202686083,0.05329113708697967,0.002833764835954935,0.03877208586527371,0.05344759113314821
013,10,0.030481317925339677,0.056630328244298034,0.06376532642614069,0.045826537469811204,0.022732863417551045,0.011284991623672982
014,1,0.016952413892152168,0.004636751229411279,0.03954503138273417,0.003485181912018085,0.02063708808741912,0.046197854943219756
014,2,0.005608864852694725,0.026440442075777715,0.05642916402893376,0.017956522694566615,0.053028462193236856,0.0440759794455714
014,3,0.020154919723852416,0.03781078470382467,0.01053120170350855,0.03598416830897414,0.04575049166603881,0.010164801947336438
014,4,0.028079664672732547,0.027047628039189035,0.009134922398218552,0.011628886103673719,0.026220835104308043,0.021081914130527766
014,5,0.005395778707179082,-0.00793065947514453,0.017973862183076998,0.02976290339979166,0.058726377716592705,0.01169574943883976
014,6,0.035755920522379706,0.036748062483212045,0.030782860275460778,0.010209576929484685,0.016885794435272695,0.017671805162371903
014,7,0.018447528317352736,0.010114832653348026,0.011804800904287448,0.010017482633915449,0.02549479791812559,0.06074983704936045
014,8,0.04731961356320453,0.005242170362448058,0.03860931665704104,0.021168966192841747,-0.002428284668514959,0.01338244588323651
014,9,0.0034834497034616353,0.015594482464563884,0.012940809267092412,0.045736269855288676,0.010975538659577337,0.04054214070711938
014,10,0.02086645117709507,0.026262125590749984,0.012326008644004151,0.020789252514790586,0.014931030809841655,0.022554360050442316
015,1,0.022502891918218554,0.054117126584559486,0.028167172821527444,0.01568479162829311,0.01083192459768354,0.04327327977996403
015,2,0.04516125467901319,0.03765909622493381,0.041873210501429906,0.008821264891189996,0.040245098681296644,0.027163675792722736
015,3,0.0445934771870463,0.05674794374796306,0.034806822838416684,-0.007087404476242334,0.021752557097866845,0.007023873301402295
015,4,0.03874007853068473,0.02419351920792604,0.04388256235505352,0.02314642097209204,0.025679431235893526,0.03178228377625298
015,5,0.02197892815109284,0.03151518443436824,0.029527233249735513,0.02281948394899533,-0.01014325643831562,0.04055363640070463
015,6,0.05785854200187499,0.05356699681332748,0.06595680145770891,0.01118636049287011,0.02975147049874096,0.02300127078015008
015,7,0.02790074030935575,0.04857754540143954,0.05373414809569747,0.010108525932723074,0.025784739645044043,0.029679339284515945
015,8,0.0395693486187773,0.029085968618426453,0.0065638074322074726,0.030614950799371078,0.035636186774301096,0.01982316573132269
015,9,0.023741923076615993,0.031152482291589123,0.028650633479264602,0.016831330678656525,0.035195552635680215,0.004164806829155889
015,10,0.036542740310795366,0.028293603663780087,0.03753446077409543,0.020696511059298556,0.022805625752696512,0.021695982432995194
016,1,0.029319882784087502,0.026357018949617495,0.02364896127205207,0.0011719485789059355,0.002556355872893038,0.015571859091225116
016,2,0.014066502993283584,0.0016208586885262137,0.013992952894733002,0.006744071729548211,0.012998771318998962,0.006948857040886581
016,3,0.0237721981633994,0.010596131549526825,0.00481562547967523,-0.0094129829294482,0.01221549735333202,0.020089187984492163
016,4,0.008883027834468963,0.02496973774660845,-0.00039965535445714935,0.017095555000848094,-0.0001361062449445192,-0.00015029952347046544
016,5,0.03432820592947347,0.003394347574011188,0.010832887145058112,0.0054099152632409294,0.034406698903669354,0.004366420342901494
016,6,0.012919832770841943,0.005941663687325304,0.010124616499457397,0.011192423768986768,-0.010700206015474518,-0.006932378531164848
016,7,0.011821013399657543,0.014080579711458235,-0.01307697731173128,0.007379527862529128,0.015113320505672144,-0.004038360839119612
016,8,0.013176648629474331,-0.017511890436452862,0.010121272530201654,-0.0174711915097881,0.010080175304824225,0.005736143624917201
016,9,0.02068556731295811,0.0075976020462698805,0.005924565884175813,0.011878648503458754,0.0049298854742362164,-0.00029138480529970957
016,10,0.022959352854392125,0.03454602869965815,-0.004961934119881632,0.03108958238238289,0.012715847029718856,0.01832040358407257
017,1,0.043110612030077725,0.017348267103718333,0.03685402380196316,0.018009815688674803,0.03256368826465673,0.04667311731739211
017,2,0.02925295985902925,0.03388157387530637,0.00878103402659021,0.019774208154904126,-0.0036013530993902823,0.06941743691537935
017,3,0.012258458936892265,0.01061820383999406,0.015589242569125271,0.03229487028369404,0.0352445553924192,0.02364997676076129
017,4,0.008607657300870358,0.04061177924918698,0.009376012444646236,0.022518880169437594,0.03943214762351547,0.026721533099285853
017,5,0.011159613126139861,0.011332725560632936,0.023189622532423525,0.03628532127315789,0.042242973509076444,0.03460865623522288
017,6,0.025234685369601755,0.03944740141084652,-0.0011082030713084159,0.016595419286841592,0.03217750889794466,0.020963236387182293
017,7,0.031072659908147084,0.004520545403091815,0.03779186812416973,0.02000668381680374,0.02266422908252762,0.022662924780422658
017,8,0.03006077066591147,0.022524389993518218,0.012835803857139136,0.020734175023621633,0.017923458646978568,0.03703346591862466
017,9,0.029839153077770374,0.024423610063814882,0.020223613256040614,0.03024231418411475,0.01484771444690432,0.047162797356850555
017,10,0.032449159479522566,0.024869200310599554,0.026218585952833582,0.022015324220810935,0.05338460991712414,0.023152634484607595
018,1,0.02038565899762447,0.011875610535709773,0.007743705380683779,0.023392183299070085,0.050943703427853204,0.044564521946835814
018,2,0.04338233111012994,0.030478948085747144,0.024494471465484755,0.0230082746735508,0.03171665743276045,0.029091170991891714
018,3,-0.00027650394590131235,0.03942947705812367,0.018435112799834036,0.016191970627837053,0.042049936411347286,0.019092600391040937
018,4,0.005192678499331102,0.019320766556533805,0.0321043928715041,0.01355268744589279,0.015472127798618106,0.03266163959529771
018,5,0.04940620856044981,0.030088135520805803,-0.0005038213284252607,0.009595903728976281,0.033542208682623316,0.02270399896621812
018,6,0.0013327715191254548,0.04993166480483882,0.02061947236217438,-0.010538085454265211,0.035921351894746024,0.0195102283453237
018,7,0.013792700425156998,0.026897886043042177,0.044271922829126904,0.04597556513070316,0.022259832074982628,0.04305735025046673
018,8,0.033892527048383185,0.02703600953902009,0.02289254140920213,0.027360203780107416,-0.0010366823168727016,0.047782516588925905
018,9,0.008967360767713642,0.021590952649791714,0.049890172976809276,0.022350464156885616,0.05070803933399561,0.04339418249820711
018,10,0.004084302236753832,0.03682451005272287,0.020282891243847113,0.026396009605671643,0.018862999970395856,0.03464965217309908
019,1,0.01613696794279558,0.0055115488450445315,0.00816740133039467,0.035502112897772636,0.011501601198699325,0.0171738863425453
019,2,0.022769837342393663,0.01568907234357245,-0.018668186908877598,0.04693062683063446,0.034676901490988093,0.032942755898113234
019,3,0.019122079771818172,0.024175041196484195,0.031047186990768014,0.026213117695557536,0.037240178119167626,0.028939448461649298
019,4,0.0335070446183743,0.028161905093176336,0.03398557067591622,0.01552395786616143,0.025269601813278683,0.02114530696797719
019,5,0.021160028829285697,0.02209755865153251,0.02291865253360769,0.06633110487356884,0.05180941873311782,0.05607708359430672
019,6,0.0012563824927554973,0.0259819122813158,0.011159665925966535,0.0328059978561803,0.046701698945134706,0.02766439665569712
019,7,0.011511698468232846,0.004992676977837552,0.026635280061845783,0.031025064846483087,0.013210967679601848,0.032578463930167105
019,8,0.014251187109808716,0.0062669756164226926,0.013006738454989522,0.02641610710147887,0.03692333427202712,0.026285494068081148
019,9,0.018786564806623864,0.023909660915225533,0.025971021539337263,0.027496577564600593,0.04942595368007559,0.03261321254458671
019,10,0.008112014782669902,0.00833234195022845,-0.01293980116694459,0.024099770239687734,0.03675625527178136,0.008326543696331542
020,1,0.05844960019780265,0.031461255997449825,0.03853788564021752,-0.005774477045261597,0.01678086197028558,0.02847794936114404
020,2,0.038456607043821936,0.022974423832837106,0.0098751467212622,0.0008315196902534273,0.003977479595875411,0.031004549514086776
020,3,0.04513076291958245,0.03421077252626355,0.017138134519103784,-0.006140804737826628,0.031129426830904208,0.01919939273684537
020,4,0.005577437658199574,0.03590989022382628,0.026072005255587397,0.022101024207232683,0.040376379294338446,0.014712586099839598
020,5,-0.01299163787411479,0.005544607348433749,0.008098234612749772,0.0138652999609438,0.014347023466940683,0.009137728692830926
020,6,0.03869150958125152,0.014764105990410921,0.0023569253448855135,0.02147130633726516,0.019264185647245732,0.010634720906160508
020,7,0.0232770663823458,0.013506763643852492,0.012872386952596028,0.036759149586184627,0.0004204938129488783,-0.0017705381512539814
020,8,0.01721933947700519,0.03883900373118601,0.016659855177245077,0.01663772282346945,-0.001494875320234725,0.030516331657360174
020,9,0.028513562765741244,0.029494546104037764,0.03894825917649669,0.030368436609715974,0.04073962210197209,0.021762881420017536
020,10,0.02254605580649333,0.019804174592732687,0.014530039563763716,0.02187548558532782,0.0015320596896096692,0.025977529469760653
021,1,0.016488865478867812,0.05721974119647646,0.05005859888508417,0.012044970453490584,0.0062094431324043985,0.03429229573355387
021,2,0.05393779545290971,0.023359782857060307,0.0318422723091786,0.011859514367720559,0.009908915207531536,-0.03726373786711142
021,3,0.027150960048756067,0.02712509242433068,0.031657209336989914,0.018359727211368866,0.037775149338371374,-0.0030273264981984897
021,4,0.013255544756468422,0.011716339359869344,0.030056669448068223,0.034047865313494526,0.011688522887250159,0.0012941396165990617
021,5,0.028631979070240048,0.014221394250999851,0.031154954255341653,0.03747577792300787,0.05330021939330833,0.054544147912247806
021,6,0.03985489326176732,0.020893240268908396,0.040611442446935916,0.01564751621638006,0.061024216881022816,0.029905594063103242
021,7,0.019836534816468427,0.047176080197246326,0.03856175186349565,0.013959493377214367,0.033928962598034455,0.005252501175053064
021,8,0.0529809590921595,0.036591843520290504,0.02233456450532242,0.04392964866267377,0.013459053410308725,0.02134240612251183
021,9,0.029634796065090892,0.06847011076336164,0.01640022447069079,0.019519748571892277,0.018047485308310345,0.025507756798355253
021,10,0.008147010479072994,0.02215082618951361,0.04113524105788914,0.005813654467148723,0.04134857496072628,0.01935638308270133
022,1,0.058993469403260945,0.02547351192513474,0.008796587018400455,0.04562251004968009,0.035414334567304,0.05350605285364653
022,2,0.03944089253198705,0.015391047525814036,0.04355324583102234,0.024353543082900147,0.030991576545266887,0.029577981797264518
022,3,0.014331156323137525,0.023430261855424447,0.013269239377385245,0.03371141599086701,0.06395012726019303,0.04096921007485558
022,4,0.033797931940802044,0.026219348725618492,0.017534192265751234,0.03588503628263715,0.05341005319518428,0.045001794448141355
022,5,0.005696162204979355,0.028463090789942556,0.02472243216541277,0.01881696590449421,0.03497973744504509,0.06215735870073862
022,6,0.019928931076177613,0.03427222496940651,0.01201869693962873,0.03343844381117824,0.04312007554041243,0.014756976579792738
022,7,0.027332926541261914,0.010830457940706341,0.004990878185576557,0.04354862992506415,0.02575740425530279,0.04127380803601119
022,8,0.024608990134217114,0.021392676887690844,0.03332990122612066,0.02943793113920948,0.052250327250626824,0.04834379206853208
022,9,0.00861775010917978,0.00569573813968569,-0.008392678096676267,0.02661547632443755,0.06011193297419151,0.020965715134225515
022,10,0.035532416688211575,0.02394429543091105,0.00687106235854032,0.030145584623988836,0.03456749538019183,0.016476374706198966
023,1,0.22673119490419968,0.2055670180914481,0.2993138885868792,0.18032922568053217,0.15820146864696175,0.22066962383645175
023,2,0.20763346031048488,0.1919119937766854,0.23807571109885856,0.17188122798106326,0.19068126438224695,0.2420365719870088
023,3,0.20838945255816332,0.2092201224405169,0.2600617294667517,0.14752853703462507,0.154617915551227,0.21917773870527002
023,4,0.16054290374022234,0.13855934258058328,0.19921563707248865,0.17612728463418487,0.17695416175728185,0.23120012439689056
023,5,0.19129867511471424,0.1854239975748259,0.23171700629031328,0.14719229434733955,0.15524100230552274,0.1964952423984331
023,6,0.15977848473862483,0.17744705801527008,0.18881017685936105,0.17966343920386246,0.15195478718050096,0.2174575436388061
023,7,0.18327517216160133,0.1618756217383955,0.23307414418650427,0.17760169560122777,0.15391862665833134,0.20711091033335893
023,8,0.14279807684179843,0.1566890784760311,0.19262718306036916,0.1771945138478258,0.19071579171039307,0.24104379943704168
023,9,0.11829220591283005,0.12927671108243885,0.1779584225662416,0.12346888484641995,0.1300706789179397,0.14371384953182662
023,10,0.14226259096519053,0.17518111141321827,0.20683640881204052,0.12271200342128626,0.14313877546815076,0.15404247022270226
024,1,0.02085716779378456,0.004694165994457933,0.03280216207937824,-0.018164845280712476,0.00424523079644858,0.015696735565686543
024,2,0.03675594049471719,0.03256528150891904,0.031602419524692116,0.02633420529552818,0.012996770231294953,0.009379547414893587
024,3,0.021527148211247814,0.01998574408897919,0.04087538036930616,0.0346823968994187,0.010483877634799809,0.035691919680094115
024,4,0.019991100124353393,0.00766546864170273,0.034010806209387,0.010524972023242459,0.014495450849557352,0.020298455311119942
024,5,0.009788814235042815,0.019671733585528414,0.05528774905846956,-0.00023364023562549906,-0.0017311300895912368,0.02700687795340481
024,6,0.02310169935374672,0.035610842671471375,0.037670662458034965,0.002685843612187447,0.03364997268188764,0.011519469403317861
024,7,0.02701330891678619,0.018289613370785312,0.029471699702768923,0.01938656421437589,0.03444827076339789,0.011172074866988096
024,8,0.037291051759527384,0.028051527547755105,0.003944713534224755,0.0012025111430074744,0.0160366488975021,0.005136900144747493
024,9,0.016820891583508423,0.04140664025165023,0.0012341384350250332,0.04272195520042405,0.011162413572302552,-0.0049776469713335245
024,10,0.010905755969818577,0.018719958711174,-0.0016094965931522883,0.04252066914007357,0.030417908706212513,0.04162404733412751
025,1,0.010090682017534637,0.018679331565163444,0.03330025233641257,0.008275570749404644,0.022601501492578096,0.02369176865381292
025,2,0.01633282562613721,0.021631637220205644,0.038538361887147855,-0.005546150881154004,0.012524708503166827,0.004872186539658519
025,3,0.034581500382388865,0.019821148231900305,0.02460338780010915,0.001022202511894963,0.0008785090515213388,0.008719645475322073
025,4,0.02253887900206113,0.010037487205593904,0.00238585301537085,0.005497288251821515,-0.028798739305567745,0.0019941446671243976
025,5,0.03659366461320874,0.021985669970484904,-0.004669304349978934,0.005692361576523952,0.004743891392241957,0.018143457611926525
025,6,0.026336023326769945,0.05912050780350554,0.025271004309102445,0.002476049603243269,0.018833474495324826,0.027463355817976175
025,7,0.03875102594086691,0.0016384381036044292,0.019015823195842572,0.015623873039160354,-0.012528205605096281,0.03215939536320782
025,8,0.011268024069667457,0.02872751244110146,0.02747412703722449,-0.00653966081673837,0.00598942794124482,0.03438911683139683
025,9,0.03394433905993702,0.012710427493099136,0.021595018054911562,0.02072694274141026,0.013558878522446251,-0.01611294203754926
025,10,0.00394384433969811,0.03714768524104504,0.001186467779740587,0.004413817903199377,0.03218660201485814,-0.0059095803886560485
026,1,0.02992618732489968,0.023890945974673897,0.009492753385351394,0.02117863200053547,-0.014814364572528613,0.005462051634974605
026,2,0.010880809528625501,0.0013223604217142057,0.019050430674257993,0.020639325612018616,0.0019655751331834406,-0.011774001611957137
026,3,0.013243704505421224,0.020979933723109336,0.029710598018146534,0.025143605530881522,-0.0013681500671592216,0.03259518884201334
026,4,0.010629979112748702,0.011557067025941992,0.02351007136211445,0.004058985880112263,0.014048975367434243,0.024698374765901653
026,5,0.020679085624168033,-0.0010061340684492665,0.0058935301720722585,0.03471734539181724,0.01148344317770863,0.008490609792564623
026,6,0.019924672187079003,0.011174394995375203,0.012086063613662766,0.018154332266926,0.02376487817132872,0.010746544527239289
026,7,0.0034533236280531085,0.020260462867990332,0.010862100180187306,0.015944596897514308,0.005244122739528685,0.015651896863427883
026,8,0.04004733161682534,0.011666961737745995,0.040205008562450184,0.02685571316039402,0.01787637452298435,0.018817297109404572
026,9,0.030787199477039437,0.016894339791893708,0.033751375569327974,0.006828511469412731,-0.011666216827066835,0.008282434602854652
026,10,0.01990653644709516,0.007755087584295413,0.027453930117058656,-0.006981517470940865,0.015417939850827247,0.007341130071211525
027,1,0.011702242183278715,0.015938747173146226,0.02530913844603701,0.03388281951478788,0.060050152852590286,0.03393466667674228
027,2,0.019599550513859476,-0.0037540294211662315,0.004079554987110231,0.014829387765956433,0.01852167981887484,0.04707260525935421
027,3,0.03887001487663759,0.021087809780799504,-0.01241389811098764,0.02411714335445121,0.03966783418184094,0.03546358226702661
027,4,0.03836258666020532,0.01886512262810446,0.03415267890760518,0.014749976466714639,0.02670036656724053,0.01618002586753097
027,5,0.023954720777296927,0.0051475569654066905,0.02169758811275629,0.03374195408907382,0.017171630978662093,0.02956576982485621
027,6,0.04579838640448292,0.03044421967760966,0.025098571386864384,0.04251872693854199,0.041335904308268195,0.04162323704575548
027,7,0.03472678057443571,0.042984419549319995,0.02570837130931553,0.033710511323863115,0.026094328810260546,0.04789558833208784
027,8,0.042064514518317574,0.013362217032922738,0.0249105182387484,0.0012172546576354145,0.01734221951304353,0.023250471383920605
027,9,0.03223713204983,0.005601671617501967,0.011538590394843787,0.012828444007694225,0.0014098770473769653,0.004649572132814688
027,10,0.01847582624875808,0.03286047243524126,0.021715974895748263,0.02107425872075538,0.053179367892421656,0.04121529074922405
028,1,0.24374188023068763,0.2897641124290561,0.31028429730407986,0.23760633852378812,0.25790425969848807,0.29072787055724
028,2,0.20405696755726485,0.21440385294564554,0.2406575010764858,0.19852032909468867,0.20046145140601235,0.21327172215448492
028,3,0.21768389582553568,0.20695326126679256,0.24917516245279805,0.24669524582790087,0.2323155474647841,0.2542026118735437
028,4,0.205165945408227,0.22590506087883636,0.28150933192226685,0.19286724905751965,0.21292255950317965,0.23945495030334454
028,5,0.17319377602398509,0.17290101206106775,0.176672040039598,0.17442436539472694,0.19264573785776415,0.17379375241246334
028,6,0.2394768896123627,0.25288316535148025,0.27420102363600674,0.14349125802018264,0.12396147723853472,0.14560077591535373
028,7,0.14936103335986411,0.1488499015202683,0.17441270343919404,0.19106179682026445,0.17294747659170404,0.1908541837031519
028,8,0.20566652617962683,0.21980249149703424,0.22971046210694132,0.14232306156893496,0.18842795781005797,0.2104872347799018
028,9,0.18104331151670205,0.17163364978903928,0.1958004428838118,0.1376211036786003,0.1366714906544182,0.15433095637458868
028,10,0.20007406856673177,0.2240238756314166,0.26495267125434296,0.142203277001577,0.15093352212101974,0.16223104063046467
029,1,0.04309672819096877,0.04987297799304536,0.04194226029211615,0.02523832637580922,0.045665349121336754,0.038610415843378015
029,2,0.05099683610971432,0.053065762981395266,0.03409120568652121,0.00773701178307005,0.05020828422492488,0.025854331419677152
029,3,0.05104410419694255,0.042219191159590205,0.03393969106975924,0.04218130386845833,0.009767746384158133,0.04781757891639485
029,4,0.04921201437200215,0.06792928928141893,0.029345217560970006,0.01527681772300764,0.0393206660758858,0.025671443578105402
029,5,0.029732722654942284,0.03398943606902867,0.054122729298058773,0.014480114427108226,0.033865340911025006,0.039272904383599205
029,6,0.04314253892022961,0.03604923038253689,0.0163704261974375,0.011121467966157646,0.047226121383877946,0.012066337284920873
029,7,0.038461159334604554,0.03486787477901528,0.022533559220669658,0.015518772278589157,0.029883678990659537,0.041017368403567483
029,8,0.0589778315513901,0.04081135138551514,0.03096404652654178,-0.002031123523566488,0.040760604229781235,0.007142246248911652
029,9,0.036914351156019654,0.04696598682603849,0.014534688573981621,0.016194897164178764,0.03923746236212276,0.026069251050852716
029,10,0.0032542743373976954,0.035468974610223455,0.05246074558439224,0.020528502315509973,0.04152224012077978,0.007035139690958354
030,1,0.023939398329350124,0.01643697422437597,0.014340046013045034,0.012484336568627033,0.0019842746872553644,0.010742349772377698
030,2,0.00476803375567416,0.024482284161010635,0.02665203305867085,0.017498879135194996,0.01591268983244492,-0.008206544614339523
030,3,0.019232099887592738,0.02927401030518643,0.019470406738621385,-0.006753935181292248,-0.009251930452606883,0.003439561002833461
030,4,0.010273699631042035,0.019715553850534914,-0.0032731786012754026,0.021300044071737037,0.01824209763938517,0.028955329075962388
030,5,0.022205662828195322,0.045742401026291395,0.018460132064108317,-0.0011093389079206782,0.01903824447452313,0.02835205041353557
030,6,0.0283329474189758,0.017570491685161664,0.003431567937277316,0.003030489918601393,0.03223346710452113,-0.001408978743328046
030,7,0.023441449435371787,0.029985574094412253,0.03685678898378316,0.04690234489131793,0.025163994693492366,-0.004915759057442521
030,8,-0.024356830532986113,0.01606268138382171,-0.014290587951915366,0.026652753674431245,0.025089126700897083,0.0010301283247001187
030,9,0.00021653404613287746,0.023961937744969186,0.025879217891049484,-0.008797971113968388,0.007327585679584538,-0.0022352101180275865
030,10,0.034378930779901305,0.032085095368401824,0.013308556111863368,0.022272193627828625,0.003248576953078926,0.00865922198439364
031,1,0.017137381605841592,0.014778094726917393,0.03638239493577128,-0.0012903809535218982,-0.03192681057137622,0.02959860784713645
031,2,0.011788682855840444,-0.002247663694729267,-0.002980304079940153,0.03544441671679291,-0.020434189878393155,0.025695392690932087
031,3,0.03228758374424523,-0.004870478048052089,0.04818047289555795,0.031947145464339424,0.0020637428585182594,0.02083553052098213
031,4,0.008717555334068712,-0.0004322578283786159,0.0350996466415084,0.04693406424278489,0.008775332774483278,0.017939590562466648
031,5,0.03740372105571824,0.017622279007188206,0.03141279109864605,0.005200083596372309,-0.013678576142309842,0.030330711885222628
031,6,-0.0007626495275690028,0.019750760853268712,0.018091106779963537,0.013035037392898585,0.021294558913743315,0.04286520676667625
031,7,-0.011519426658630101,0.011362527600931399,0.0050169121178083725,-0.00017523135654470495,0.0018178042992549016,0.02452676284611272
031,8,0.0031024037291758075,0.010735107445916351,0.03584833173944319,0.02860696786288998,0.009386355588490929,0.025455249515000427
031,9,0.03138731156814743,0.03879663614781056,0.02387671298249645,0.01382587686894263,0.03338006325433459,0.03659860232581438
031,10,0.018833591913145854,0.008673448869236955,0.024085580704663465,0.01278667465375378,0.006417725359099807,0.02530676819936631
032,1,0.04273056669935045,0.04726543733888109,0.007782056819145353,0.009856320017192464,0.02519028761766328,0.016494506837340335
032,2,0.02008795835247132,0.020345934439176802,0.020871676868862734,0.025588279874691446,0.005444655741749563,-0.005755538781110154
032,3,0.01154986910036163,0.04675433237792402,0.023520437778999686,0.019571127022135114,0.009704065829481388,0.031496748666678905
032,4,0.03276389215233735,0.013005466052638403,0.042834721521521804,0.024712043041348965,0.007941134941288909,0.006309457166856477
032,5,0.005306980804841978,0.020868942345642377,0.0394193963431917,0.015350636430055667,-0.02071259804192717,-0.00469477360689945
032,6,0.010550439917968795,0.01545664940204758,0.02390224192604974,-0.009918723945171017,0.003952284570760591,0.00593163655170708
032,7,0.03194710590125071,0.01838060854237805,0.01759838629482724,0.017957670601694495,0.023760632054922584,0.01582241625783809
032,8,0.037562207148078855,0.013560744911450873,0.0438784833673818,0.043164036615761965,0.024097141273116632,0.03113430197883043
032,9,0.023362323034444476,-0.0030652379946794124,0.06319559923501461,0.02520998307923008,-0.008711198151426873,0.03398675455522081
032,10,0.03992504105264282,0.01920045412602301,0.005261300703968666,0.005479252348172493,0.013193731347879427,-0.014534006268985471
033,1,0.05731519916936792,0.036156333375672825,0.0321829607898685,0.06910397168285104,0.05960825142654468,0.04484333025797232
033,2,0.05857000354744488,0.027391494115102385,0.040003564626237685,0.06748568100200593,0.02070242643850925,0.024574529065693806
033,3,0.03702131737563155,0.038007985780784646,0.032803951386794296,0.056191907201414315,0.03889678725199063,0.05351706759502428
033,4,0.04441803515282683,0.04599164843477395,0.026093820351402508,0.03545907003194287,0.03266121963508566,0.03668452399521289
033,5,0.049768796395699845,0.05110072373854706,0.013175862341500134,0.03367434655599493,0.04328289360428339,0.018198057010524443
033,6,0.02850256779645854,0.025003152657086934,0.0670246085724162,0.0321190208009702,0.006689324547709042,0.04191267217741499
033,7,0.0380445351812762,0.03205692652229622,0.06037178945259686,0.04128878618398341,0.04468362583820709,0.0010099792889986937
033,8,0.05647132068073154,0.0569098535471581,0.05179225550159136,0.029364666455475672,0.06696562831411057,0.02907756085491344
033,9,0.024938607363773235,0.010259074547347808,0.03944634753275353,0.05747922266924435,0.035965432689744885,0.016949529113022634
033,10,0.05673877577785256,0.049963783199606794,0.035728573906368584,0.023090182755643205,0.028676471042979608,0.03065315161981088
034,1,0.0351287757014024,0.027671944406976505,0.02880191675701094,0.03803144695030448,0.04413602981670184,0.012536255373505889
034,2,0.013611866857323485,0.04549855966770549,0.028117287341410845,0.022932007009853404,0.0350601116430367,0.04192016279918066
034,3,0.02048575648459583,0.025149993814138932,0.041477373432220535,0.029542693386049694,0.0422946570459057,0.01691390573300391
034,4,0.03245094982560659,0.045680700927043294,0.04672365762898347,0.01635111330261243,0.023813374066654135,0.03918998762788457
034,5,0.04888281537844982,0.04703335923242206,0.03928755529420672,0.04548647911121169,0.020271431719053035,0.044692307253783106
034,6,0.026113713496527056,0.03490093857296483,0.055827546524166875,0.03486239148437284,0.037808718457511284,0.03354045440436643
034,7,0.04888048590845141,0.04487807532326608,0.030867773565946686,0.029978409787834087,0.03484585804390072,0.044324086452225964
034,8,0.016473115695244255,0.04183277825659216,0.04437730007316604,0.048251564885218944,0.040242914471596315,0.00943061839146597
034,9,0.021344695038345643,0.029181710217653332,0.034969451715170005,0.01987792569305371,0.05087066451641502,0.0335708112494142
034,10,0.016633802425108063,0.023256665277837405,0.0358521301834469,0.015413925227167675,0.034871532714561504,0.012561567266581234
035,1,0.038766708437726484,0.0174187980623902,0.024164039806847306,0.002969755715836791,0.04941687693103256,0.02871133694094046
035,2,0.006308585652919058,0.021587919142134808,0.03254187991414306,0.02364570250221301,0.023377227332226223,0.017535814108840333
035,3,-0.01925285400743492,0.0302461935084683,0.024201975326010105,0.013976952989591706,0.04900101048081187,0.016771494817389855
035,4,0.025347606836587627,0.0234673994672116,0.03321923391387146,0.016595142158455308,0.025264732216145246,0.013893450018824385
035,5,0.03818409936212459,0.008802591755704197,0.0213838715179951,0.01958032495271683,0.019751991647718507,0.010923192722410728
035,6,0.024326502284912777,0.007989685967464976,0.00726949468127938,0.028781612177499787,0.022170168714444986,0.0318995244206451
035,7,0.022055015920060022,0.021860072200297318,0.009546820988802962,0.01551752724143381,0.036171853105274716,0.017360078025233157
035,8,0.0006285945474321834,0.015285683457199661,0.00542619549896558,0.008576509826615905,0.003870858168923139,0.010816301088271448
035,9,0.0074760932454911,-0.0028958138622662013,0.04008344602987819,0.021919958981112125,0.02947829991916549,0.015885039179287092
035,10,0.029172727016255538,0.038417875990082895,0.04711155488834957,0.022660786299720365,-0.002146690691229357,0.02481942019411458
036,1,0.02726175329277141,0.010691736254493997,0.006791840568947271,0.005471730729422175,0.019047193748472923,0.00598787796174155
036,2,0.02705994892532194,0.03308545858671549,0.012802603295371825,0.03099616699901593,0.028168676764263705,-0.011644126372686161
036,3,-0.003988131413008775,0.009026391144630996,0.021523061315353458,0.026042545595418506,0.0021206501976382187,0.02272901654153075
036,4,0.031131446910785784,0.01639635095813859,0.007078179533850508,0.04239041393125315,0.004563972915745194,0.017673926254626177
036,5,0.011287746727972113,0.016223134629163385,0.03182505722159153,0.015389591342325162,0.030376405942168023,0.016439849282214803
036,6,0.013325130064351067,0.001110528777477224,0.016598103068511956,0.021901419800508706,0.03223581208042216,0.031202481004283564
036,7,0.022720307255011545,-0.02187352085884257,-0.0014186469780540136,0.04020845422538436,0.02241591826464053,0.01622748407128579
036,8,0.01702084053482849,0.031993675713277894,0.02348401032004643,0.02520023586629317,0.01425809703905168,0.04521417020231695
036,9,0.02749843077404873,0.03838561592825411,0.02312767324919493,0.021319506389717267,0.03103822731719292,0.01705705975438472
036,10,0.029395457961544455,0.019800452910560658,0.005105663965583678,0.04560941210208432,0.04926358655926491,0.042527858207176215
037,1,0.015123728544129505,0.008558409829754027,0.006268858308095286,0.03479990609227173,0.03960030127885277,0.038496697283663305
037,2,0.008535731497953766,8.780449283286687e-06,0.01771794319071463,-0.018076123135424244,0.014675693927391747,0.008533108384642527
037,3,0.006597865246835209,0.0017027395713191539,0.02126379470058917,0.006464940141304613,0.023966956975176777,0.006632744382867109
037,4,0.014335069109871331,0.01344859395377027,0.025729848176664634,0.03048282503375088,0.01830140006493573,0.025957316773721952
037,5,0.0249220171964216,0.006981665584445166,0.01646812749081855,0.004129119296717988,0.026205636289731497,0.01577731784941584
037,6,0.011001374594571992,0.011567099545756458,0.0008106703778408358,0.04420296212000715,0.002820248931567646,0.021185614604298412
037,7,0.0469898455751669,0.011104283115314476,0.023802755336306516,0.018010770497409092,0.010153932348659812,0.03768048276737311
037,8,0.03133059412296443,-0.01629723607184325,0.010112334580282167,-0.002623022958597996,-0.0014620077745692882,0.028067249400637383
037,9,0.0014932877158827394,0.026760657302280555,0.014302020909567939,0.003625982538248269,0.012887672432174159,0.02573644382363722
037,10,0.01233434786408346,0.01851020341652147,0.02060102002108742,0.037038194401604135,0.01873632431695363,0.029109672374792974
038,1,0.1368510436953991,0.11061459264381879,0.15005550614545077,0.14741075981301544,0.15170621928364275,0.18089216693153182
038,2,0.12382686818861094,0.09273325257634278,0.1333868810096136,0.13397071320567072,0.13878640391257802,0.16321635673872242
038,3,0.09368366807079656,0.08025901764546824,0.11061377923914623,0.12611742828305997,0.11875363790787594,0.1390558736461657
038,4,0.1219636429147479,0.10534121235210052,0.13329459642553718,0.14510473031271967,0.13327652650214353,0.17351474102315526
038,5,0.1011934651066286,0.07304000670060704,0.09793516587261873,0.1132972704362674,0.1306143308135946,0.12384329646574418
038,6,0.11172963081639195,0.08839645717051618,0.1066782343666952,0.12156030191352364,0.09971572649708069,0.12110079669869848
038,7,0.08141748702380426,0.06501366651076182,0.08526650395033206,0.09988302362932801,0.10926539427634246,0.13619363984071123
038,8,0.09226002417419193,0.11635127326659726,0.12461182576504756,0.11842857822773875,0.12120168399414413,0.14667285830491847
038,9,0.11304743145383232,0.09037459808414025,0.11230554586199257,0.11233243055345116,0.09901925449411161,0.1399178846420772
038,10,0.07106283176307453,0.0821362057084193,0.09930618486534927,0.12165749451449243,0.11790144843103899,0.1584759227960336
039,1,0.02390221959493706,0.02040927645588853,0.0006524173801997588,0.02225278533196825,0.011930236814039817,0.0077980757620775745
039,2,0.017685176238831066,0.01655502015430213,0.010482263272722246,0.017363285426187192,0.018987361141899518,0.011940958001121523
039,3,0.034301389260060794,0.0211468423119327,0.01018143451375923,0.01754726349193393,0.0010239162886195785,0.0032669850497285156
039,4,0.010602806020084525,0.008876779793300635,0.02886625908267918,0.023281243745412312,0.02378204226198194,0.013492529305772804
039,5,0.016623114218563488,0.009091789325726293,0.029055061611012723,0.014069512925340321,0.0068193537829126655,0.004033177691417722
039,6,0.03193962637524648,0.0104811632182301,0.032828842792198026,0.03096377127767129,0.011629161137801153,-0.0057823217189824135
039,7,0.031397673446806405,0.017202123157984,0.022412798714135634,-0.010447854897889871,0.01832825114985383,-0.000279428030630934
039,8,0.00832877019218739,0.0074202315866826,0.043974736592534945,0.010916938544159592,0.0022917022255246502,0.0039131452201193045
039,9,0.024123919779268126,0.03254175740097069,0.009747758547818293,0.018062320838165526,0.011327951271565382,0.034705276593157926
039,10,-0.0030859302985309397,0.017150813254381118,0.01663694728633957,0.041865838805943426,0.043147840214235865,0.005497333521664551
040,1,0.003800768288814846,0.019905030929961143,0.01909659292242827,0.05386618555377292,0.00920274913297524,-0.0017582723542414046
040,2,0.012047652680401238,0.013859352073433223,0.05081242659856777,0.019465308633945844,0.02993719564596998,0.018976985662687403
040,3,0.03321901527071881,0.0381375440391893,0.03937333990470236,0.030057772704867203,0.03517799470328184,0.0013124904268544428
040,4,0.03347849492323547,0.0355819971408004,0.021384572126514553,0.050338203073596065,0.007216881909795157,0.035496217474049525
040,5,0.01859507119157795,0.03110281518782067,0.016811508103103636,0.03801022701096946,0.053323726052134195,0.01925749344936722
040,6,0.02435164730420335,0.024418132037983074,0.012371331004313542,0.03606100658417821,0.034420302987149785,0.03250381972096297
040,7,0.007333736048331397,0.022758310765836093,0.01599701264785832,0.042013049822582305,0.0616737565992533,0.03028556941118369
040,8,0.05045909605666687,0.0026580926735510955,0.029325882153371778,-0.007981321901137409,0.033582031665448785,0.025575499411227186
040,9,0.04058239318089419,0.02668550643673819,0.018018474981937965,0.03163000908755099,0.024183215732154723,0.025964558002014356
040,10,0.026202298293225474,0.029798775254000168,0.017016888215459953,0.008964315019708695,0.02455796928460496,0.004427864530833459
041,1,0.02032352779022148,0.023573932245902266,0.0016866299080695913,0.038532471965505924,0.03749271353601256,0.025516001676882723
041,2,0.046704753250733054,0.029687141315534606,0.013611946831902387,0.029625794139953983,0.02314764857030748,0.022329635704381956
041,3,0.02481509395321313,0.045624550751413064,0.008962338227170807,0.042407100171404886,0.01544439616022611,0.043152960515656334
041,4,0.05757861175050512,0.04097940043063274,0.03420384012806744,0.04029801607065113,0.003039618342757145,0.03993978898262332
041,5,0.03571530465181021,0.016189201385669538,0.018939251512948424,0.012997991604316373,-0.00386621073953351,0.01672147340292068
041,6,0.02845274322448251,0.048573913223573385,0.015749883395006808,0.05466036623916905,0.028394654074610032,0.012917913599643498
041,7,-0.0031929890079688728,-0.021399417070503624,0.0031226499152998744,0.020378033387471146,0.025140317129787166,0.027734162911836047
041,8,0.03795574088390678,0.010852146056909494,0.03326854604427125,0.024064114974938232,0.03742780962461617,0.004711151303565572
041,9,0.02079998469303537,0.01947018670829725,0.04087769661817918,0.014346594612457115,0.01588954416078438,0.033143431394450244
041,10,0.011077641467422197,0.024021880914580664,0.027735086147877872,0.017979650478593515,0.013918112304150158,0.031860348094674286
042,1,0.03454817944941609,0.026106113709011804,0.029759496735227018,0.006179199492795286,0.03182895668577861,0.04090128816135317
042,2,0.020186044310495744,0.0369295941632874,0.029955750962487145,0.02255631201294722,-0.005614464731152432,0.013472423686150769
042,3,-0.002249832207427143,0.03014473518874993,0.026402675076182165,0.015517965922763848,0.01852319704565349,0.03454012217812801
042,4,0.03384861985694711,0.024187498834392474,0.021785830395981063,0.022791638292786843,0.01967975467689891,0.026449377844925293
042,5,0.010769519092782093,0.010435674595095644,0.019006581476024114,0.024929239842236814,0.033776747257186546,0.033708848437360016
042,6,0.013716734145416022,0.01847715829046603,0.03955520880564394,0.023050196113197922,0.028248997886689848,0.020757551841780256
042,7,0.01800806855211823,0.024886658750067854,0.01751680602493939,0.008228063685468337,0.03150854217535189,0.025616170817196388
042,8,0.02268021866055957,0.022988814448795233,0.025211926421631555,0.021179626070493847,0.032476880136888625,0.02514519469917289
042,9,0.030783090027032337,0.023934613874821223,0.009809303697398226,0.004867836291549172,0.008272341962600183,0.021020195911787408
042,10,-0.010940348345661146,0.010408293391914392,0.02562334215612278,0.01569246270559459,0.015847681707653792,0.0001185426802725895
043,1,0.02010755524044982,0.037660372931514724,-0.0002699168364182461,0.02756534133387949,0.003283513593757851,0.0356466470495183
043,2,0.023943287499141222,0.018111936403365843,0.03180055637182135,0.03215252413184732,0.020869112398462297,0.0017582732769205512
043,3,0.03608373525302368,0.026726058316070417,-0.019523879839996865,0.016386184119891303,0.012334492959810437,0.0437922999642336
043,4,-0.00035245113278436287,0.012526298752707807,0.008279568950847915,0.003027706038155805,0.0188864937088937,0.014896186196081481
043,5,0.03140702278704006,0.0052982464009456096,0.010008485353520908,0.028309179740628257,0.019873224411521312,0.011687359932744494
043,6,0.025148963704665902,0.0008491682428196036,0.020892627202377934,-0.0014144807534077432,-0.005192551571248713,-0.015438015275167624
043,7,0.03105783119313237,0.016351492354360373,0.02893140870146636,0.03526830492495506,0.030818057569723025,0.032442068092122675
043,8,0.024461985298952924,0.03848242942735084,-0.005013897733565934,0.0019744391392857723,0.01798068819835751,0.03821361006598425
043,9,0.011541591638288017,0.016307059388933787,-0.004250233059578047,0.019497876483914125,0.028072842913679386,0.016945850635866528
043,10,0.015764299699760675,0.0272522555328544,0.0024559085387659448,0.004287544698569847,0.011273737145936304,0.013056332582671614
044,1,-0.006625518507494596,0.015706939193574108,0.0453295416296,0.032459237517650785,0.05531261062598512,0.02201228060583765
044,2,0.03734124923372267,0.026121940631558968,0.0033383871080999014,0.02569318114702424,0.05469155912381381,0.044709898729776106
044,3,0.06799076231485929,0.05180348562045413,0.04394022209460431,0.046937746023427006,0.04982138763736801,0.040704013857845577
044,4,0.03945816584175638,0.015735636100769706,0.020340978084495708,0.03895843401463789,0.04466750434465278,0.06378038482082814
044,5,0.03715658249026826,0.024923991772805968,0.04602091107398066,0.025762841463805135,0.052466405841925016,0.01345922925339335
044,6,0.021210124768629848,0.0318231795206814,0.06061759077514907,0.006775840704541861,0.020758210902789995,0.0365864677830908
044,7,0.041580430981354215,0.029977096963995777,0.014999914674672887,0.05179939505633358,0.04655829422523513,-0.007223871981982891
044,8,0.06330485480228279,0.0255969345951617,0.04918345321207423,0.0431545248806954,0.0498124773464376,0.04146067337440062
044,9,0.02158323126316392,0.033822391354849865,0.04763376634100178,0.04947859716284737,0.03486883131388814,0.03421016666094834
044,10,0.04099448642170569,0.04389211176535538,0.013220377917532201,0.03363350413944752,0.025002813693994246,0.030836269234454823
045,1,0.009611980504868962,0.052279875211852685,0.0388929845732495,0.034863085580275774,0.028336279441395114,0.0032561026896465463
045,2,0.0007265614167585176,0.016717191740593943,0.025832621234473985,0.015837117685430994,0.06986019573243299,0.05648234930337578
045,3,0.019314570827770532,0.028179961027921575,-0.0060694360979371914,0.012147007446491713,0.039513081356826116,0.02686676758868077
045,4,0.000296064234034861,0.051555911224032136,0.02498937447741112,0.03265783587334123,0.029397911892155477,0.04636942232877064
045,5,0.010521214417336758,0.007584925692861299,0.002914565962194207,0.034215493455332244,0.02560670741393081,0.01990853195421264
045,6,0.01238658128903648,0.024690828449756567,0.03547767107393212,0.05159410347872412,0.04065115736150983,0.03678879846142346
045,7,0.012162671919750786,0.010700907822585594,0.02486706845750306,0.02107342741518685,0.025047103298157816,0.06677246715455695
045,8,-0.0044717411049357385,0.03169649983014238,0.020783683020866407,0.0017993945999375776,0.039667793628282044,0.030969396286085693
045,9,0.005925523380666214,0.03354761404050368,0.01459828801334932,0.014574672224048561,0.019722582709859205,0.04860377793038917
045,10,-0.006280501791494288,0.005421660981341488,0.02332126940016621,0.03139767283147819,0.04147150181450514,0.046233313830969375
046,1,0.005156884328367092,0.027687525706135772,0.02482076353585108,0.012861528304515996,0.006432635004768704,0.03212426965538339
046,2,0.039239626464222035,0.025712802077862276,0.01923165766827314,-0.009353659326909316,0.013660335297152845,0.028462526305147527
046,3,0.01200274144333817,0.019312485081689014,0.008607210839673416,0.014356162446549863,0.0004283033543914914,0.008360580330860266
046,4,0.04841265885434476,0.027307540390338007,0.024096662276805778,0.025814486826201303,0.02785116161089521,0.004932401578458925
046,5,0.007730649505639918,0.02727158789574428,0.03130876839773156,0.02515573840155264,0.015749582059459984,0.021805793840717718
046,6,0.015600844615097316,0.03658500022642374,0.03416877839859386,0.014066863599263896,0.0006423864551158996,0.021998731869342935
046,7,0.034877767890222275,0.00344333211555035,0.014358643490121135,-0.013492425893688206,0.007815162856965298,0.004336922901269151
046,8,0.06026221326890347,0.02488707508858246,0.020921583020599245,0.03126904098580613,0.023236478598383854,0.013923253270003209
046,9,0.026875288664497808,0.03663861023181615,0.0025743306085970674,0.03677260944055192,0.004840090483214007,0.007577981892104883
046,10,0.0027163619553106804,0.022154602331181238,0.030556536245389215,-0.006113436276769115,0.014559056902748826,0.005146165099749294
047,1,0.05548423839503466,0.052590332540977856,0.07962771408899356,0.09662869846475855,0.07693815015561205,0.07821769214890402
047,2,0.039626532952343765,0.0476968293283635,0.06274121780655667,0.047931767391339294,0.05023795961773684,0.05376339670428401
047,3,0.042767851432466523,0.08039288175006427,0.036803152281303764,0.05135101922117465,0.06269576688082004,0.05983275446668328
047,4,0.029210825681901906,0.03824970860145454,0.024390365048440416,0.023313814092226697,0.0368678555315766,0.06300591764382381
047,5,0.028350959027950165,0.060093635002706,0.02812369443743181,0.04357996425182508,0.05815381814706852,0.0460553536512817
047,6,0.02403308110897627,0.06745954819626458,0.06564973757139514,0.033476752761854085,0.03396342369180349,0.047275893480968785
047,7,0.04134607414196485,0.04298074963402493,0.056132051455483306,0.018034100279286886,0.05132567604308154,0.04799833715179735
047,8,0.058443516566011426,0.03881508659628235,0.0685667717111785,0.008973816379350661,0.07021452609936592,0.047039506026731855
047,9,0.030629163417189274,0.04205081267564478,0.04341709495037667,0.020932983724969073,0.02642197282052438,0.04831851673398137
047,10,0.011155879417772381,0.0364498729680077,0.048007525796023354,0.0507029608157054,0.05119027320967671,0.03945110273499634
048,1,0.023948227639708473,0.006811499996232059,0.027849103832796575,0.02049679712720535,0.008140094081824452,0.029861337528793906
048,2,0.01909147964811406,0.02872366637327941,0.01120681638897312,0.02952529743020188,0.01206388936021396,0.0037115046197637195
048,3,-0.0054009873478179015,0.013448356514118664,0.020956149573960327,-0.011860179894384287,0.028811716433033784,0.05828694618392338
048,4,0.028269365919937454,0.00342030194805467,-0.001916492884235737,0.01465070418811122,0.01596240993202995,0.027875360548000747
048,5,0.01039056121905206,0.03268246640329602,0.03849833263916628,0.015797585147156255,0.047030650617196995,0.03159806082282494
048,6,0.02568910330814758,0.024444723455912743,0.011253792179817956,0.001642099676285718,0.02445779052679266,0.023393312507374118
048,7,0.027429174618562185,0.03701413457197213,0.03811705034613131,0.02592632934288979,0.0182869913592338,0.02431408667057035
048,8,0.009120161478156866,0.007976681374870403,0.011051696889671787,-0.0016664594224052986,-0.009223875476660523,0.024069596729305347
048,9,0.002898790529771476,0.02870881648015581,0.0060450507555045545,-0.0086982225000284,0.020164490402937274,0.040605603580559015
048,10,0.016940406320303966,-0.0019999355783543466,0.031839312304158485,0.012107903318720758,0.03979523176060316,-2.02961504366304e-05
049,1,0.036277648793176125,0.013333823163441064,0.038499652374333955,0.03701861762054087,0.0271947826594238,0.013054940873009162
049,2,0.046116820305549665,-0.0012654241609465749,0.001272627161788106,0.040825725506949566,0.04580864006784525,-0.0024093602210743465
049,3,0.01231701720253396,0.035510956399607135,0.007892074186146063,0.03871545359445735,0.007193023037735768,0.010110456765759323
049,4,0.028822173821720667,0.02161646004800636,0.019376266428757845,0.05706638953876352,0.022700271155215904,0.043896355359343914
049,5,0.009914098927827686,0.009056163967390974,0.021826527571296203,0.042135018393831464,0.030357727900536768,0.029577151739585222
049,6,0.01567366197588008,0.012112674661947242,0.02424369872523869,0.028378778333490364,0.03399840513343961,-0.024301855031486644
049,7,0.028660102913563062,0.008821862593354553,0.019661141529376314,0.01895052274409415,0.03534018137586482,0.018735174256847346
049,8,0.05133848109815898,0.028786537827437,0.03507742034725932,0.03262150025976727,-2.369184068021041e-05,-0.0024724385017490594
049,9,0.02392662700178899,-0.003980151631306435,0.005808221443334066,0.03524453870177285,0.03903436554337654,0.027602413074254633
049,10,0.018795607800368524,0.012838982586581109,0.025854358718334136,0.02013815867981906,0.03743961698814731,0.016025960267718888
050,1,0.033099638705698715,0.022004427338134614,0.027269678800275757,0.02453973064226325,0.030905443173229102,0.04043288231771355
050,2,0.03477008181372748,0.04469908250834858,0.009077107411390433,0.03574494146106098,0.014727300901518279,0.041464476222025974
050,3,0.028621189165906436,0.043199172861548674,0.0394107536281768,0.023393525141493805,0.04053123588796608,0.06472749819090565
050,4,0.002264682591428062,-0.0016619770744918526,0.03272614548574987,0.05270460700282341,0.028070050771350455,0.023464796630494205
050,5,0.02174545041544432,0.00690061821395953,0.02214839831784229,0.05321308550016816,0.04689238941616051,0.03797365058732473
050,6,0.02070809129883411,-0.01116489989388461,0.04677266043059114,0.04936401717247516,0.009878777474588677,0.022002159365344862
050,7,0.01964445165966523,0.038728174930370986,0.029269838400870423,0.05326962768732729,0.027530433631807395,0.02910768636684909
050,8,0.013750692210762668,0.01591815073826741,0.026122201512804845,0.02476395965993587,0.04536274810226446,0.011652644034798019
050,9,0.03733357995047838,0.007020203216550487,0.052072072239550855,0.035925404736896475,0.015965995181974352,0.02682795424725425
050,10,0.004966356561219431,0.01712246038640263,0.038145502888912185,0.02401389205969213,0.029424791649133045,0.0041111425652070165
051,1,0.06625699424640329,0.053834734647410225,0.09459617740717943,0.01258701285883921,0.032319431879942656,0.04831470469219056
051,2,0.052226927104520975,0.0117103130924433,0.039351573053794664,0.026423780679565627,0.03391482315490088,0.024284324823256067
051,3,0.04226895536927723,0.033999452739532594,0.048262879146785176,0.037471792564027585,0.03372044686121964,0.03458555990491958
051,4,0.010165043076134325,0.03919653961704728,0.027920113117071432,0.016146947155351393,0.021584635715578875,0.056377057267286465
051,5,0.02781666871934073,0.042445432670193683,0.04341415721888692,0.03412138261492552,0.0005642670465749907,0.04914164433219628
051,6,0.0321688383686615,0.021201507306609146,0.03552179289618023,0.02611446745144088,0.023649743309568046,0.029889763280768315
051,7,0.032935593527752424,0.00573286770139895,0.037901090307305034,0.03783266746961054,0.01420746317102822,0.041112639269864956
051,8,0.04433487943813997,0.022174151234984434,0.0324347624207014,0.02996211926491836,0.02437072098836925,0.026224554347470463
051,9,0.03578827767378322,-0.006921675631630405,0.02989195684476138,0.019310498240722864,-0.00045974446874023526,0.03073574891387495
051,10,0.039120113583785254,0.0056111526463568,0.04599239026278022,0.013166517600129952,0.012407286631269773,0.04315573670498634
052,1,0.032580697480510366,0.0325024511860149,0.003017893403545898,0.00892767428493515,0.02430561587176643,0.038436113700029535
052,2,0.031204908204247504,0.02729384478342302,0.027841737310868926,0.01319619763802673,0.02659221459724643,0.027111814668665205
052,3,0.0010219497281010591,0.003890233832677868,0.022700463602038822,-0.004732317008436734,0.040592880961162536,0.03957231215830699
052,4,0.02817132040784775,0.030498828814992374,0.033433642908513674,0.023788914383823936,-0.005756877891974716,0.020143089723396866
052,5,0.05719558164034749,0.03114675608047989,0.0037141096025590406,-0.007713035461159214,0.02651108518234319,0.01083243986310619
052,6,0.0078058879009669,0.033321065284225834,0.03398788827612432,0.021164857103185032,0.026073008437195087,0.019807793108851758
052,7,-0.010440235751273522,0.008346637750786345,0.004279741190403433,0.026184861944019706,0.04064563654061954,0.008349137500545858
052,8,-0.0025218810193401637,-0.01932026251269267,0.02881126533191043,0.015043685005778037,0.025182223168502677,0.027449131986130724
052,9,-0.002935871050573004,0.03691208511631181,0.03482242230464145,0.017008754715282376,0.028878496361805017,0.01711006528181306
052,10,0.015590171792103164,0.04177775939773095,0.008125763512225263,0.01466709486128186,0.011202967649639817,0.022933476145790242
053,1,0.003909209933333281,0.02624279874549516,-0.008256554675966556,0.00628607468335714,-0.023776581956937392,0.03570852949360609
053,2,-0.0016596049175786778,0.013040036161864017,0.013069934169631037,0.013015560374687625,0.015222705219814342,0.015373695817700983
053,3,0.005946829375908411,0.0052855771623559695,0.022675677129523557,0.0192887782283955,0.013927443933456594,0.0187580461382283
053,4,0.024916464925701553,-0.0029367385102779518,0.012438444526398803,0.0008730777668512039,-0.013033769738254705,0.012289629740170284
053,5,0.05236958140135235,0.02401142233445371,0.015217223480766031,-0.01769716272102837,0.008626750007548081,0.036284007854773856
053,6,0.021106686530070792,0.00885309159679121,0.02697903066347564,0.01797323789412348,0.00449821656693419,0.0025020294281433656
053,7,0.016331315467413836,-0.013580304524410296,0.029689426795627236,0.0006644669879414038,-0.0070551586862380306,-0.005881461764594053
053,8,0.024099075454310035,0.02091493572112261,0.039787056062064695,0.017459720606053664,0.0037661107390860016,0.01564378637261177
053,9,0.021978830717665727,0.0058545344172773435,0.0239415309610118,0.04903240439561304,-0.004801046499926056,0.009065671988368865
053,10,0.013067831905908342,0.01681596429077589,0.03960633464754424,0.008797173043339624,0.011748361858969169,0.013157609670247521
054,1,0.03477732403443303,0.05935074871212846,0.06421319048789413,0.06431511515941238,0.04613590378273821,0.04567590136383382
054,2,0.0602944546512112,0.03214794071325803,0.07725919601639016,0.04211598869933333,0.051425653465995605,0.045231351438641695
054,3,0.04612761026652447,0.06776771867127578,0.06746694515689178,0.03151079011377792,0.06985213514585703,0.056268173343111946
054,4,0.03806329372417773,0.030659456029705788,0.06812976414735522,0.05501512427579543,0.06238947675012336,0.06692910680534322
054,5,0.037166593518586165,0.01975245442490846,0.04024957264753351,0.03237131269761275,0.07621980346199408,0.03858649701680534
054,6,0.033797877962329866,0.06453022277308644,0.02398981038951925,0.04532183538563121,0.05330415671060931,0.058945299321139594
054,7,0.0690679697638144,0.04334448756966904,0.028220607058349,0.07482230920572706,0.041185104688271634,0.05691929616276209
054,8,0.08990665129916686,0.05488337968676381,0.041761988065805444,0.02473154487230297,0.05061394741877964,0.05924695014858142
054,9,0.04353422596196776,0.05769301105508789,0.03779039004553083,0.04397287935963863,0.06342409249226381,0.061525521833984124
054,10,0.02059146644141943,0.06571583868101226,0.04557286980154239,0.051431927586489526,0.06768929803914717,0.08543894291622504
055,1,0.041963141942452785,0.02270294423094757,0.04173610159265306,0.006209244939029689,0.015638998223076857,-0.0006857711943836531
055,2,0.028137213135713806,0.03401766795115126,0.01896005913448678,0.01005911531576622,0.038176323822371225,0.045605625274307164
055,3,0.022903230607809008,0.021080976341356618,0.024199307358004966,0.025282398568441104,0.0010426842538814127,0.018260695129226182
055,4,0.02491444650839572,0.021479234331291015,0.037520890977264756,0.04569721141150634,0.029436849640935746,0.04238873520909123
055,5,0.04429816206987562,0.028132317877406002,0.03205289019854486,0.003610727800222933,0.004748778867838893,0.03079404828773122
055,6,0.033242010024292556,0.02719969330053248,0.025207852849942817,0.03100281299261922,0.03338307658630509,0.012494362025476118
055,7,0.00545540062962611,0.030588495739743954,0.03274703415485788,0.039787257682730545,0.028556869131461285,0.0182647905536998
055,8,0.012751523808295466,0.020187806490644965,0.03831168713601144,0.042812950761638144,0.027901755351548558,0.006433762037726586
055,9,0.05471864248965402,0.05208125653025404,0.026979772345804152,0.018394575399898496,0.027853809751037455,0.010177707473791464
055,10,0.03120193267529869,0.039882207919301936,0.017917606583465567,0.022256478164774333,0.019816177072642518,0.013201659280996897
056,1,-0.017532373676738065,0.011882715942104336,0.0114207176607305,-0.004257545912319746,0.011993446964345999,0.020232054237323546
056,2,0.004960335159085713,0.0030232784175067075,0.024640407054695956,0.007830143627819874,0.03270341015156142,0.04351110690508754
056,3,0.02730268861489797,0.016649171270476455,0.004287574086450124,0.028893677376647598,0.0233848967732282,0.007235456934611517
056,4,0.014704108379128493,0.0017608856334032582,0.0029520137266215397,0.03498251136008799,-0.0024811150277668998,0.005268825873877767
056,5,0.009683039015437878,0.017910023461249307,0.01380913452830476,0.001577734732124113,0.006956436467290818,-0.027802262692066124
056,6,0.012544223773893665,-0.014645040547364043,0.016204775148545434,-0.002324112748381714,0.01727210814275484,0.012881261809135082
056,7,0.0034543761510007582,0.010237487268450618,-0.012122554109048484,0.023548366078018596,0.013477536129362446,0.017105900608042294
056,8,-0.0002621714426456368,0.02943776910849677,0.020184674377840148,-0.01943226246041038,-0.01153073146411896,-0.0016004703796320995
056,9,0.0074201400839813796,0.002599364076560366,0.015190303506587363,-0.0037206132956849334,-0.00039145780562264813,0.008866668081146799
056,10,0.016720680361720617,0.025756035635259317,0.013557433918490375,0.03806207801557078,0.013024518396177735,-0.0024846390853246795
057,1,0.024277664089018193,0.020871785688872088,0.004038587353399773,0.03845504590360622,0.05444884691076493,0.008006018132131879
057,2,-0.0021875672679551894,-0.010170419309210943,0.03211068527756261,0.04041039985672498,0.03560197828318991,0.000147518515213309
057,3,0.02219184654974605,0.025057544675986466,0.011790058497365842,0.03567719655674505,0.02287907195343692,0.022333448353799128
057,4,0.03563611584989748,0.01714292855445713,0.007328614440570699,0.012910507712335106,0.04003056498896013,0.024193551317769884
057,5,0.016107707164732307,0.046792719680557114,0.0056235253743341165,0.026063822976480033,0.048224520635804694,0.015841370234091236
057,6,0.04934959871890304,0.019219649685906084,0.035065138953178324,0.027520150084633113,0.03184875775752809,0.04029719328711396
057,7,0.016733513094053586,0.04730375272995463,-0.015586179301749693,0.03560620314641003,0.03029262781420729,0.021236102708752598
057,8,0.06066413276072294,-0.0026025703718857308,0.018302443107692957,0.03358343554331237,0.02427216392598388,0.03404659802735551
057,9,0.006947920539959263,0.01595038812107493,-0.005499668761439149,0.04376096496662799,0.027431313427326815,0.016895855206023058
057,10,0.004419295644638831,0.024055679174287904,0.02773326698890163,0.028187462802657215,0.01533290184173719,0.020351562108191543
058,1,0.041922511788488895,0.045168453478598485,0.049481873320249274,0.014971642664861529,0.028209910073881826,0.041952188042516346
058,2,0.03079272670431595,0.0345108442381024,0.03795734965126614,0.024190509297596134,0.027507062765427064,0.040291005038483076
058,3,0.03612561766494104,0.03573606383192469,0.016525286860303624,0.03633082082610954,-0.006505871491057473,0.019050608663409706
058,4,0.02776979859575048,0.01827923332499775,0.037054779618410846,0.017024974462431796,0.009420407659768261,0.019507137848240735
058,5,0.042814670656891644,0.028730627708598334,0.02675445720560029,0.0329685144326686,0.015290496607703544,0.015479320120743581
058,6,0.02004578698470145,0.013390325761828439,0.0706978616769865,0.04234451314222581,0.029928798285230797,0.03642566470771313
058,7,0.04455618125310439,0.022314215063150414,0.02305621999790474,0.0371889124580258,-0.00023782541537883313,-0.0036525242591843713
058,8,0.017303379027798067,0.017565804626850253,0.0409205126446546,-0.0013034388819369055,-0.0029512724219108097,0.013736908743106718
058,9,0.0184897448409194,0.016545718644124845,0.00635984272441089,0.008779256094576793,0.038638698524755946,-0.006271858377228831
058,10,0.0010099566186854436,0.026458263908315897,0.0300620815660447,0.029252339732649738,0.05128673396271769,0.015166811496171438
059,1,0.033079437667644915,0.059612547105516146,0.07398594190669107,0.03922877533581239,0.018084851971382813,0.0773167701703632
059,2,0.05547214141813398,0.058064662540824215,0.08241482334154059,0.05134419127102852,0.04556811697870951,0.061434875864360736
059,3,0.06910729056521422,0.0538752709014594,0.06802188598382208,0.057285913801698764,0.06979122057972648,0.05468545041967341
059,4,0.02662064420817669,0.07482481198762123,0.06191398943391098,0.03983521626778094,0.030467930503833198,0.08849489992847324
059,5,0.0305575136449431,0.05843395716479704,0.04638513170111017,0.027060386322161515,0.03851561715338724,0.07353379280219798
059,6,0.031881023018876395,0.04076113699595431,0.07928503911561578,0.05221520184256756,0.0464206277758808,0.07641759564851985
059,7,0.03293430174795912,0.05886758729732606,0.0699066918127512,0.045818846595858206,0.024802025233619757,0.10419298590745787
059,8,0.017563767279936495,0.07000336944370654,0.04725443472779986,0.056045114172585155,0.03265316825825758,0.08529398997776665
059,9,0.0681232084191113,0.052315221276854305,0.07701012039379355,0.038382043714021416,0.03225671062574773,0.060676763231012364
059,10,0.03220731618382186,0.05505982722729106,0.05470234076275865,0.04402277045179406,0.04023834078442803,0.06834664854590473
060,1,0.04818679818778868,0.07155941019652669,0.06658166155120014,0.05254680615369056,0.05174488316355212,0.06132710506201546
060,2,0.04278958627781283,0.042782058033041186,0.10146445534735105,0.03559245823769134,0.045903814695750014,0.05229032774241742
060,3,0.025467687741566238,0.06114805159204816,0.07181328297508936,0.03517309657126599,0.03198680775697416,0.05548758605841794
060,4,0.042861260001060816,0.028401579854365037,0.0680122205961919,0.05635838002665366,0.029246154364182517,0.052865717217182036
060,5,0.05863219841269193,0.06979235981587896,0.04325543179591168,0.04917799257715023,0.031972001565683125,0.046729352674828285
060,6,0.06390594563826449,0.034956376971040475,0.06624172563802311,0.03933364989386724,0.015511266672687941,0.06686919875884739
060,7,0.01341590392192973,0.03086630171049739,0.04509923321713773,0.028034775098022834,0.020795867419302505,0.03565136092000397
060,8,0.02221300061776823,0.04938135090309242,0.03617873254354172,0.04363189918442007,0.013799621121593934,0.06679712033763259
060,9,0.026458377506682243,0.022435929970068998,0.051380975474856316,0.03431531121148388,0.03362596411228824,0.015201817382413661
060,10,0.04943440098736808,0.030472543065836074,0.07267606645435339,0.01798330075790255,0.042048931633054676,0.018671295089072913
061,1,0.012569092837827131,-0.0022513886839538727,0.005816532754354804,-0.00991127197706628,-0.0027341924089789365,0.023570990650473474
061,2,0.016270182203242074,0.005554478239357566,0.037232619086794816,0.022128045147039258,0.001049711505841318,-0.021028084553387547
061,3,0.02871718052589046,-0.0028709241122378986,0.03301711650924621,-0.0034861335088857905,-0.004657974805878858,0.013694021995248454
061,4,0.034366454978716716,0.02251986308453593,0.005717651477388411,-0.011158557045473227,0.00037638796978046367,0.02396859799168238
061,5,0.03098301955378447,-0.004659327249094739,0.021301447798124696,0.014337382826574019,0.022154302467432035,0.01204516447364322
061,6,0.0032115987912566626,0.03213727968440799,0.009407942138110012,0.020233225043442486,0.013410035182462738,0.018207484638279467
061,7,0.02328361944231807,0.016916454683898526,0.004680959121130464,-0.00811019563014377,-0.02251122364546976,0.020896187643412514
061,8,-0.011817644096360486,0.014679266432548129,0.028176798553780368,0.01072294102686679,0.019665705957741822,0.02611036904177534
061,9,-0.0015888904965934256,0.005845219954677669,0.01220561763742242,0.022058650836729587,-0.025081618950734557,0.015475117412551165
061,10,0.023159214252993107,-0.00520938757851797,0.015327060419422006,0.01061837757575594,0.0010753717738152713,0.03079800688598708
062,1,0.02700311933844887,0.04734047301735708,0.05713854047832064,0.01796726114073949,0.016939017061200688,0.023797096664954567
062,2,0.02358470987351538,0.009097790762882101,0.02547465299889204,0.007870352525197606,0.02121651806372763,0.02706083470661443
062,3,0.04144080887109383,0.00549466262359641,0.00502626346187902,0.028655128224113854,0.00763787000977865,0.03143263452086432
062,4,0.011981454761572977,0.024086530388076555,0.04249676542040719,0.021026228228504217,-0.002011283673565543,0.015113522332117064
062,5,0.02981763148504421,0.04562672558567601,0.004903139131895703,0.03124520439441076,0.025659594356220502,0.0007404741309381551
062,6,-0.009280594332955106,0.004691608223227249,0.01009014526217962,0.005058176310458735,0.028507170363481802,0.03425418160379772
062,7,0.01047135317091878,0.02364197962182181,0.040628196802778314,0.03242598898441919,0.02188833090262964,0.04445388248728916
062,8,0.019052883461032,0.029269815220251176,-0.015568432772895905,0.03268658590345235,0.02808849629318387,0.012319889110036057
062,9,0.0404887196920865,0.013646408689124227,-0.0013641078839999406,0.015545853787015371,0.01511172033906724,0.014902146292093705
062,10,0.01854928964307702,0.017625245799659888,0.018743112762258127,0.011678546696820002,0.017550564219620184,-0.006726111167730134
063,1,0.07969876130406069,0.060127558377962124,0.048774815437805964,0.04644843920505086,0.02115876541750943,0.060321617882467815
063,2,0.03305899712647474,0.03928281177587002,0.04354020504275971,0.05875507185811824,0.03187635715900597,0.03581967964485947
063,3,0.03227304172778506,0.049507178010892765,0.011257373384377533,0.0467023489401303,0.03183321871531027,0.053809739115702776
063,4,0.05354085791944078,0.022825228378611444,0.03889835154641551,0.03721199914431701,0.04291219481213707,0.05200704272222006
063,5,0.035122624473637135,0.05260457285036435,0.04307222874658522,0.05789422653821572,0.022852840963275462,0.04066744635667895
063,6,0.024805771540925947,0.06478492693192879,0.009565345646309262,0.04448891148589789,0.046656671659453815,0.03856421015240011
063,7,0.04115566195041371,0.01866071103739901,0.03397192212906198,0.05379160975873951,0.03633939309940121,0.05166188829981757
063,8,0.027027109470042332,0.021514456154021665,0.06673506208309977,0.04985831183605535,0.05386190756348435,0.07620747344043285
063,9,0.041381844007459104,0.022995811318165395,0.03005198615138286,0.07157086597358939,0.04109215749392986,0.026087155934830096
063,10,0.032320247966740205,0.031578769729132206,0.06279017124268838,0.01840479394989534,0.018211624407935587,0.05360931951702268
064,1,0.004911125589550359,0.018867878128479943,0.019309246752987664,0.03212701169941406,0.033500362055587395,0.0387712778068781
064,2,0.019821485096362862,0.04453715047119832,0.024044886958431384,0.018104185806460168,0.0056290176992986685,0.0029488749557151092
064,3,0.017429422909551354,0.003500456925096893,0.02355306721982446,0.04504083322342213,0.026553983178357447,0.019635846448934992
064,4,0.013616326923755542,0.019343061513079806,0.04363057207441442,0.019699317391985004,0.021969347100191203,0.02065470241789165
064,5,0.024274284053771758,-0.006350402683245738,0.010366920784208224,0.014435717903368166,0.02928257909712671,0.008474798072262623
064,6,0.0030564437878589394,0.027098793878542374,0.036165113348150764,-0.0010346109767053284,0.0025349175410062236,0.023549841069125506
064,7,0.020473476716813002,0.026745835424851053,0.027327378094730556,0.014857915189928617,0.030571789132219713,0.017993383060238687
064,8,0.02565880341168043,0.018573855094480566,0.007386126887416691,0.031622858727345604,0.030677471158813256,0.032973367079752035
064,9,0.022595871713183505,0.009834863356557212,0.00037775031148058123,0.0006656953288826686,0.02019911300248369,0.012760799824810102
064,10,0.004852396528939842,0.035546019856019274,0.014453532145441012,0.0061887578887257055,0.033316528288288995,0.02411913638775178
065,1,0.05905259421632588,0.028539441464735475,0.04926866806853439,0.023582617890473903,0.015524708143786951,-0.004779749842061908
065,2,0.011069672210488286,0.023012717304756954,0.04840060295729549,0.039979754383772485,0.0015492680508706683,0.025820784241676324
065,3,0.023415477751077926,0.0347822201986371,0.03833412440526445,0.004374562345000293,0.03599456287291386,0.026860115434896477
065,4,0.03516557041935302,0.04298278520433179,0.03570525196338349,0.03995825053662488,0.032129081223855376,0.034688867680078554
065,5,0.013166467479546504,0.05568161940124119,0.00985192445664913,0.033441706897106876,0.034861580160509886,0.01441338289856256
065,6,0.05685601571469099,0.05531490712771514,0.024214498692038615,0.011279797130945325,0.032848512902009575,0.01966914128841128
065,7,0.011503309063383566,0.047754546033247525,-0.0008001005837683166,0.018444952189214672,0.041239068576522826,-0.001495935135583885
065,8,0.006095694625269035,0.04643913687707718,0.018389821157209482,0.024119639556687278,0.03774281830521819,0.00887825592424652
065,9,0.006610155182247858,0.014477985887626698,0.016721414212668463,0.03236831779398996,0.008729296218192524,0.020803760991609466
065,10,0.02598694625049398,0.037424802459321435,0.017594024096362022,-0.0049418498073017765,0.040277147195042676,0.0265132419057116
066,1,0.013765362676660793,0.018448412167571225,0.03169287784450572,0.009499180121530684,0.014503698539824892,0.018971527789119234
066,2,0.018839134057162536,0.017422000967447816,-0.018809387946235864,0.022179511236203507,-0.0045429537529884005,0.01455921954700481
066,3,0.01614601108162785,0.017472965296078755,0.03568136548985621,0.021269820892935956,0.041187729202786745,0.009180690713534771
066,4,0.01022140021007269,0.030791685867058313,0.052613588929832186,0.009229053999941353,0.006874216679762227,0.019779551729407013
066,5,-0.004938918389672246,0.03406867249456798,-0.006427063437597876,0.009000025427095739,-0.003655489151405077,0.00977195921940119
066,6,0.016565152523153444,0.012663426439407047,0.018671235277649405,0.005645770375966262,0.02375075614848881,0.01865217197724958
066,7,0.04761172993007285,0.04106645419089168,0.02564224290056334,0.03472710997560238,0.032206254596998926,0.041441982871621666
066,8,0.017569331781759148,0.028206302365531632,0.00777390951121244,0.044012589260979874,0.04543670672444345,-0.005505181117969575
066,9,0.018141245982173555,0.033488958196843804,0.006029207090368121,0.0237340266068212,0.02171800635355324,0.021464683656436605
066,10,0.05847849749528428,0.01564018662881911,0.0048252007986865665,0.0037753752789324605,0.034835636786677844,0.015492273797028467
067,1,0.047236269585910144,0.0518368628025798,0.06460749097430893,0.027811106349274535,0.050996463782525474,0.06451136700970789
067,2,0.02999194534633574,0.049919901379418395,0.045426521161400266,0.0499380682537278,0.03892278381866578,0.07023351296000911
067,3,0.018073987981648602,0.05725394637484014,0.04137008304900216,0.04450940291674563,0.043970283614092755,0.053936074652725874
067,4,0.03423401114048704,0.03949541190340764,0.03265423022046723,0.05135936410592296,0.05733046998301292,0.06827670465011841
067,5,0.03600629190317324,0.007239662841853896,0.03835549207283035,0.038863982343297375,0.06288986931767107,0.07461558519353241
067,6,0.050942135381811,0.00952087176531777,0.034626033910678596,0.03971904113851028,0.0642699230997409,0.03914003157254489
067,7,0.05296185641066677,0.06736698213887427,0.020950909564166568,0.03703045489459254,0.02786879446894277,0.06666636811562283
067,8,0.00843438391005202,0.052474486946765264,0.0718470635888243,0.04200724526314482,0.03969784398318239,0.06134045620367661
067,9,0.0202837664559167,0.04285719443540935,0.04157553867374358,0.05983144386967653,0.015739395174383736,0.026311031617370584
067,10,0.017105489957339577,0.023010470682879744,0.022658643111592415,0.046322222252225174,0.024501700325139052,0.03866964374695326
068,1,0.027267008511833328,0.019355908688740132,0.028009764881100407,0.016545967034625728,0.05974536791071322,0.011050630013265266
068,2,0.020072001508246142,0.025330500622967076,0.02737209931341811,0.0011956982650706772,0.036191233532444425,0.025318694345295854
068,3,0.042373196648968096,0.04563208936316629,0.033143010864220605,0.026588994629862577,0.025245495158348136,0.014388692629534981
068,4,0.03162350852971459,0.013761656387357435,0.030213260490751473,0.023755488043562267,0.02210118073291861,0.0704755518106398
068,5,0.023210977522337868,0.025759323803342355,0.0063273793397494735,0.026194374636183453,0.03536696677970122,0.007684190619999482
068,6,0.022856938447413044,0.05537350489079065,0.005863887754138299,0.04287051059294537,0.03769895117641655,0.03060962387277795
068,7,0.00969059377548694,0.002268114012489452,0.033248945574158986,0.005409550376414481,0.03532865032275927,0.029239434981628572
068,8,0.04320208383550625,0.012984761427189866,0.037759239253047694,0.01272582679704277,0.02643909391736305,0.043806940003197375
068,9,0.0038173945730927503,0.04494745693735984,0.039700171045149425,0.015281573052525903,0.02094413975248584,0.025106552982660915
068,10,0.07609111406956194,0.06739579010931702,0.07033359779568069,0.02079211931582036,0.018036757667850876,0.03759637308685939
069,1,0.020703766790029207,0.031224012655792416,-0.0016707798432959865,0.036779622018572995,0.035485127585809025,0.025899151037756286
069,2,0.019941872856173368,0.01720641024703662,0.02514702195399079,0.03053414080543173,0.025624926379138033,0.015137410687621226
069,3,0.025490050979128074,0.009309543802224693,0.028410303271589322,0.025664907006227155,0.019648479389035085,0.009362924001620096
069,4,0.023165016436314214,0.04520816884318032,0.03540792432406517,0.022405188458212294,0.014943743161556972,0.012757103902315518
069,5,0.02797149330364991,0.03452345563503546,0.016388020249345336,0.0034605736805648863,0.04085347911128606,0.03271012714261563
069,6,0.0251629672679082,0.022616259783328867,0.008968498884547928,0.024344231523314493,0.024804147751010957,0.025020704777101006
069,7,0.01617611841945065,0.0387553747658299,0.022410844613428488,0.038037736132670794,0.021743236655659522,-0.006454631764417283
069,8,0.020315178060460112,0.019534432600013446,0.005201423833792598,0.025268341543746332,0.02661493239266515,0.030060696239059586
069,9,0.009272239898573209,0.037148144963888914,0.01874758562538595,-0.00706288858687424,0.025705786120677792,0.04151447447099997
069,10,0.035348509468430774,0.016251815655435157,0.026961436738863826,0.014672989248122572,0.017898096721828096,0.02730424593036881
070,1,0.020451819531927144,0.01248246531321877,-0.010584337703463767,0.011865110956546755,0.02450350346376012,0.01155647922963596
070,2,0.008605501153963769,0.006777368142282907,0.02172630835303124,0.019628620183972694,0.019657901729330712,-0.019425841143830055
070,3,0.010542516375055634,0.03099484394477549,0.019812882311518894,0.010155575576589448,0.01604918268989695,0.029179993171282628
070,4,0.022650926563849642,0.006037000716505222,0.035565769352434405,0.005511517814167852,0.008716582332054267,0.00750592384928812
070,5,0.03221326943150144,0.015105523083822419,0.018525054639328003,0.02452854630758372,0.01733440798936796,0.0038435287847745046
070,6,0.015804471677743646,0.013851600613435615,0.049047142213276634,0.004545021516781215,0.01552446833940636,-0.002004971349900307
070,7,-0.01756581656011473,0.012101733705221197,0.022847807326184254,0.017126160626051365,0.0024525598147194915,0.014291210288951342
070,8,0.01793218726843876,-0.0037414692748717737,-0.007993750643080264,-0.000517841242698061,0.020968727546747647,0.02367177139516561
070,9,0.009413487753573665,0.030890594592036514,0.030713722071816902,0.006388223098812321,-0.004665271510774937,0.0016617366534300022
070,10,0.00075512475545998,0.012516816833603688,0.0332369419597571,0.013541335137155835,-0.009872678088252167,-0.0078005560200848185
071,1,0.004734423089805566,0.04738996885498472,0.005596302936868095,0.027415968338735136,0.025998146255872562,0.03779955603429841
071,2,0.03359578265734136,0.017624304377419957,0.023677788368887925,0.008557375786142053,0.06464900905696638,0.039524735092611174
071,3,0.04283939838562639,0.041810977910938234,0.023186270631404368,0.02275185524955524,0.036871002290628056,0.042061647587060595
071,4,0.026433885076702125,0.03577760814077419,0.028092939455333928,0.04122125346388099,0.0238977961131534,0.03756983898318584
071,5,0.05004635312195117,0.01744693766596363,0.013071196902156969,0.024504278279958283,0.040601019685413686,0.03167938926369233
071,6,0.03199320058410109,0.02677333039915804,0.03648078913053737,0.05540357391364492,0.026805987605204886,0.02515345927637772
071,7,0.0029227797604259673,0.01030568485017864,0.006646458263741641,0.061392182055472776,0.028790599004089867,0.029277905382447636
071,8,0.026425817589220694,0.026315515632377655,0.03002886030730667,-0.010067345028002937,0.030527506592831023,0.00937635413264301
071,9,0.04563379863167587,0.0018900568233710137,0.03164670144352467,0.017903184458929078,0.03740260001990119,0.02832082617621057
071,10,0.022099251247365746,-0.004248367954099822,0.05051589008758353,0.01661559891744997,0.048479450257711415,0.0274904959007149
072,1,0.024460629926895287,0.0232546794408681,0.030110896120093905,0.015423576519742568,0.03442903682518397,0.029737619575019712
072,2,0.017430648872867664,0.015200085432943137,0.03773562430591192,0.04902225178054634,0.04177586351339769,-0.000502681474835725
072,3,0.021720319387124758,0.002877617148754223,0.013547305701915466,0.005899716685001558,0.023581294215208805,0.018854190622519633
072,4,0.053672478607627895,0.010413285202524703,0.00929045309473671,0.03128670962339397,0.04103698070313129,0.012743552908835543
072,5,0.0125112114397139,0.030932653280491756,0.016239942931658778,0.01649287448802863,0.006229725525621369,0.025634269381300392
072,6,0.025537057294357873,0.022926096155119792,0.0544800869915011,0.03253987469715526,0.022464071906725558,0.0030204860921625156
072,7,0.028297401408218757,0.02548166119112664,0.011934218998852483,0.009046371471880383,-0.01892921547864595,0.039213165139033335
072,8,0.02430107507593608,0.013270306586912889,-0.003516725511831854,0.020180693410786845,0.007377780955767021,0.002259440873317701
072,9,0.02828189430551394,0.027322137133311435,0.004371653451707288,0.02484483467213079,0.005967638133714746,0.02253898984113326
072,10,0.023806008354348096,0.007844056132223446,0.004926398125966712,0.013525562408632398,0.024610909314450036,0.011138202287025176
073,1,0.10272042679756269,0.07823885204808118,0.09384888675114907,0.0953230737305133,0.06414538624006065,0.09492387988569012
073,2,0.051194791707592426,0.06641781085883063,0.0649801981129474,0.05702523733626959,0.09216515820762185,0.05220110677341275
073,3,0.0610182037422119,0.05426606230936771,0.054232640054714384,0.07472742180943608,0.07124568277194837,0.06416976716146576
073,4,0.07701305301755071,0.07712040223758178,0.062348775404659385,0.058116835672427716,0.05585315017475136,0.07301448598474355
073,5,0.06599753440616075,0.06193145234209005,0.049475800195725374,0.07834866995265423,0.091757119121492,0.061393367279665406
073,6,0.0663166268620389,0.085264086694047,0.05663901566039196,0.058527574570478386,0.07270853348403394,0.04572855747750414
073,7,0.056340321496129005,0.0473123111947252,0.06755756260111359,0.04528682671014334,0.07049153068711742,0.08471295093797689
073,8,0.0678728331099041,0.03797528960767404,0.06929612971331874,0.028492791559353532,0.07476321644455627,0.024208142199219313
073,9,0.07004833819088661,0.05571306165020665,0.052124244599631664,0.05875980567393279,0.06626399744611837,0.04074311030822914
073,10,0.073215587125123,0.06358434303445676,0.07253335265786351,0.04279542352792486,0.04728413989346348,0.0585977858015575
074,1,0.02588022422901292,0.018952611990000052,0.009636659055421931,0.012517927223719397,0.0007129898069779801,0.0020887949708630325
074,2,0.020176771609458053,0.017228335513709104,0.0142323832631808,0.02688292261347047,0.010316766771444563,0.006144872560230896
074,3,-0.018404109843477685,0.007405030760763751,0.01742798829125699,0.020904695973029255,0.025833461138711912,0.032010744233504855
074,4,0.0011453645123982263,0.026378722992549446,0.014315094781679609,0.015884649882898498,0.012292594261525,-0.01399518532606028
074,5,0.02274050319321434,-0.014220271343479807,-0.00860778880375144,-0.011115768157177274,0.01337428544272599,0.024313207118962052
074,6,0.016434879322630953,0.014051408072445988,0.03741625909148158,-0.007452118288243762,0.0013043820161327973,0.03162545419163721
074,7,0.004704145487606491,-0.0034674098954416603,0.02366766696256151,0.005499069575408031,0.0013163778872813394,-0.02094154833016664
074,8,0.04043772547812844,0.014026331469766257,0.007573174790353167,0.03591268602567211,0.02966758007397595,0.012984294879791986
074,9,-0.0002146215217442249,0.020911715837812987,0.01578112602847528,-0.0015407898602812675,0.03703507196881212,0.0011292078705186243
074,10,0.0001658263684862949,0.021311406209818605,0.02101519863967167,0.0009907697494443818,0.03055651525251743,0.027775174134091425
075,1,-0.0015406433352156818,0.015899981436788644,0.0008131979943291905,0.018415404150184094,0.01903132833349504,0.017799905573085743
075,2,0.040041371898141616,0.039109853425992734,0.056039208137231164,0.04618194803299709,0.03137271000881839,0.012812094636834003
075,3,-0.005771898989205191,-0.00026268340661552434,0.030084588945607484,0.012848070653378424,0.030522069299651757,0.029161545395337142
075,4,0.003641629188434864,-0.0021038017373706864,0.02523739695129618,0.02746400848266002,0.018547082593246944,0.03498897798378221
075,5,0.014983507437971152,0.016594004179835642,0.05741651577997914,0.01391334134917657,0.04171075038143237,0.04586844124135656
075,6,0.018323442608583897,0.011732594591103311,0.006095618884328259,0.023567833563172377,0.0628879140100875,0.008484385300114411
075,7,0.011992207289398352,0.011534391190269624,0.013064264236322629,0.027316634758586287,0.004299127511380896,0.005084049647120285
075,8,0.04344837819731772,0.007098110829075079,0.021236828762678107,0.01633926154266539,0.01755030384364253,0.02217072807216575
075,9,0.0004529413868582543,0.027897881165793358,0.018256603788548032,0.030803166414152983,-0.009491203570417947,2.1169882161628905e-05
075,10,0.030310326980723723,0.020426346481474303,0.028430256444018885,0.007030565859619203,-0.006498295887955806,0.017452279079446294
076,1,0.03260071544053729,0.05722421815317034,0.07272692027192298,0.08489365720008948,0.07581693314194475,0.11518616579627948
076,2,0.0644633164444445,0.05730529915389632,0.047654062768814356,0.048603101752347784,0.07305208315377983,0.047390186332171985
076,3,0.025674624034059106,0.05344167171446372,0.038601488498869026,0.07827723542543065,0.07122228462055259,0.06633537785170761
076,4,0.026531320806297463,0.03555660636986228,0.06391967067112492,0.05005731842883396,0.03935542702636301,0.0411652482032454
076,5,0.02730454361062555,0.05464433696450238,0.06433187920911539,0.05975531467187505,0.039608986249809644,0.08399724631410167
076,6,0.04784987057011702,0.049169499692641554,0.06666329012680666,0.04844481023154973,0.09002249453444928,0.06739778662990234
076,7,0.043050174875475175,0.05851132971391066,0.03839538245338467,0.06144614801245732,0.06924869019880725,0.046012190691992125
076,8,0.0459060373721248,0.05448499267176159,0.043581212562546746,0.024438358772434596,0.04122207096342035,0.05141624426370836
076,9,0.04945886786793997,0.057618396118263186,0.06844662593260517,0.0582319855826387,0.030464112442853318,0.04225190092555577
076,10,0.010592608075442348,0.051443980658038145,0.03521020181014137,0.035005249915578865,0.058983544704290236,0.04979095592789926
077,1,0.011312443952709531,0.03687289388092274,0.01133481895585987,-0.005217771767289751,0.024222924037527432,0.03332238421900388
077,2,0.0027003273544179878,0.007519797699613348,0.0159142903242849,0.007244546078052028,-0.009510775967629836,-0.005067294271050094
077,3,0.024552590221466854,0.028758204822232958,0.03632544276995773,0.023314265121580767,-0.019483626360773755,-0.014213207304272217
077,4,0.03425787771493467,-0.00011000492715741645,0.0023873161458015514,0.0037992898686725965,0.01682603485702008,0.028573402577447345
077,5,0.004278806169938941,-0.001032388071082302,0.020650722997383502,0.011687942127366556,-0.00032611531778333825,0.008735611826294022
077,6,-0.010836620847698864,0.005326805942421449,0.032362641817659916,0.009822877812608141,0.011546273006913313,0.02663918495369452
077,7,0.02283994068712069,0.031871580618517206,-0.014453842030322676,0.00950486976166826,-0.020410151238402778,0.01250632527210889
077,8,-0.004546337909653402,-0.005827410659095405,-0.004202569364991881,0.0013832526861908298,0.009400501513362561,-0.010887781151244115
077,9,0.02192664225076712,0.0012973196858828266,0.007152449257008079,0.023785104334490534,0.026650108987987316,-0.009559985114144826
077,10,0.0031089403215058178,0.02594213583323168,0.007438154187190926,-0.0022969803911324256,0.02780874129962049,0.024152528971419715
078,1,0.050163263772850124,0.044679107322907065,0.07649743963000206,0.05401576325116532,0.01792804377495908,0.08551484613941905
078,2,0.0412688079536769,0.04823031307195328,0.09207173276801318,0.053840123570392535,0.04231514616251169,0.06839853193215628
078,3,0.03948558427021112,0.04707492486324731,0.05567964778457317,0.04353657796342577,0.03280940470446536,0.08082257568152143
078,4,0.04648006714776272,0.052466288754772335,0.1218493664774203,0.030006675531343365,0.03096561274676253,0.04886438773502702
078,5,0.04215790256423464,0.03354709077091784,0.06507677265206814,0.04204850395838684,0.034993523176296136,0.06984090770881424
078,6,0.03861094640548161,0.0597828282721877,0.05678362462637361,0.05206785176642535,0.03419191719661355,0.08623882035276084
078,7,0.03519422154621457,0.03816620272449614,0.07539008152494878,0.011731965736650675,0.029098823794941473,0.07568127146612673
078,8,0.03749120226833046,0.05302666129900924,0.07618777527136605,0.031020012469326227,0.04530970944639807,0.07431478469190445
078,9,0.04501226531269135,0.034865021522439706,0.05983358092144553,0.011094296930908928,0.009230032003956437,0.05394710930751881
078,10,0.031165537440230488,0.05423072009865841,0.05927265269893311,0.03564667528924412,0.037767665259112,0.08285847918151157
079,1,0.025303257966951487,0.03708423722917047,0.04785315386147425,-0.006687240172953828,0.0353603286204875,0.0052000292164043225
079,2,0.02529541701646408,-0.008742818296425555,0.020105377149146675,0.009355721821749485,0.0033696949593647247,0.03645696765251201
079,3,0.02170543573510301,0.022686671370221286,0.024457356006174415,0.03168409276022511,0.023894069158071983,0.004151379281010143
079,4,0.007634291041375996,0.04069383981764152,0.030444149835654775,0.0017186330239756249,0.00519362905725568,-0.0074834947767001446
079,5,0.03472691670536199,0.03344305285503449,0.01613012856805146,-0.0015017012202759275,0.005069769770744354,-0.00010065609770767723
079,6,0.006368232480646788,0.03889684823422336,0.017576616695415274,0.01057343988382274,0.009032791113374263,0.0010470563863797192
079,7,0.01739526365537686,0.019137561967167347,0.021604687245543385,0.025033745368637315,-0.011251194875299377,-0.005445063905519235
079,8,-0.013858285152077059,0.02241720982288638,0.011978062955056034,0.0008263303273180403,-0.0004150362809445963,-0.0028755379905877087
079,9,-0.004847051982044773,0.026839091500721758,0.021862034966339795,0.005921703369835484,0.018739196523683773,0.01577478481544358
079,10,0.04390672527660285,0.03773403179932755,-0.0066031031531011775,0.031405290607779995,0.004042771788497512,0.012574844905704296
080,1,0.025831425082283702,0.041569096070039266,0.03644849280811188,0.024330253801971253,0.015280320657499763,0.02879831690787845
080,2,0.013967169158173101,0.01375685324443241,0.04149925401360703,0.017626388621143796,0.008858233337127968,0.05935495208897311
080,3,0.03527996482904752,0.041319495701304554,0.03406523289869322,-0.021400360996033797,-0.0026948372058107164,0.03389270442826589
080,4,0.026766225863727483,0.017614290214931935,0.025355803124718145,0.01729342541303449,0.0031595368624841354,0.010695339754377288
080,5,0.018018541173718605,0.028572309042788162,0.04135869561515575,0.0337484427453638,0.03468881138358801,-0.011296605506801899
080,6,0.042958751483072606,0.03403543383545488,0.01631970725492604,0.01697150590075009,0.016454823451087567,0.024296418488238648
080,7,0.0061288023334991094,0.05878924369772801,0.017915622836186546,0.024726399462523193,0.040636400159970235,0.0236851398028625
080,8,0.013064921304637813,0.035231969257714074,0.00047565778027753425,0.03528955929529986,0.039764839415045494,0.02322335915408978
080,9,0.021959449216836843,0.013812344191141093,0.024421474069474553,-0.010875582599493823,0.013461430556441242,0.027031507483836016
080,10,0.017340902388400418,0.019788481727847387,0.01940267684105677,0.03762671891941525,0.011762380011160506,-0.0030661057880140203
081,1,0.014255537440190634,0.026103189146476954,0.00812878570742553,0.027490396396558838,0.037479321328459124,0.011226266277478105
081,2,0.014243306478781158,0.04088751425731172,-0.0010115003784453766,0.03879250651643099,0.01879933735570866,0.031617871001378896
081,3,0.01829270936333557,-0.003923725254821234,0.045908342784935115,0.01577347053197785,0.007426699174452388,0.009972734663362685
081,4,0.02051381447731239,0.020896689182977202,-0.011540785177237382,0.03557614073152082,0.04237148449175743,0.015295734765783896
081,5,0.0392962762330774,0.020725056989714573,0.006997326409353483,-0.00029135006886867764,0.01605780226255066,0.011351533278105095
081,6,0.017032378673633688,0.01337961532715001,0.0248316671668207,0.003706842151901079,0.031491274967540894,-0.007340398762067128
081,7,0.017816218718970298,0.02606823812814787,-0.0035917320803791337,0.01798842782936365,0.01679428465492015,0.03064201129403966
081,8,0.03566299328545475,0.0398754207500896,0.009840027759679834,0.0419734858081697,0.025935445469241068,0.041829374318925604
081,9,-0.009956815701377363,0.04793828434614425,0.02290802636062435,0.021035190878601336,0.03979048777629297,0.006630025561018536
081,10,0.025271629785974074,0.03981196160875882,0.02656787110746441,0.053682656214947395,0.029469172387511552,0.0036289870229396807
082,1,0.02948778140426658,0.0008882322010883469,0.018767913101459813,0.00837523557186653,0.012336016892925798,0.02690990556275416
082,2,0.01803970096260181,0.03719823256550554,0.03213745580286756,0.03278702670037368,0.0053123610091983875,0.024880345186435286
082,3,0.00927070919339941,0.01811713869225689,0.007943998493137608,0.008146804412553084,0.003961423948820711,0.04060816977280544
082,4,0.022563294694216775,0.030823155163333366,0.004395315589008903,0.026612539232654758,0.035982377552315425,0.009150794599103675
082,5,0.0027128086699457848,-0.006429046032865207,-0.011900669851984976,0.011476183506126543,0.04732047418861095,0.004453868339125121
082,6,0.01505958465428618,-0.007049019516459648,0.019315520306348775,0.01594786567857614,0.031769754231122264,0.015934553378152562
082,7,0.01867989457172243,0.015933918146275795,0.01907368212942632,0.006981399085609719,0.02078934124161651,0.01840238949813217
082,8,0.017078975747600332,-0.012835034687458762,0.027133747478001628,0.026475683714422847,0.027183240005195564,0.008910830882408004
082,9,0.011328719811797129,0.013964278522461819,0.01242860404310162,0.00728565467622248,0.004227338755922632,0.03896713113252882
082,10,0.019488374101753612,0.016222310748022467,0.032181799188543456,0.01111643340236436,-0.001714483724966683,0.00033733847627005753
083,1,0.10584804514612697,0.13733684560445597,0.19119264799943378,0.12650505663140538,0.11704548033885814,0.15388953329713548
083,2,0.11181842028578978,0.10095415308865281,0.1345256795645745,0.14533855368852638,0.14458498728676747,0.15553861153813356
083,3,0.09213821350903492,0.08544166428143389,0.14092948827309082,0.10875256991380149,0.09792533136581494,0.1462450892532807
083,4,0.09454453896392175,0.09271980763639559,0.12999196559304396,0.09558898234437843,0.11403063271330675,0.14581930140808833
083,5,0.07062471766929872,0.06128995356209226,0.12850651579095246,0.09796010692880427,0.09710723199731275,0.14257976402036962
083,6,0.08383575229369807,0.07036420232451987,0.11472409485275781,0.08914305503338098,0.11410530464816189,0.10750193679565723
083,7,0.08121283688888407,0.03987523735321995,0.06168874442239384,0.10877384453754022,0.09941851601500039,0.13269306839329964
083,8,0.05458188502719694,0.054107508212880795,0.07813505501802312,0.08299135796035942,0.11902192215073508,0.14297314246254042
083,9,0.0662847241315532,0.07808375539486033,0.0962329021605015,0.07588449241551733,0.09282868672640267,0.10490782123711982
083,10,0.04689064524290352,0.03914101661131974,0.09995308326702426,0.09323467745858345,0.09422386746383415,0.11202433941189253
084,1,0.022774646830898106,0.013717180390119418,0.03609086553169145,0.021269350749696575,0.007501884484148301,0.038363097053956054
084,2,0.014335887463052534,0.02127489747710312,0.014353766223278724,0.0461378284258618,0.01792187898839349,0.015257564248343587
084,3,0.031202733493136105,0.004385365448562878,0.05315694970287212,0.007086922995083543,0.01033459532108596,0.03246554896464501
084,4,0.034966456478540506,0.01878451989786107,0.023058758628486067,-0.01373667224836078,0.03582145108585701,0.005826368953644111
084,5,0.02588186138267174,-0.011946536513029975,0.02088779851608648,0.01233626293299764,0.0348511591508131,0.030277847234761568
084,6,0.011415666964382041,0.0015978895198118055,0.04488922732622717,-0.008605308107860631,0.003467642059417704,0.02429470225426533
084,7,0.030662966658942973,0.027977352505640634,0.050085671094118156,0.03173940784763704,0.007283626952119532,0.022127109130773055
084,8,0.0006909804284092561,0.018144730641717077,0.0478989564165493,0.046659662727932275,0.02183368673780392,-0.00589749668711881
084,9,0.03259849207925916,0.037502192027541736,0.014364373210737214,0.029558722068378517,0.01843394596590356,0.00671675013165265
084,10,0.02978567358888866,0.0041031979679376045,0.01788196908977902,0.020789105065206512,0.017891559787721806,0.03011553593282245
085,1,0.03625292726627288,0.028969558278542765,0.013445354473918817,0.029143968609578182,0.021543351229400414,0.0452081127232709
085,2,0.00493810562551492,0.02127025561764241,0.027754211819617076,0.04120193847631405,0.0059735637352113366,0.03505690051479327
085,3,0.03730231141677439,0.02484242502989331,0.03639532300794926,-0.004563462576620185,0.022163686476050642,0.01343402296157611
085,4,0.03114664878540277,0.022293196488565523,0.02444285836268331,0.013700142312352422,0.0031409290216001195,0.004400649960085674
085,5,0.04610838686893169,0.027538053129255204,0.022553053315462396,0.03273716687019546,0.021024160691033588,0.0612590808259214
085,6,0.031027784717595878,0.024032588112579086,0.031332192270353686,0.012667931224603092,0.016899406083422466,0.04071174724793305
085,7,0.02289889512507771,-0.0031834199895557514,0.016661354494485258,0.02389152278758777,0.023319057334451273,0.040188446257162704
085,8,0.030051380397953326,0.018571714489845705,0.05131833137452993,0.030407881440312038,0.013426867742327993,0.02259669260916943
085,9,0.017524977743937017,0.04282782182289693,0.024089089492752225,0.020939362053481698,0.025657328862832254,-0.0034705144609269043
085,10,0.04018023580955058,0.009368918833932526,0.0212890095321741,0.04688564945539721,0.00438376567146098,0.02441215003689359
086,1,0.030486027820559144,0.041767285806314655,0.017774419467127416,0.0115498481012568,0.019361719086755828,0.02471615896620182
086,2,0.010289579500546209,0.03946667386254042,0.03409662508122811,0.01649663972107292,0.03426103893294611,0.017133981792864284
086,3,0.012671453684474176,0.030457738788096416,0.030201305554421822,0.03447917823766286,0.03220626493292259,-0.0005882619007788843
086,4,0.023075824555457026,0.039399541065849863,0.030974191053735632,0.030967146600052498,0.039592616932009134,0.04685815525001381
086,5,0.031206575699226514,0.018248123539392428,0.047294247731149604,0.0335569321544602,0.038382624161394964,0.014464671627388646
086,6,0.061751799466979444,0.029285444472482915,0.05573331542564431,0.02169122163921831,0.01781704587352293,0.06009370225274498
086,7,0.04282208856531989,0.03087959291786177,0.023118728433983292,0.036745472776891705,0.005341043565896122,0.01219130209718222
086,8,0.004585835926053821,0.03148280916315592,0.04806433908754629,0.010254673698729965,0.023893707330231082,0.01664656809405402
086,9,0.03799412544374986,0.01433444567805686,0.050086753999143814,0.02716926906546226,0.0171748231099758,0.02217648958795053
086,10,0.028997465888315865,0.045865151888383415,0.032314735840993286,0.003877626376012463,0.0037161443033767423,0.04592962432061394
087,1,-0.009425094765419265,0.012057535565611116,0.01567977145322722,0.01764562179543212,0.035895290768930325,-0.005377953099746216
087,2,0.016980355420401154,-0.009190564660182518,0.01535541564659684,0.02782494213751055,0.007423566195025342,-0.00027981980944447553
087,3,-0.0016005424137985119,0.011413365592661293,0.0066640148241227624,-0.01177423953214936,0.02486627352258453,0.013669246364969854
087,4,-0.010342140159779358,0.004609603383907676,-0.00450491947293133,0.03138932677356012,0.03294101346603848,0.010592492975666563
087,5,0.022480533172254163,0.023276675675844904,0.0031844152230769596,0.03635172512810625,0.008567836553217724,-0.010326384890018032
087,6,0.019529317553447143,0.01263364072987882,0.0028618045248004964,0.027554744015430423,-0.004913748974237321,0.05289497740195532
087,7,0.0007740016701442977,0.04062918907493249,0.03693598440145377,0.017391985766407162,0.003227769670367959,0.028663751613194944
087,8,-0.015089633085635134,0.010320884741375174,0.021507694855721737,-0.02692178795648703,0.0034861992590508235,0.023919758787256076
087,9,-0.0018166498624501964,0.00866152749374855,0.005715962746100192,0.007924335154999188,0.029468702611130757,0.006399554833326051
087,10,-0.0035842529759356773,0.027788754733808162,0.02421865755489005,0.021757979063205042,0.0031117789975794747,-0.009743117265466271
088,1,0.020539080206828788,0.03172520428522161,0.012815258019398588,0.001757252857213327,0.021326527984399175,0.03487851775871454
088,2,0.047155615932606657,0.03160642506865556,0.030066955832576688,0.01009696953616923,0.02434191811113955,0.016868419954766123
088,3,0.022857310019140646,0.0337207105713496,0.0072267498059097905,0.0021740249870204204,0.029408896442401,0.008486755107022667
088,4,0.008054896119402874,0.02959750056466221,-0.0014085745465127004,0.004427020023920554,-0.006142728923799277,0.007315257572788327
088,5,0.03734644217936608,0.043843582800253474,0.01888380832639224,-0.002186474428482763,0.022693195961256834,0.02260307494010555
088,6,0.03191172695225098,0.004641600117259238,0.03184656270572682,0.0003104687849100611,0.041051934352191885,0.01961839826565112
088,7,0.031805998692133124,0.03887669467449497,0.008830143161899498,0.007914391525866732,0.01848808304412786,0.004683880211610881
088,8,0.0292041076309824,0.034989945673647375,0.010789685780570251,0.01608029117909002,0.001230850157738349,-0.004314962551370147
088,9,-0.006765854873888917,0.031657814987687126,0.037095295054118356,0.008170067071091023,0.02183907116052764,-0.020403541444912004
088,10,0.0032632981203814877,0.06785259222530071,0.033470126142992045,0.015294070700377185,0.012645789948936682,0.015841572947482913
089,1,0.009314122224038652,0.01191967884881357,0.06341072894511982,0.014494603585342552,0.030473682087955353,0.03641640217358604
089,2,0.03916409085975984,0.061413512822189965,0.03388985248680743,0.04283736697940107,0.018334196406177172,0.009312675347100076
089,3,0.036983873120414665,0.037620682244983335,0.04540154152558873,0.01024617729474219,0.025258131730936325,0.005962974660202809
089,4,0.023075831215281502,0.020535693895785335,0.03465658668338989,0.002350492332377947,0.04061582347107811,0.03668674151256102
089,5,0.0246594070073903,0.044799350416696186,0.04315877122439281,0.02199163473508906,0.028326162367113362,0.046399318134103786
089,6,0.0380955401733944,0.05220111283089677,0.034637915300869335,0.060467391594445294,0.04331588004519627,0.025229156701704177
089,7,0.016614194169409555,0.05602863931318758,0.022651990035497407,0.017609624580736175,0.052357434555123636,0.03852629633198066
089,8,0.03640924864854105,0.04170463059322359,0.043776707949880915,0.03237099709109488,0.04153269884673463,0.03343217286185648
089,9,0.035819010202044976,0.03558632511515726,0.04406426581391893,0.024310123446428314,0.035185855806795764,0.04301301428383468
089,10,0.025021082952602178,0.025121573089488078,0.033567653551054635,0.011452708241569402,0.027491376884112628,0.03642012421544286
090,1,0.10475650280831987,0.16522277694507997,0.07040027973024386,0.12646941754291982,0.1970710986645789,0.06438419755863532
090,2,0.11277289263528006,0.15868338389195344,0.109860425927125,0.12345155472159249,0.1634894377120006,0.06678735688386071
090,3,0.10919437207428713,0.15961274500218284,0.09744706459593842,0.045512419401524534,0.08175611314626549,0.041929675080833693
090,4,0.10862763782532177,0.130030375365023,0.052491730648463346,0.05153536119721942,0.11483587085342974,0.043189892536208314
090,5,0.10969097696143429,0.10721389253263658,0.061911205350340795,0.07257936974913633,0.126341664067941,0.044248928139874646
090,6,0.10687802763561007,0.13815089688178978,0.08210013796682149,0.07721264545420714,0.11180088729009169,0.04273349576180773
090,7,0.08291018157261155,0.09400903067645905,0.04836857147375429,0.08102415224343318,0.08981098993802855,0.049219455588046655
090,8,0.08295429825810023,0.10381421392450896,0.043069808058020784,0.060166254473809286,0.09819010238576344,0.05810926560801492
090,9,0.105273911471842,0.12126151999154544,0.06272952417588672,0.028007939146961456,0.07519774510792376,0.02064945935410544
090,10,0.09345083200624145,0.0668596287035288,0.056984302782658335,0.04208281026602542,0.0943605611470384,0.02985732826097432
091,1,0.031435180634017935,0.023722369800664143,0.012713293242211281,0.011453744816220579,0.02443079619872115,-0.002110242220315473
091,2,-0.0036077549108519745,-0.0020802511380962033,0.018002643714846125,0.026167748012383255,0.0021101006419595118,0.04894098604856311
091,3,0.023325332753529677,-0.019108903730036014,0.005070819017804306,-0.009194926908398708,0.00692367061385329,0.02261399454145919
091,4,0.02311582790524368,0.03228207113064142,0.018712230931597847,0.005098019481655494,0.015240786817678192,0.0021491610552546486
091,5,0.0258829862433628,0.04178029276650316,0.028614786591606798,0.017485312820027674,0.026123535656478625,0.028151519352031723
091,6,0.018707537539041152,0.01797481718348552,0.001641081348984729,0.00058069462075177,0.018440486701580217,-0.0003379907462615471
091,7,0.035301552109438646,0.030980045541280497,0.03683911164388831,-0.015295758616626331,0.03312726579989821,0.023088119986266583
091,8,0.028666457220916826,0.02275620532526741,0.022581049202761452,0.01666410587074794,-0.010173864237190097,0.025267694845438945
091,9,0.014534304243311156,0.008029622667652848,0.03168293475632111,0.005129036043245099,0.027880519740168294,0.03805380123976772
091,10,0.01246236561564779,0.011807267297929209,0.04448528603160061,0.0366590668871213,0.00712824846692513,0.02625143732669755
092,1,0.04500578990963206,0.03039280925585362,0.03804448222836208,0.037859844646761,0.047699125300273745,0.03407887543587726
092,2,0.017724862964327993,0.005404793230277144,0.01594359986779229,0.05446053629446325,0.027986083169867934,0.055030961814290284
092,3,0.04090628887447933,0.015465938925659697,0.033877856441786966,0.039416719257574874,0.029770516941693612,0.051395746846664654
092,4,0.021891438353712007,0.03459119245090213,0.023249349592226992,0.027856527870150437,0.06645559784403242,0.03334014846246621
092,5,0.03715474251824803,0.029957166611006624,0.041866097389699396,0.03974899834211532,0.02413117138461085,0.032022721900200876
092,6,0.01737499854218214,0.029157124942594335,0.030854159605536082,0.027002139360897365,0.04469255483264232,0.019034355444015074
092,7,0.011440798909273199,0.0019325373369696484,0.028725339735939798,0.025536182197872112,0.031973166307904366,0.018367653131933157
092,8,0.02629752901644954,0.038093251858754076,0.03598591686668204,0.023040648335568792,0.009600219421841218,0.028674857830425567
092,9,0.01013373011409808,0.023490141108552826,0.043425582034292975,0.011625366932378513,0.010094265357032041,0.049740559957782884
092,10,0.047372154144740594,0.03991719206122735,0.0356554274243664,-0.006643024335150868,0.047118069566072514,0.047356436403493615
093,1,0.013503228911286975,0.024401417236724385,0.032746906114810514,0.03472158052927498,0.012720369710425772,0.003842652717189048
093,2,-0.02029460950363476,-0.008044543729687692,0.005186713411514796,0.003924059261379561,0.01014783274410019,0.0356306660348319
093,3,0.00016382664191045976,-0.012226727616132787,0.024726378828001442,0.009087182655248495,0.005947919525333736,0.0061837989097816405
093,4,0.02564795244938678,0.035424114221897764,0.014291090614498937,0.023029484888681995,0.01050217805509605,0.010083901357665362
093,5,-0.004472523264273197,0.02566536237651994,0.0015647867801181026,0.013381520688188377,0.0015093487618724653,-0.0057979390814404275
093,6,0.01172555754249197,0.009207960364618711,0.01752594751720971,-0.012092713568357723,0.005904557993057913,0.006341112296273233
093,7,0.02181843904545238,0.021077462259056896,0.00520781612751561,-0.0039511172569189216,0.0035120158813690626,0.015296846681428047
093,8,0.0160698398829244,0.001649597699277779,0.008143293983441331,0.0351925274634855,0.03247888383611865,0.0036101668439359543
093,9,0.01592979735751878,0.01042103681712847,0.009381495218437738,0.025807383494750567,0.029334444327758804,-0.016886657217314773
093,10,0.014469093781909212,0.015469382433426469,0.0014308733265921234,0.018189863939019658,0.029521408025733865,-0.010876102870962641
094,1,0.01975434343677316,0.017114839663079723,0.038756197027177974,0.0037816455125340236,0.04034533114238426,0.026062842786807785
094,2,0.030485342659423657,0.03082617427431037,0.025435965523347853,0.02512958856184832,0.03902415289140135,-0.008782704336633352
094,3,0.037301600357475574,0.001719719750988921,0.005089389504544037,0.04018147034724597,0.03741473848759369,0.031728904103601775
094,4,0.00991250704946559,0.04503445970477844,0.0248550413375835,0.020999538489290568,-0.0031994965376414054,0.026383022393015012
094,5,-0.018511869029383836,0.032880541075193066,0.03969961467711739,0.0011654645605485821,-0.00845599326891047,0.00777008155753078
094,6,0.022510361543093438,0.007239061397287676,0.01165297832160118,0.012152080614104164,0.009967765099829856,0.03552029290740382
094,7,0.010950061546323317,0.023272361813814566,0.028034561497156305,0.008278475828740459,0.02349991158033382,0.010506609808757677
094,8,0.012330333835997888,0.0056812225857901695,0.021208165780237896,0.014200675830289671,0.0061876242835336055,0.008318157517961737
094,9,0.0111090513323752,0.011382371453538098,0.014763916481273738,0.032697535997067324,-0.0035743776448668675,0.02831994693251189
094,10,0.013211709718745204,0.018926314217330265,0.035600120540878556,0.027035716476320627,0.005098760489914959,0.03433620099395053
095,1,0.09499141038262009,0.14655319924330504,0.1305059451576102,0.067528598069497,0.0892861697140974,0.06774136912730651
095,2,0.08734258829168735,0.10276213928702639,0.10028994298129978,0.05671048045974112,0.06290960870414711,0.09616765084592518
095,3,0.09303201806163303,0.08311231771032622,0.0832568077714852,0.03244921916966289,0.06567043130915694,0.059199969658464725
095,4,0.04005713648504331,0.0926650726955755,0.09708205398034309,0.022215599900317733,0.04968173883931984,0.05044630205874648
095,5,0.052581922387974316,0.03916135273095527,0.08813510193519779,0.043021198366665965,0.0725675731617864,0.05605756531153203
095,6,0.08043297652261537,0.0784018835020218,0.07392226671323446,0.04332289278138761,0.07195745971303211,0.09821902036543824
095,7,0.03934488393057285,0.07119383026395791,0.079227467027947,0.04081869046962263,0.04973217864229368,0.05836365800051396
095,8,0.06265508142782092,0.06807581218550561,0.06539082901128165,0.031351225487570196,0.05024390064201164,0.03868567563144959
095,9,0.08146107522796717,0.04527607669275695,0.0714429604651441,0.02718406939854606,0.05508205077743089,0.042524957708459724
095,10,0.048064884170619764,0.05434283479583883,0.03212019741537532,0.04244882894218077,0.03505106964701932,0.035373300710117336
096,1,0.011076897207181602,0.027496460259427428,-0.009550082740613957,0.021373245211902182,0.011447451388686747,0.025157173258433283
096,2,0.009861145517697654,-0.005282913873191977,-0.009927612178831072,0.0028221924718885,0.018602654326469226,-0.00788550370379044
096,3,0.005934557872208504,0.01367436076889113,0.021203498307726724,-0.006841800469280491,-0.0027661024510181077,0.008267206635128359
096,4,-0.0031359246766801464,0.02466304681854793,-0.005519299088177158,0.006435092706734579,0.022943262742987906,0.013165731752605212
096,5,0.013796660325891547,-0.018799021294793272,0.008296513013160969,0.0370154161864177,0.015829100541594705,0.0152421326837308
096,6,0.018329799071404848,0.0213677829945425,0.019557514626093262,0.013461753268362592,-0.0034985460242951192,0.014032744195132278
096,7,0.0011602718376671481,-0.00315011413252543,0.02076629882093089,0.03831554854973527,0.0011081081193570614,0.00042651264785088376
096,8,0.003760534863440555,0.02655175419274051,0.010013845777135153,0.002422363176366531,0.045652623452104586,0.023434126441868965
096,9,-0.026757195165636707,0.02321681809128009,0.039340185293225326,0.045007937477187544,0.03041564745077669,0.003747418238889477
096,10,-0.0095757305913884,0.035735263476786225,0.022169260904957255,0.015560057653190414,0.012521299671993136,0.0045020658438340785
097,1,0.0046367712160517265,0.028731576867604514,0.012260544995749773,0.003231596347246132,0.01732683996645827,0.0129476909830002
097,2,0.02099129166277362,-0.010356738093928832,0.0357541008943418,0.024628160845780556,0.027835311334964637,0.018394114958946394
097,3,-0.00025232844057279495,0.006968729624155258,0.017845155460250547,0.01888721763598139,0.01285154281273365,0.024431610967720393
097,4,0.014724830739673686,0.029887964221907495,0.04206207912194697,0.018475890621098914,0.02192034200852986,0.035915086938234475
097,5,0.01988447677248162,0.0222961280097642,7.766209064071189e-05,0.006218397701118699,0.004002453455662063,-0.005869368104729002
097,6,0.02635670200581627,0.048098831008808865,0.010456485345126007,0.012450710428458446,0.03627990132264917,0.02291996433466402
097,7,0.041507446819654625,0.017808818956952237,0.010393826120287872,0.024681529397915368,0.02666232719083848,-0.00037339970423263424
097,8,-0.003908465353989731,0.012188782257358456,-0.0016589405403089291,0.006380307105111902,0.015357737063485328,0.01851261941946012
097,9,0.014365706951024137,0.03465980129166039,-0.0044584816602717256,0.022489659880803294,-0.00690723803361509,0.01708840912147531
097,10,-0.002998398582579607,0.03182467550280893,0.03710610882215856,0.019762035382681398,0.015709356188209907,0.0031551525565395536
098,1,0.009601699235071395,0.0006536189723238054,0.012652830450936223,0.011067767461197909,0.0004907381626620309,0.009990161785404706
098,2,-0.003745100768221089,0.0012246329346153066,0.024362616894728118,-0.013447579476691092,0.023463705872562086,0.022034434723279466
098,3,-0.014440569303790937,-0.045475454485784605,0.029664413031433495,0.02841360397599168,-0.0140383533358197,0.001169815381584176
098,4,0.03319197417226645,0.019147659399004178,0.01793140050437756,0.008357372548450464,0.008147876503683739,0.026126856000243445
098,5,0.011810294935260894,-0.0012499523882818484,0.003962157070710928,0.0024707169428311495,0.010196771167489382,0.0019501760667098656
098,6,-0.008220494878710901,0.01803112749777963,0.013745488986021834,0.01938138062822046,0.0022448605101218094,0.023161313848599985
098,7,0.025779536426836364,-0.012731798568505698,0.012820632621303672,0.02282692434682762,0.012021466225710464,0.007592057752441369
098,8,0.03427319318719744,-0.001158698950128748,0.022860592186884954,-8.402576107808265e-05,0.015012468115542705,0.01716750968762159
098,9,0.010092481273283561,-0.0033602195901727212,0.020072408395951098,0.003308639578000745,0.011724592954854614,0.023323079044950543
098,10,0.03091131650931519,0.0036949523270997514,-0.009954234602933118,0.03060722531822183,0.011696523020859006,0.02798538158398668
099,1,0.0765713439090276,0.11125071558340888,0.07729583298843702,0.13079139155988315,0.2014725666886061,0.14783176847276217
099,2,0.08076774424600253,0.12187776513912547,0.08033500059355507,0.10953654007689212,0.12146707755010142,0.09999517192344376
099,3,0.05284641644430918,0.1139203598499482,0.08788758394184742,0.12939149335764513,0.14021216992479846,0.15084036942659812
099,4,0.07262468154436069,0.09683558578571669,0.08511394792090261,0.09348126183448323,0.13666374871753395,0.11954852236917633
099,5,0.04752267400217719,0.053064731216395954,0.04849790974307058,0.08371502332728438,0.11848787353672445,0.07930556596515051
099,6,0.06912852007813824,0.06800371876723613,0.07361261593052575,0.08427212629776061,0.12220698177177548,0.0775080440204518
099,7,0.05605858322617106,0.10579887917546933,0.09691845354449163,0.12470294350675112,0.21378202523900808,0.135666993522229
099,8,0.034034838082699546,0.07827168548290124,0.028214840173490796,0.1018260743771817,0.13297284589725378,0.11789109848168058
099,9,0.05855283302555835,0.12253240564643351,0.10157318893352964,0.06328913757308476,0.08969611903046684,0.07602010353140959
099,10,0.010738309769423957,0.050456735164104885,0.04794544582761111,0.09644986992254607,0.1285485757007716,0.12860517288519055
100,1,0.009265332799367889,0.015375060818409551,0.022620863474020054,0.030104539957715216,0.021663063514999487,0.027189917268074487
100,2,0.0237982635981963,0.027154481666725988,0.04500756211958213,0.001622435338406842,0.019485853910378437,0.026942979801955556
100,3,0.03632759114928991,0.023600449208689575,0.03752235736424819,0.03207291949975018,0.011962986924445541,0.023842572004658256
100,4,0.023941823787342418,0.029800987900783067,0.022751401291715802,0.017162182068197175,0.03236476210393235,0.015704658452554674
100,5,0.022419378820839657,0.042240991137144246,0.029176353510137615,0.002569140851984942,0.006882426311974657,-0.017479212212229183
100,6,0.00456848442047452,0.005904820644564371,0.026262887148784244,0.016882888935419886,-0.0017427890955043312,0.013808021525330994
100,7,0.03549633492583536,0.017258730722118885,0.03641112903093916,0.016392415607387485,0.007469341064947968,-0.019326679815495358
100,8,-0.0003034621021428425,0.03771775195296294,0.0067679593235506295,0.019090932883135372,0.012983044249854019,0.028564527468322425
100,9,0.0454223944039479,0.02399824709664052,0.030861993405280487,0.01216314808445405,-0.01586348489356333,0.0017807974761099414
100,10,0.01872893402047133,0.024124810922182213,0.04836585018309191,0.04068230236321189,0.013200269437412348,0.03320256960235345
101,1,0.07202670310073513,0.07230489636443388,0.0733468159946301,0.0602551714730867,0.041621961165614674,0.07411165984822471
101,2,0.04926343164813694,0.04860142610898027,0.08980769456547323,0.03652904689055122,0.06767643889806815,0.07288007887407258
101,3,0.04798978932726136,0.020619398108686852,0.042531145907037805,0.03684813916193898,0.039432096662730745,0.0608404443219795
101,4,0.042025840851276995,0.030521539006789253,0.054751995556232114,0.04279056243992309,0.03767245202760378,0.058981609836619264
101,5,0.0011602683809652243,0.024362978096010856,0.026932238777219994,0.05122995016686037,0.019047920621844776,0.06230296598754799
101,6,0.02700977158985005,0.061888530986161816,0.07005229317128445,0.026682052442571748,0.04407559348350649,0.04007136735806087
101,7,0.025317653226340546,0.04951762271837824,0.070205228674108,0.019070178734887134,0.061702248404409465,0.03641545290728473
101,8,0.03555609378161586,0.032233008342811585,0.05687321704844023,0.05727030038594121,0.05378983227313068,0.04296566261662027
101,9,0.023128359928941435,0.02577000786729745,0.027914812342189378,0.0209673736817629,0.056437513624255004,0.02892981689048302
101,10,0.04342932181400484,0.04818134565538606,0.030763769577164146,0.021490968085779875,0.03981758790048033,0.050087433935311766
102,1,-0.015839245051467474,0.007428596754992996,0.006664727215558032,0.00416959836837888,0.0031084681983711863,0.03144649024381127
102,2,0.005457943579086043,-0.005107049909689517,0.022067831572764596,0.02878015688174724,0.024260442890820827,0.008084220739321754
102,3,0.008403212505132032,0.045121298428144774,0.047753869721656274,0.01883777680288229,0.048372423351689606,-0.0016446607974886836
102,4,0.009662949147722694,0.015518252943720974,0.013363186776654764,0.04384424442906678,0.022587520028981317,0.010904213013373002
102,5,-0.014436172147243827,0.007704308699512206,0.023125329641696644,0.037881572990987045,0.039078306651144125,0.033871325154695583
102,6,0.0196386333064817,0.031037940906201048,0.019094920672461522,0.0032002316795593814,0.0277864325989783,0.011890162644046529
102,7,0.020708336887726983,0.022097356565698483,0.01015449401217608,0.013909496529000313,0.005346806862476831,0.011292321746937721
102,8,0.017203938806416436,0.0079733293376458,-0.004007461851065276,0.024681585733828632,0.02512924041716322,0.01670920696164945
102,9,-0.005767498638323158,0.005688218410920773,-0.0009981002497196911,0.011118861873838547,0.03154129920818264,0.039386529005043844
102,10,-0.0033552810645794064,0.03436150919448555,0.02901295796509683,0.020433061908274402,0.003935766002634387,0.019397586396058746
103,1,0.13101016796980972,0.149462445495611,0.17621475090878744,0.16775549784212881,0.23796932916523092,0.2373760612277524
103,2,0.1710319412601291,0.2091070699578195,0.2190720373393889,0.13809889749651344,0.19439030672099866,0.20874532507506638
103,3,0.1409666769981814,0.16261089816948854,0.2127167818200165,0.11671763183158483,0.15574326297859242,0.17804465903229094
103,4,0.08222708251245053,0.12757290179407188,0.1305717224206324,0.12902144729066986,0.1582261085798737,0.15407123583348076
103,5,0.10425553277130528,0.15466516059829447,0.1584905766521985,0.12110356995609325,0.13248664042806277,0.16666659189870509
103,6,0.09800657538604862,0.11952961744778018,0.14664754816717646,0.08165367149036856,0.12095187230533497,0.11960525730973713
103,7,0.1340503508304457,0.17315155483968436,0.19939519769309366,0.09969646433817332,0.11200107060842909,0.11961073796363243
103,8,0.11679197393065326,0.16161279475426352,0.19925722601507895,0.10155406460846111,0.11721764285370256,0.10919556236589784
103,9,0.09952545798371237,0.1278364730784169,0.12074661908058548,0.11850753562495375,0.17920497097611096,0.164888199514517
103,10,0.08555976222796044,0.10766529807791705,0.12113278704201572,0.07868329789931815,0.10699713269280323,0.10551389772899637
104,1,0.0074469552911728505,0.04217692066597397,0.02454629680371815,0.02652556307713323,0.0407891527358074,0.013896084284752955
104,2,0.021772699354845968,0.035709845830644536,0.050274288204267006,0.027338906524761123,0.048372935909545126,0.02225708843136066
104,3,0.011109634407379412,0.02865904238822502,0.03633167938541645,0.03236452523710342,0.05447073695820505,0.055460838353192
104,4,0.02836807973698006,0.03272905948141564,0.015181220774484758,0.015853861755612778,0.05045935177027135,0.0537796819563781
104,5,0.03519496589686401,0.04151005700804599,0.044827001765795634,0.017970575722162818,0.05943663454501375,0.06437572960988824
104,6,0.02906436826091805,0.023837346176546047,0.014084414546682964,0.06704109394624654,0.04838001432621833,0.014973126612001042
104,7,0.03017375867573399,0.05004152663540302,0.014198619595909501,-0.012638128179748694,0.04823054818931375,-0.0016053617288380132
104,8,0.037638918781874774,0.04667789162651854,0.027996005485259212,0.016108691056386973,0.04041843570449389,0.013427791029496603
104,9,0.028163210154363363,0.029708733170066004,0.02185967149337688,0.058165564581284836,0.04817540568078875,0.04224798136888109
104,10,0.035911024657513,0.05485980412721289,0.03711710323326183,0.06292952050709649,0.03948504703522785,0.03590991697376769
105,1,0.035393677260548574,-0.001065268308171938,0.016138138455782988,0.023354350007124082,0.027268200551600758,0.01661705647546261
105,2,0.018628695104705405,0.050559145770579524,0.019457372257568082,0.03131480376222252,0.020645119988301396,0.01259754460184234
105,3,0.02964185540350391,0.005520963216911337,0.022897798735399474,0.0019382706612909994,0.027737146489420304,0.02463075066870104
105,4,0.03722907596255652,0.011090993871689207,0.005840367616879256,0.01308307848674114,0.031793342201949945,0.027176513092121143
105,5,-0.00015099382766837517,0.0032382938129975544,0.01309225972298924,0.004881350770682195,0.037548903272227686,0.020546963496152724
105,6,0.00422275270488386,0.014689859251118603,0.01756366902349558,-0.003950789303387759,0.01636391599027146,0.01909152353894367
105,7,-0.022776198861524103,0.024660222810105048,-0.00818194309922067,0.014734817002304137,0.045213044671680455,0.02104474338987263
105,8,-0.0023680019471413135,0.013396416349386278,0.015258804490717887,0.02205638291170672,0.018765475231698397,-0.012151508353358013
105,9,0.01678255841623596,-0.004249074360919442,0.00648822264320421,0.037048875103011046,-0.0017354074919359124,0.01482199844225793
105,10,0.03578598370134274,0.010816739158770093,0.01662618151013083,0.016132762632281868,0.016273322292919393,0.011920668277270067
106,1,0.0840422010578307,0.0732278885459279,0.05467972716055317,0.11290015937201121,0.1271316286406078,0.14477857074592412
106,2,0.07792447385767659,0.05800430750012111,0.06057879804297538,0.14543342326667885,0.13267813852648522,0.10446680658740913
106,3,0.0976998691262752,0.08803212982678105,0.0773730791367357,0.1137148008032239,0.09267999602489194,0.09252049492569966
106,4,0.08117243887727693,0.0740170247879078,0.0590394131594037,0.10126162842791063,0.09640494228136058,0.09303224458118285
106,5,0.09595507456544518,0.0738019493093326,0.07579646388469066,0.11061477757545368,0.10171800794927956,0.060402469745092856
106,6,0.06201001907639964,0.06855440392477548,0.07236430656144135,0.09489444222011638,0.08718675849159041,0.06960711683757474
106,7,0.08820448103244773,0.07627093640383048,0.04400221734864552,0.16406101841557647,0.1557298783968444,0.09411212974912632
106,8,0.10597684966065105,0.0732685296250445,0.10981365639095025,0.12356408251894836,0.10460254927271649,0.0894975912953263
106,9,0.07050421579443074,0.06422661707500871,0.05112957043879452,0.10833521326652078,0.09357170307280499,0.10115737339124907
106,10,0.07807799149528649,0.07291043091773776,0.08393074104968451,0.11017118777082645,0.12504326868318297,0.11096771995596895
107,1,0.040249709317756954,0.008318571793524483,0.03836531502907308,0.019375624508263013,0.03341318592467694,0.008672289363877763
107,2,0.01721931125240729,0.022602033354412642,0.022635720578093564,0.011317572885259967,0.03460726902516232,0.011747289588835955
107,3,0.033253587044173444,0.0007069058875818782,0.01815630878868122,0.03123229203964478,0.015358878068083557,0.03849354343274312
107,4,0.04253955159024666,0.0161155710468533,0.01336645568861986,0.03492183872527709,0.004110764316706411,0.029083802002188817
107,5,0.009425421205351222,0.024483537658703498,0.032323928659804324,0.004854354380138566,0.020350965000324076,0.010870185201148103
107,6,0.02074050282350574,0.0073667091497469,0.03300937658623392,0.029057370626773344,0.0353637210877872,0.03272615352619453
107,7,0.02486537424603661,0.00596875659920138,0.03625011957071332,0.024931143529242136,0.04993677255610987,0.019354848093157028
107,8,0.010193774144289654,0.041963628795883494,0.004658205865559335,0.0209818664679389,0.009774344165112664,0.011168627647715026
107,9,0.02738872469139209,0.02705085999606423,0.04533583398856908,-0.0003624238307341133,0.015637969057409627,0.01241335900336012
107,10,-0.0028524503615051317,0.04621569369968381,0.04547893401977493,-0.0032127669013436856,0.008865096905963757,0.0428666891738545
108,1,0.015331912859144398,0.040703572821389165,0.029770582915603305,0.012231509125150813,0.01999267122533741,0.0036112145865788334
108,2,0.03280927209145327,0.02226451010638888,0.036246149075591025,0.03270422673951571,0.03461225390373813,0.014108780740086585
108,3,0.016974991178943476,0.02002248911095832,0.019062799471623516,0.02420594120041688,0.01437051737483481,0.01752895935827575
108,4,0.0327202233169481,0.004079652022254585,0.008408838638987535,0.02908052600767818,0.044483199170222004,0.034714692009356285
108,5,0.017776907460829144,-0.004069508244535553,0.04486395150635911,0.033220085930230174,0.024442288823482608,0.010878607139598625
108,6,4.31604845403087e-05,0.022550013941214656,-0.0009998421092809095,0.005507085751374717,0.04283154555174998,0.030487880571065627
108,7,0.03642404079243635,-0.0035482421060203636,0.04675897594007108,0.0034241348748855482,0.039387405297958755,0.04216337377509892
108,8,0.01560278922421318,0.02059137841358438,0.03622468806001758,0.02149550339903403,0.035016937478924794,0.01674413880350628
108,9,0.016203576260852795,0.03896867870930069,0.025275946921543217,0.012125649052330496,0.0009208075578243101,0.049668536417608475
108,10,0.018672059630957423,0.015057282774564184,0.0361734445187643,0.037208268665265776,-0.009653622672492536,0.022223602577429703
109,1,0.02231848186143618,0.013642957540661818,0.031060505399089906,0.0005174979699340799,-0.009304880597986655,-0.019348968458721715
109,2,0.005743312952584378,0.023470682010368935,0.005523148922402623,0.012320352826091448,0.02100888574764265,0.01224920261414331
109,3,-0.013458716887381563,0.026928564968925803,0.030209352231437992,0.017794809934437956,0.034327579250305634,0.0071382519414923224
109,4,0.020015358463630242,0.02834501793910727,0.017241627700062618,0.020823114950578186,-0.014898920094838496,-0.0040190824237231965
109,5,0.026389179758243383,0.005929582777954536,0.006532581511833989,0.00776679370657436,0.019576005308135552,0.028356100087877617
109,6,0.012501109731079436,0.0001660617809056396,0.013698252797560628,0.018465531387055926,0.01271450937679827,0.0018810474478367827
109,7,0.022851626439735012,0.003960281426546731,-0.00722945175866942,0.014978309919479136,0.011823632978144868,0.030840479826997547
109,8,0.03349165665782417,0.012528165965645363,0.033807838679749444,0.011925129488454728,0.008715866889601954,0.0003247463413098605
109,9,0.031066987144238337,0.02609028457572246,0.0026056836423868916,-0.002750681960929751,0.020085238469970488,0.007565391989606011
109,10,0.028438358523894966,0.01531635395685346,0.0035663331963410256,0.015530693421910824,0.02094358530633248,-0.0007350155647803705
110,1,0.020163588168189212,0.02043290219631638,0.01981820039833519,0.018728258523457702,0.038483412124063344,0.027158997350962534
110,2,0.028723031747629427,0.0281722001279086,0.03796047319286192,0.015901678271683966,0.01700339292239847,0.015243016810938722
110,3,0.03346271716321483,0.020106432879294582,0.02690863773083928,0.02461980320941604,0.022313331607136475,0.010298145824767407
110,4,0.023935748816303146,0.02170477766589027,0.02179903299740037,0.030854337091723652,0.03455066592207457,0.027562136508368338
110,5,0.028484375211734955,0.0011738629409819253,0.03222709660212088,0.036429092096674914,-0.00791614730429446,0.02896829438089624
110,6,0.021748987058512324,0.02465330475699199,0.04112012586150192,0.018925586636533938,0.024625491438653717,0.03151852905672751
110,7,0.024345077918121606,0.021282879341725444,0.03150109633322687,0.037618410583764826,0.014896410357832382,0.025436302816747594
110,8,0.029923768107855235,0.03347126519570344,0.03251709013132643,0.015000208064653046,0.008144055936591522,0.029432833428563652
110,9,0.029017492694814916,0.0027758619613874698,0.0010234438840656165,0.027577028235600057,0.005426581423747978,0.027089407410619205
110,10,0.028033807511638684,0.007589684518050828,0.015762508899505555,0.02545758229933612,0.018343019190271252,0.01741302610922409
111,1,0.006899051605169333,0.010576057000783644,0.00282682953946379,0.033575124587207274,0.045752183331969225,0.027946456742679995
111,2,0.0016838354782573884,-0.008125339600430841,0.019433921307561268,0.019934549157805678,0.009117373145454912,0.050036030950593724
111,3,0.013408453643621516,0.0039728725129532785,0.017535654458281216,0.005600383681488027,0.008202198148122467,0.03972267377914039
111,4,0.01575416186922992,0.016613942135828275,0.038385862716096245,0.017251963888419364,0.02747784043614868,0.03544508200506795
111,5,0.01962003761129649,0.012085024638274261,0.025660350836903257,0.006371013240227675,0.0368160250215877,0.04291043541104735
111,6,0.0054175300741609944,0.01117143718930284,0.02477122679012995,0.017380003150611723,0.0013755632768491506,0.03651432537077518
111,7,0.015039183680973655,0.012349233218293662,0.011955105781259735,0.020520914607548936,0.014907987671153967,0.021096810408794135
111,8,0.037428942900719714,0.011445353626202833,0.010649557438486876,0.020154989304849033,0.017588704714152668,0.03417526917889084
111,9,0.004457536740387305,0.027563334390372337,0.06005438917120712,0.012846970112427327,0.047268181896884136,0.024921132261864893
111,10,0.035176112139080104,0.01659454812937879,0.02648806491107204,0.03169807806869251,0.0338286027570058,0.016683920477485664
112,1,0.024330026225343054,0.03979031250819873,0.03676526514443408,0.040997420984791345,0.04279580683996615,0.007397988334930502
112,2,0.008597583132352671,0.014618484171163411,0.014115599731709323,0.04262013073736025,0.01914193570280536,0.01639109211917048
112,3,0.02438856974455269,0.027461938451287023,0.015138800999701198,0.020605393102764855,0.011184386028292751,0.006576636517923684
112,4,-0.015014554766095858,0.028256757360990783,0.0037564538180406104,0.01708726322906121,0.017205158804315956,-0.002060133882352214
112,5,0.006183776676420238,0.03800226507929215,0.0422308318144978,0.02411384782589954,0.0013002966974438718,0.020989777448654535
112,6,-0.0007429177100349078,0.0023212463329282704,0.025930713297874212,0.01445930912927894,0.019270550248371217,0.028159155123704573
112,7,0.0023466719330420284,0.06163737791335236,0.018366309988381596,0.02648198576860854,0.02607531761348478,0.020884261420670375
112,8,0.006282392713458018,0.013260829855578414,0.049144708963050114,0.0312300654758362,0.009298087688518607,0.005986529974075756
112,9,0.032482888654264026,0.025711770746597327,0.0025109854923840704,0.008736326550502268,0.021850628707655143,0.05471839811187893
112,10,0.0067601434003287785,0.01146565448869603,0.02024731912934639,0.03002053852814676,0.021131077896471125,0.04024634490012051
113,1,0.032932410156773784,0.05798754619322758,0.07406120010917573,0.03750429768219315,0.06057915271698836,0.06969743482889094
113,2,0.0202901386626866,0.05355183418809226,0.06374889288078378,0.028291925605422603,0.03945497462684251,0.056614987348826966
113,3,0.02464037056326886,0.0573587508509748,0.05340393950866502,0.044761180801394164,0.040617349394185216,0.06738536831793811
113,4,0.019562715017335666,0.06288773389150362,0.033917814208182136,0.032180745749926326,0.054927785934787456,0.06543957143410518
113,5,0.030185491455015163,0.027486299398677597,0.05296788998941589,0.015302919935704984,0.01636486075444238,0.06795202895435187
113,6,0.01986472662885806,0.01575570469401817,0.0612523971867936,0.03201255961789709,0.014731163937503528,0.05238255748050937
113,7,0.04144264936392248,0.02969429532497836,0.04023212882474567,0.018918202350031763,0.008751853234050528,0.03688368592635923
113,8,0.005688118291801302,0.041171907494975436,0.049658446703586386,0.016498249281376002,0.02742078622478428,0.04931310924636167
113,9,0.01943332902799351,0.0195317755024557,0.04287914365447192,0.02263028999481076,0.045556093903357145,0.01961785299031732
113,10,0.012830391456531233,0.011121894403186746,0.02908050854425252,0.02306347737209766,0.042759249360695806,0.04885440149744522
114,1,0.15124959158221968,0.12586570588504156,0.14556771109629815,0.1565622690830385,0.14549077408140193,0.13903297769731704
114,2,0.13968184119184104,0.12669546374176308,0.11480229130204554,0.13973043811276073,0.11962710592090597,0.1245054256864365
114,3,0.10286089567596082,0.10524775663944783,0.11418747353271731,0.11457385812556092,0.0992939432976968,0.11109054362356366
114,4,0.10918674847856538,0.09389735890026824,0.10456724385793081,0.11345514806476356,0.11314765667645722,0.08225682107655394
114,5,0.10442189176704028,0.10521185470104476,0.11462633774271734,0.08459499214917142,0.07226093253787091,0.06957486994723748
114,6,0.06827894728148605,0.09451470229636351,0.07988221254547505,0.10530408942579561,0.08628940464421656,0.08674387515808168
114,7,0.07836190688832292,0.07385856947767389,0.04488765274641632,0.1184969149239174,0.0698080537831653,0.08187291364862055
114,8,0.08271317279782196,0.05950700609066722,0.09259552630097648,0.07433397514081297,0.0475009411498953,0.06765466366213449
114,9,0.08651040027835573,0.0580268780588854,0.07618334730874367,0.07054626609872096,0.08123487065200898,0.06353315153663122
114,10,0.09753902716312991,0.10139780352613766,0.04951062733641659,0.06690420464888291,0.06396182550650417,0.07635847777781363
115,1,0.03069220055693787,0.0389720587059331,0.037515309879378726,0.01611687898184249,0.024081900970446473,0.03773437024711885
115,2,0.005048518771820596,0.019144417294357605,0.02561779361743216,0.035440314044209054,0.032512517141575034,0.05482630460394301
115,3,0.025528368167715625,0.028206449521692215,0.03599005338961676,0.034201266605054285,0.03591269112614572,0.017789797976360287
115,4,0.0033182755551627793,0.01807082819978025,0.04685136736549673,0.018333807607313384,0.0326401736119911,0.020508092257265093
115,5,0.03228517273155256,0.01359601317745135,0.03337140327109846,0.038247988946958904,0.011457331672540438,0.003376927589233223
115,6,0.011100670327078378,0.02138386979654433,0.032348434206231166,0.032926042240273304,0.0020218028293747248,0.005780215527438047
115,7,0.03314398565679804,-0.007943274814519535,0.003539387872624158,0.03314150028947145,0.02356311851762553,0.04624918092634625
115,8,0.018135155318403713,0.023215672545042986,0.033118992943163,0.022223703311491615,0.04374820932555958,0.03552956008586221
115,9,0.03682619360787883,0.03381861751542461,0.051904543675033304,0.02313886216665231,0.02284696699948694,0.010946389601527752
115,10,0.014172848692961697,0.02508844394667073,0.0379846873881527,0.036984248506129073,0.03039311348586703,0.015202734458127597
116,1,0.02550609494263186,0.04094503245573154,0.03351683005569421,0.03772947365454739,0.026457745103244987,-0.005460108401159674
116,2,0.01519265878012762,0.02417726447842696,0.018861877438943013,0.008698098894012393,0.00592233130842212,0.008052056363845232
116,3,0.06668296353921584,0.007971535366794704,0.010318133770649855,-0.007889107081341292,-0.0024494124166037417,0.036878958275551085
116,4,0.020645107402721217,0.026349722029777582,-0.008068562062890378,0.01383564290566155,0.004300258404118105,-0.0014388359340774994
116,5,0.003278847981515859,-0.012254563882681242,0.01832712917567187,0.015163280022936522,0.01049096038778522,0.022254210862494763
116,6,0.011805018614974976,0.018117592773534096,-0.025727312505801164,0.011242277967755492,0.01769949172706891,0.013305452235417004
116,7,0.04182385302357522,0.03146507239885288,0.01288460728272955,-0.006864773001549592,0.013455815045421947,0.011493129182217815
116,8,-0.009367247022406927,0.02458371376535142,-0.0013024037199750775,0.028427092333843988,-0.010771263329177706,0.03383418249956935
116,9,0.009100066847508722,-0.006919214467695188,0.010452372209536626,0.00520398121194105,0.02916830467581551,0.03680413991243525
116,10,-0.023967644508696612,0.014256866176479078,0.02278191338175492,0.007828311262388065,0.02540024064626766,-0.011266105396902816
117,1,0.0195049490622458,0.053345275788555656,0.03409687326478849,0.0038553507801967037,0.05357834451281221,0.033525135976398675
117,2,0.03485512163582101,0.045479628909627645,0.02135869082769454,0.033223725762512514,0.049424316428163674,0.042569972510504615
117,3,0.01579911235356934,0.03652545732045299,0.028679786967766723,0.05264223301553987,0.055646997074996665,0.028574690401752794
117,4,0.028672075484686966,0.05507795127820055,0.0460821963977787,0.028198782065149124,0.054557155244909734,0.04329258696089332
117,5,0.027940993287330452,0.04368526064161439,0.03455848762441185,0.02905019098878225,0.04408436012701699,0.021773969991185638
117,6,0.02786932827903506,0.04122753747863443,0.03573514943462538,0.028068908930875606,0.040075788309886985,0.04527989251905011
117,7,0.025759667270701152,0.052547484948439825,0.019181614748637263,0.016604669587136082,0.05307060968704943,0.03430760117073019
117,8,0.03615520500102082,0.037613130970951515,0.04064429693119834,0.019881265955367076,0.024031418509110548,0.055980234005174864
117,9,0.04120683556645971,0.0419511352490862,0.03960513407482707,0.026114591771079457,0.060116137455917915,0.04240574530489237
117,10,0.04777780537304457,0.022147355023796018,0.04069622489154237,0.03201245582124414,0.05061906932537719,0.045215706299647856
118,1,0.017119233285524903,0.04753675194148035,0.011140053979602051,0.004770086791598547,0.013690075548816646,0.010660458776483838
118,2,0.028336968252304702,0.0027369843962749317,0.010532586799490398,0.0421727238237876,-0.005132675828528301,0.00645146276999339
118,3,0.021371057052880695,0.023771178057347443,0.01827924996455699,-3.934692416383149e-05,0.021621592013786772,0.01904793515733355
118,4,0.03535907508062485,0.0032369023162680797,0.05735994822626817,0.01416516484105827,0.02929401578354097,0.009548700679535583
118,5,0.018903639344812075,0.015138656826401165,0.0067355239791135535,0.01892522834119933,-0.0020219217413185472,0.023543747873605393
118,6,0.03931834924744593,0.020980629176191423,0.03270830789786269,0.0002233994244839273,0.0020102122837218728,-0.0020531177074104333
118,7,-0.00031681878687255465,0.026226021822874045,0.01724357976358812,0.007086046301418159,0.015593364720039663,-0.0013717469900140053
118,8,0.0075340258680505765,0.027104825000229392,0.0040387985447442884,0.012945056523445495,0.02769023730662926,0.002479486133578631
118,9,-0.012542738993300813,0.019900295663867622,0.007075273634470756,0.015238732017321082,0.012767858391205795,0.004563584890021746
118,10,-0.008613989391620057,-0.009452500656348787,0.022758118539662527,0.012230861961362487,0.0014749149696672973,0.020217462732223895
119,1,0.0426744135580524,0.05418654407384476,0.02177468232067753,0.031238658862447737,0.04311159775999354,0.024318174648035654
119,2,0.03242965096537725,0.05640800578059502,0.010673363321613115,0.041645299220613406,0.04037896085106469,0.03152756808532816
119,3,0.01199246814402404,0.04704304631085594,0.015467612342818599,0.03301869302121624,0.03226569666855206,0.03557846570200304
119,4,0.02947359372718544,0.041756035251045945,0.03904309874893283,0.05273295864584011,0.037709486051529614,0.04536034064409462
119,5,0.03198018026400614,0.038297204091477154,0.031163555060178223,0.01280571409440523,0.028832984913313365,0.022781103053047782
119,6,0.04290598684204859,0.033872655930197906,0.056853300295176934,0.07517118651168006,0.025458844348875506,0.03260508163316072
119,7,0.035904765661246424,0.026308718306505743,0.02988728934947221,0.030270168411585408,0.028894224195797884,0.04599297806563979
119,8,0.00993959894498928,0.019947155454899074,0.032419255603336035,0.031025603156877253,0.042165233740353,0.04285475777315213
119,9,0.02462673957181808,0.04232747206558955,0.04087115304148362,0.037042540425589396,0.017656087283101453,0.028002777773631162
119,10,0.010027062354085186,0.04092671979501224,0.023501239694403913,0.01523964588216291,0.042253226506833434,0.050388003419328774
120,1,0.01630697160546615,0.005552360315197758,0.026822714286218022,0.020728166293299984,0.011481744832821949,0.020400778062890968
120,2,0.0073432034116161175,0.03065578790223517,0.025117257538216132,-0.008823337606679771,0.022582955268715316,0.025182536187342258
120,3,0.021250219333513547,0.01297759713045831,0.037809099534635446,0.04877697702970893,0.005205657749283621,0.03228212196840138
120,4,-0.0036137136547979547,0.01347295702462913,0.0033127313886616126,0.014634464977112469,0.022393194754633024,0.014504874519782612
120,5,0.05056300613457653,0.03158455146413152,0.019520727284887646,0.034577311110143616,0.0038077330308101836,0.020726615070831924
120,6,0.02635535932115744,0.01736319657461842,0.039148054909350735,0.00011873823333231709,0.020015539536765718,0.0360157413990254
120,7,0.01807951202896557,0.03929197891147951,0.013742807831952877,0.025539965084448477,0.028807210157723712,0.03217664098259084
120,8,0.03409604019270852,0.021522711193991302,0.016747564768217885,0.003514339079925413,0.02917699166837779,0.03103564800351219
120,9,0.01843096719337052,0.01148551682873448,0.028070167788502354,0.009971439376095752,-0.002618357012203703,0.013915044114874838
120,10,0.001265667381875975,0.022311684008301823,7.3202739763109e-05,-0.008433738472630115,0.005453182845252741,0.008531187841301446
121,1,0.015218335351386983,0.012784620651079133,0.0034640367166674174,0.02500416998633941,0.016236065552411947,0.02886238796279396
121,2,0.039599939650158615,0.019008454203217503,0.018224676123301045,0.017414257095932948,0.028724171760976608,0.030457073980349414
121,3,0.037175509439291134,0.04250657421909026,0.02656111771633945,0.034417965374922935,0.027317318254051308,-0.005560867750164128
121,4,0.04479734736638114,0.059162344085649084,-0.00800722399319744,0.024684775543156314,0.039043808681861567,0.02953396907806959
121,5,0.049526301241501106,0.019930060649707922,0.009529416545090787,0.03493088619519879,0.03864214235287664,0.041843349463058635
121,6,0.0413376768800793,-0.0015741811235804488,0.04742505099953132,0.03572675563748602,0.004297692119980688,0.03808639663735395
121,7,0.06186154501631452,0.024993742488134033,0.025812000117142797,0.006513795639617064,0.03604201037907342,0.008179331427201241
121,8,0.03218823126557455,0.02786131367534174,0.04515097394183753,0.04781037070069228,-0.006904306859172236,0.003490249914233447
121,9,0.04263572729117585,0.0644139042216457,0.05183851758827322,0.03132470050263608,0.022572160665615206,0.04167112519417319
121,10,0.029043812502191402,0.027982745255927317,0.009610345189772483,0.05266787342219079,0.026089735989911548,0.029454034166864557
122,1,0.02381446738271936,0.01665816302648552,0.02906444454512894,0.0017809379027905056,0.033720396700784014,0.03546240436819948
122,2,0.030979474235045313,0.03620473935236333,0.013095384477787922,0.012429554679248694,0.014746333194568346,0.0368935132019835
122,3,0.021728752141118288,0.0348511861231108,0.0016966167290200162,0.017998522905869195,0.04409122090892575,0.035690174396968206
122,4,0.013281003993842928,0.060603834095354775,0.008831873061398335,0.018570166085259143,0.019496277049732412,0.0238594913142398
122,5,0.027288112475805287,0.0426040214973369,0.026731586206816548,0.01671281074375421,0.010688140472278396,0.022850839576960397
122,6,0.015684807657462795,0.04951294918292138,0.04148638870136206,0.017639248339284295,0.04976141379834058,0.03231815510683911
122,7,0.010256088504548054,0.044612394572809605,0.02477423286890833,0.014890854926990816,0.04748528537683676,0.05637157491071946
122,8,0.033062891937545885,0.03664628889508362,0.029630696171176397,0.025358530636147555,0.029419773497810744,0.002076554166176666
122,9,0.011705941729788828,0.01801829846042888,0.05941421270487922,0.014606407635340721,0.028673644901112058,0.03616572116548574
122,10,0.020912265848045022,0.059547886930040594,0.03376885779356441,0.019036203235092607,0.00918911680990787,0.049638469125483364
123,1,0.03630596192152233,0.018156117145427354,0.018618023980029572,0.002977323875465176,0.015972047673308946,0.02825116486769633
123,2,0.023156324084665014,-0.010660068395653746,0.022122561116647642,0.012806021734386962,0.03452666110991637,0.029539459970883686
123,3,0.02450845871744788,0.01873181860905728,0.005789515860070292,-0.005771181484993662,0.014994074237994311,0.02489276289738353
123,4,0.013796917926230837,-0.00021912511482807722,0.011589475556864978,-0.0028791393910732313,0.050904598742106476,0.01540550004662731
123,5,0.007689841588539149,0.0020604038768300102,0.028635972903506397,0.018722501549775932,0.02296622000190834,0.02652100682064632
123,6,0.015943245045592386,0.00464338515595576,0.01290810496322661,0.020830719964432833,-0.006437482296173632,0.040454861170583105
123,7,0.0085754845288835,3.16857110593282e-05,0.025852303458189136,-0.015524926300147401,0.03083373464068087,0.011771295881682712
123,8,0.03218748985431484,0.015302113032858843,0.009611340366311274,0.022153862926135217,0.04556310943388906,-0.0035529264197692464
123,9,-0.0072285811970459616,0.03046467946013763,0.02126165297165753,0.021086885562919776,0.024329262757061508,0.02455878210339334
123,10,0.008641142972003822,0.0007548411051857715,0.013134707814990985,0.0011317672170717127,0.00370989561168839,0.03590333170415523
124,1,0.0367988291779199,0.009940211425304489,0.01760119442564306,0.0005935809692139035,0.007321175451307619,0.028203509733228715
124,2,0.02845945531424063,0.008376905622447908,0.006563980201336208,0.016774788713574348,0.011742975493302724,0.0037970228345416764
124,3,0.008725532271541147,0.009243757762729907,0.022180995001793012,0.00998043887673281,0.007594735444389739,0.030421375003870536
124,4,0.009490791207403105,-0.012252067554249577,-0.010129501383008983,0.01017841875954791,0.02406400723992456,0.02671587771606436
124,5,0.02474409169455868,0.015369518485480254,0.01879026891061859,0.02168179493829782,0.007708891432478836,0.019290140334148907
124,6,0.010271486433664663,0.022195390787016187,0.01745663149483055,-0.014891710955596662,0.0278982225204791,0.018056927121171844
124,7,-0.014490156123089999,0.002470242061812816,0.014150541254293823,0.023408288401358,-0.0042769257092832285,0.03173593862487658
124,8,0.005827268178818844,0.007299660105584116,-0.0010543734151124177,0.015061841873220674,0.029707271797382594,0.01654846783475661
124,9,0.027071531788825053,0.010212147517904531,0.0005241116485943684,0.020777055784877752,-0.0042661628888344925,0.014292591496658255
124,10,-0.01839586836509478,0.010444728384080228,0.012994117303977206,0.0296341995060073,-0.007819219560569895,0.02943778513715619
125,1,-0.0018097481139165293,0.018867798753064706,0.03417279180396727,0.024807052056341903,0.026847340200037324,0.011286270926633224
125,2,0.021882230434274324,0.011988502736399505,0.016071311764733753,0.005410818493047579,0.01926239926121707,0.027603889032592102
125,3,0.019119119963656533,0.019392298939897128,0.021243365239626007,0.01426684595567822,0.010659516769626733,-0.004508394325720396
125,4,0.017485810738505688,-0.018693759193995924,0.029504322540666907,0.040337203978229326,-0.005413831275739681,-0.00926501429200951
125,5,0.025648523377004562,-0.0004994267891295658,0.013044018957261818,0.030517567112211673,-0.003941914402507351,-0.012784117810146618
125,6,0.03892947050897396,-0.0010536229298416285,0.02134416377831562,0.016102856019555384,0.019047792545675013,0.021593990316184423
125,7,0.02664347012060197,0.02695585518915407,0.01868461962858034,0.020135952978557317,0.0015331675037146245,0.01867093302389509
125,8,0.03443937152220588,0.006830463068299122,0.03527857589515287,0.026496003997403088,0.008517813685834616,0.0039366738410652365
125,9,0.04262045846693376,-0.0003226704328737391,0.02080495694623447,0.02303390002644933,0.00108181592408679,0.017466490933623274
125,10,0.027499897121881542,0.02471230292366546,0.04557211879308744,0.012648120378705158,0.016874789824280277,0.007193667338386695
126,1,0.050125419280000943,0.04195296078268615,0.02349070656717253,0.0256004826473713,0.02432089683036023,0.02469616332283562
126,2,0.008048515192426137,0.031116740099145557,0.032574836890964395,0.013134058696994756,0.040256262190621034,0.01523674555794541
126,3,0.040679662345336695,0.05054364768949232,0.036660982206264285,0.034972888609689085,0.025894901913495045,0.023560148921622125
126,4,0.050249041482955635,0.0430254340182683,0.028545564269076423,0.024603905701134597,0.020020614339980203,0.021789079667748085
126,5,0.06551914502712161,0.03694099348106108,0.046721514747163455,0.03321350533383535,0.03984369893575707,0.016062655395183475
126,6,0.05344517879428386,0.04895762122700723,0.005156875263585576,0.0383208296467277,0.007485696335916248,0.020005417195521406
126,7,0.028106119428457706,0.012405426100594395,0.054397258605239966,0.034090696141512604,0.027475519099779067,0.047689554515895446
126,8,0.03175208316802616,0.043643189888850034,0.008214290732820845,0.007756398012373084,0.045396836062310576,0.021019665670036918
126,9,0.041798502874922205,0.02819667033000021,0.03674781323787767,0.03069396576487,0.02883938255556253,0.055010627102522365
126,10,0.0002835100482138948,0.032662942416509015,0.02879339203570461,0.01690022103771424,0.014117998667927555,0.0027311655265728958
127,1,0.02497202355811073,0.04005766123339895,0.022607170350616615,0.04024131561851481,0.04138006365598576,0.04837079607121702
127,2,0.028439253697477674,0.023946526853118523,0.012614277344687091,0.002437281478289318,0.03934954903242492,0.016994249118247356
127,3,0.015854496368115617,0.02549787416875162,0.02448606799175354,0.0030088469599506306,0.031461312971198946,0.02612837059590836
127,4,0.028707746880966493,0.013497340144933161,0.03358085941782258,0.015174221025178264,0.05021711601977356,0.03282042159246753
127,5,0.03863536537478543,0.02265747280631469,0.05438718019115903,0.03619715257518634,0.05889768201991456,0.036036583102607475
127,6,-0.006534059497709674,0.02669667812826904,-0.012023836109528296,0.027669765864414685,0.026361325469352204,0.015612313747793408
127,7,0.03311289126805223,0.051211877019304373,-0.0015436021968660311,0.035149408767653975,0.0345673636544787,-0.00490908256667868
127,8,0.011493728493219916,0.028330577046633304,0.0018368452725296893,0.048541973900559476,0.034873015743810847,0.03355783718590461
127,9,0.0193358685524587,0.020777616686580947,0.015512479248825466,0.007866720785770073,0.015812888833641636,0.013938995308823037
127,10,0.014367825965375829,0.030671782351129172,0.02348577431744543,0.007976193668177554,0.05166227941578069,0.026030822525157635
128,1,0.004886796051663883,0.023526454451313208,0.005720825709007303,0.04762427239920442,0.017845225585802232,0.027920066774389515
128,2,-0.011623044684256375,0.024930707879984283,0.02660253746344839,0.01418448024771582,0.015549718737634964,-0.007426727215306392
128,3,0.0012671442121120074,0.02482208382787863,-0.01797731489226436,0.033101574573532445,0.0061113946799911875,0.028501231987065834
128,4,0.02253649262739019,0.032520033743304616,0.033436198476180505,-0.009515581806205884,0.01018729066962123,0.00996472586944417
128,5,0.027774971256827412,0.006900124290429995,0.04153410224025511,0.02703136721120591,0.02352593058578319,0.01593783563205428
128,6,0.021653683251609,0.008595114382050024,0.020381466556527245,0.01569185689525444,0.03224308853797877,0.027728056792839448
128,7,-0.013845317192463635,0.033754234290153874,0.011644309098659326,-0.003613170240129489,0.017512592252923943,-0.009527535375945098
128,8,0.03720934816719592,0.018067618230972027,0.002787711569230261,0.045052229162525166,0.042363520382484456,0.003985543780323859
128,9,0.03766204212733999,0.01978501238465595,0.008704103866450276,0.012164227322671453,0.04131585114165172,0.02685130183904177
128,10,0.02491354095167879,0.03591128097806547,-0.0009155290102445292,0.025309983652967747,0.010605230489455829,0.011135839365652492
129,1,0.029014413051578376,0.03414694060946284,0.03338778814043916,0.0174610849053013,0.024058425236225478,0.033863264894216774
129,2,0.02912242239249271,0.00608114845577101,0.041463906714958976,0.026316457053280937,0.00930746550424826,0.006125408118519749
129,3,0.02317498486806034,0.011556525827270724,0.023929514825927357,0.030211442316795394,0.03785525727606493,0.012272294955466492
129,4,0.02428188733827188,0.033534526793802436,0.018806125287661908,0.03283822300588631,0.030524166485358925,0.025382481746873832
129,5,0.030668287930002598,0.0021461939419151746,0.03343227483775154,0.04355927391251988,0.027338070998115555,0.024671015060229874
129,6,0.0281190914307818,0.028726620845544157,0.026637165325492623,0.015813789146809344,0.012999417893764267,-0.006792034366104982
129,7,0.024858578562470132,0.025421949469800066,0.023138183874961474,0.010372463832334866,0.012970798051748373,0.03582201581898999
129,8,0.03688776541650296,0.020227921392105126,0.0310090781005994,0.015268801214117195,0.015293701830006355,0.02690663611907071
129,9,0.01794716619299919,0.04355208502933528,0.03135822544586445,0.011083136149418964,0.005032423759183027,0.009316628570430174
129,10,0.0388065627391012,0.05603896236971315,0.03395823301800718,0.02249439839920665,0.021885093869556088,-0.0032767614678185066
130,1,0.005703905238174662,0.04033911372538831,0.01546276388250354,0.02790951623360321,0.023859518532184442,0.023089823606216357
130,2,0.05825478891462161,0.006151501019426678,0.014743725076588299,0.03704451370459252,0.023774264879599143,0.021020317655069776
130,3,0.023249119735119797,0.04904557550045056,-0.0018039750707370236,-0.007922505385125884,-0.016462999055617614,0.010083684704522953
130,4,0.023342375738612916,0.019477170159719705,0.005733509425257339,0.0034105237692957703,0.020760162962355843,0.03628194105353403
130,5,0.012013510647101884,0.02713103241950276,0.010360321342825824,0.029526460573041383,0.02550042868947937,0.018624280224600786
130,6,0.0017889415245730884,0.027332419524698538,0.0330984554537036,-0.01300555242693975,0.03453068345007594,0.011432955916432579
130,7,0.005364024149159004,0.023199072720352605,0.019906984763818837,0.017215994287029763,0.02181473492479967,0.021612167801287305
130,8,0.031111695367163,0.04035710721168617,0.0010687888030813963,0.03710148997723009,0.03185332632734569,0.010734886152551333
130,9,0.016038681147778323,0.02813960378456123,0.038334708911068036,0.0178994253599979,0.015439128376666401,0.01463566958842104
130,10,0.031642283390795514,0.041904314710848795,0.03985309299575626,0.021091529372016648,0.018448398682996008,0.01682343514492478
131,1,-0.012358076061761744,0.03342715138194127,0.019886541727271757,0.017307926975822573,0.03384285169621245,0.021788278113957026
131,2,0.028862929085482568,0.03868863120247294,0.04465520228959082,0.013550026805556711,0.0115516197385835,0.013702426778716668
131,3,0.03409173645141867,0.01929368933779332,0.01876234120084377,-0.01183416292543428,0.02954519185111615,0.03058970963789977
131,4,0.022805175729681253,0.023282716411078694,0.021678316763814695,0.014717623736018001,0.02568521189758328,0.022397396832182868
131,5,0.007736809564209193,0.01180481866884599,0.034538289489987516,0.015086854745674422,0.026186018034066883,0.019836019017304116
131,6,0.012297881904736735,0.04162281589079433,0.03592051088027384,0.03913407315838953,0.01899841175155856,0.01858398199825429
131,7,0.02584454220519492,0.03258975026261643,0.015183985421210315,0.01931624790850184,0.015723051779498377,0.016948192619508036
131,8,0.018591094421745738,0.00694143647686375,0.01932708745512579,-0.01256943341552084,0.029392333276469368,0.0346421828014198
131,9,0.03341657645957524,-0.0030152696500653307,0.02459282623429084,0.02753604362940332,0.025796070408247516,0.010518106034898543
131,10,-0.0068628866244131795,0.03405849447853998,0.01970147877309473,0.013247793203137535,0.03091500978277963,0.022913140796557537
132,1,0.011303125890067694,-0.0003911887092536143,0.03207117017202392,0.013020270145151816,0.011441229075026205,0.04254789566000828
132,2,0.013499466406856474,0.019284364748433615,0.026261876048261155,0.022512719565567087,0.028566169789508263,0.0022336955991918792
132,3,0.03482771013454189,0.0157653455459404,0.022067590484539594,0.024374989561909775,0.02383314072745423,0.03900157681469292
132,4,0.023541945075470385,0.01319606452402445,0.0275262090069783,0.03640618868686851,0.03420373431409929,0.059168958287340964
132,5,0.013166657913019629,0.007787410110707691,0.029927264135337014,0.011566509355384193,0.038340547508014716,0.05194347853712974
132,6,0.014074868411017388,0.039218946996207676,0.013129464047244924,0.02151717368067479,0.03037639983604235,0.022101941239185106
132,7,0.006686680216157127,0.0033852525491817175,0.020629991523862617,0.021829108215433095,0.02067558601376613,0.03267980687994073
132,8,0.013012661184546723,0.007218714830930427,0.01912793924345008,0.009366432807038033,0.00846642828504946,0.016768482970700053
132,9,0.02021524082923008,-0.014688173243870823,0.03887700530660786,0.01319539854864554,0.010112320823778819,0.022260761801879973
132,10,0.03106395912544152,0.027595495343456136,0.004688403834932665,0.0548288851407415,0.009911588616408652,0.041017538911407386
133,1,0.025205385013801963,0.02284440698229824,0.0231630785798797,0.030435071942298084,0.03741010668280134,0.04452957693397549
133,2,0.01172031783729228,0.03408953562103438,-0.017411874804655513,0.01752575667655004,0.06418836377137552,0.03174633757305576
133,3,0.03528474762894518,0.03208859057713654,0.02265158420760232,0.03200757451975499,0.041201338756741875,0.046815044853499715
133,4,0.020056697008336614,0.015842336228635005,0.017062884699771182,0.027714085836020128,0.006296552109501099,0.04729489948136506
133,5,0.01308024713721131,0.015431674874993574,0.011121202457014812,0.041108961138547895,0.02189436978486184,0.016495896158852608
133,6,0.03055289693223897,0.04074681014609221,0.026161238351153963,0.040170652830699774,0.024136288907427233,0.00841168128644331
133,7,0.019852243689339768,0.04639165037139624,0.020617136931321573,0.006537902775250445,0.005206281147428185,0.014111662268982885
133,8,0.044392842789074814,0.045032063385718996,0.02819077392576103,0.045626814249161776,0.03980360216635227,0.026741453112638394
133,9,-0.001003858431604251,0.04084745636373211,0.019092935452422095,0.018187881010201027,0.053347833679368746,0.042775748221347915
133,10,0.019522053400240085,0.009927186408767292,0.06338867755202023,0.010627443291102375,0.03725703411940657,0.006294015511238583
134,1,0.02329560615999949,0.03706598932525067,0.027452395742247882,0.01636865264023012,0.02278441707377545,0.0004542273597383764
134,2,0.011773165302311856,-0.009158990572740106,0.02916698881233717,0.06024390149669695,0.04601919064051376,0.0081936915349544
134,3,0.027871049672170557,0.032915229948148675,0.04085941695379684,0.015423171214677284,0.003170321260202758,0.04150163639926259
134,4,0.0037805429822515405,0.011561595847097789,-0.0007429053190038126,-0.0070524460170545075,0.01747372172053205,0.019176432616825306
134,5,0.03588628706149529,0.06238685568587791,0.0020390481521923476,0.011087342981192233,0.026588555330506854,0.006519716694948113
134,6,0.022956407076759725,-0.0018947640153104657,0.001957051310960061,0.00265030945705674,0.045690674353734716,0.011717850132421385
134,7,0.02291019886385201,0.020487002174706018,0.02837413368670064,0.038007926175980596,0.019982272558587758,0.019598361104351324
134,8,0.01529180568891716,0.02153735000948385,0.011447608123597743,0.034754189276300765,0.03242954747842373,0.040093720790131696
134,9,0.00847961131773974,0.032525407778238785,0.01743525872083395,-0.016458984004122212,0.01980118282384446,0.021878133621060468
134,10,0.008095025677307513,0.03338742936507716,0.017034003519462333,0.01847034093442296,0.013294723140330835,0.023716701692015577
135,1,0.0036400578350634654,-0.0034896693336898877,0.03445119087416981,-0.009628878412717007,0.01654344722062338,0.006623368494661735
135,2,0.005719856904470879,0.02205481704622779,0.020780323124632308,0.001885032939414921,0.044229707424120746,0.04141675738413705
135,3,0.01665653915575809,0.00785836776172053,0.009331029042308689,0.020329739294227437,0.019682773984827488,-0.0010060937419574746
135,4,0.0015250652059999436,0.011848592899204582,0.011281989913063634,-0.0025046144584575675,0.01911780178047648,0.00635000241034721
135,5,0.019832953462184152,0.03346940839900941,-0.014303073126050083,0.02493355717395744,0.024480780410928653,0.0034743908107148606
135,6,0.015412562610823846,-0.00721106547795757,0.03651856681447431,0.00945558772443221,0.00904019857392915,0.021863389660742243
135,7,0.047562898780176374,0.02254475733247391,-0.016058106482503998,0.020829506639641965,0.01736306604340721,0.010722702136226728
135,8,0.004997601945258293,0.0015733230646864168,0.014025931110273443,0.024220740504561848,0.02520509174771373,0.034664842353608075
135,9,0.015833997100932237,0.015224447986086185,-0.009594310912620991,0.005544460206304758,0.017007706269844398,0.02972301116963658
135,10,-0.012139709437335404,0.006196324150406921,0.021615340006939647,0.007027212703482818,0.005598410849099583,0.001028286359400336
136,1,0.029561971663167975,0.004416150828673791,0.039917074440700175,0.03365439452537246,0.03367347184900189,0.011090514925804214
136,2,-0.007087702785162402,0.02393961399541089,0.013202256709774499,0.012684880708180905,0.02411543337027442,0.00950021165374533
136,3,-0.005014520093836128,0.0038472853263097715,0.02800828401760655,0.02584256242823101,0.017865285758514426,0.0208513777263462
136,4,0.030174767151717068,0.010099379647597467,0.022322994493968306,0.019917568498151038,0.0195558588572999,0.02038959686210519
136,5,0.027314539959505058,0.03278600305473003,0.01125588307644458,0.0209870550153496,0.02228691844704572,0.03499067560354186
136,6,0.00930138661670353,0.02683086064760661,0.051211338506696145,0.02043472234675301,0.006424822789173187,0.022525223260624748
136,7,0.030604292924128616,0.03381748042618498,0.0306750089923203,0.0010557798052660023,0.04304081756558573,0.01968622261722862
136,8,0.003937346942252706,-0.0019720172821983883,-0.009516756571323193,0.032161729116246075,-0.013928465845887996,0.028746321716809575
136,9,0.02189764878736854,0.0035236330865321725,0.02054130909158656,-0.010472920698466663,0.01516581110545395,0.011020165306620906
136,10,0.0014227334820529475,0.01720950638760576,0.04257570903494957,0.00900217921787339,0.02758663891026323,0.027540743656529997
137,1,0.013678698487589232,-0.0015737440613358745,0.002178671086930597,-0.0024066723043946587,0.03142998689039237,-0.008887206334767441
137,2,0.011806538433222635,0.0005398479352829008,0.009282834866593691,0.010887638705000745,0.031210955050281652,0.010462504221997244
137,3,-0.0031061475069157326,-0.0038775708120102497,0.04061797766062233,0.024288165581266424,0.03126257169086855,0.022798401688341907
137,4,0.013162899166356197,-0.0034219765987099754,0.019352967985814665,0.007876063913491969,0.01346976766485131,0.022703059384469055
137,5,0.021752092957621694,0.003998492283217096,0.009740518651895066,-0.01331309381006289,0.00941868474192964,0.0336666578355224
137,6,0.045467223756546445,0.024609785515717048,0.019016352297093725,0.016431364107575296,0.004129570056224372,0.023663478519111984
137,7,0.03466453918753141,0.009473961626541648,0.01794492480106745,0.02826717404583487,0.01596475277170378,0.019081142347350855
137,8,-0.004195194570439409,0.016234586763780336,0.01608235403902531,-0.005857333023953011,0.02213881280368409,0.03944004639726224
137,9,0.0066433191190102105,0.02087717662966744,0.03595367266384065,0.025527379709361347,0.01611258616254592,0.03641164818036218
137,10,-0.0005084587279569171,-0.017058009748599695,0.00016361049541766285,0.0010665999107122859,0.027920857138340735,0.026044798553068727
138,1,0.03261654932961267,0.029661328834352338,0.0020558510917557055,0.03277356097450643,0.0296467289042776,0.04259877205381864
138,2,0.02214277644254693,-0.00648689794656868,0.020760075215311008,0.02229705481561191,0.009943878367038847,0.010861885257533026
138,3,0.004694418267411771,0.0011837368392675594,0.024048613142393732,-0.0008810121293622251,0.0017128019139322978,-0.009290778526642984
138,4,0.016764055653564463,0.007153489576288647,0.022961259780634152,0.034863974306357855,0.018349409374317647,0.010827423309662135
138,5,0.020651280676612597,0.0049560831215932025,0.00968659118794092,0.03748311786574994,0.04736880669647737,0.040771637750698475
138,6,0.029372395810522207,0.022277748271026524,0.019666276633016087,-0.005071312429358509,0.019811744351581537,0.01985186676012801
138,7,0.019946785848551193,0.00896691198574499,0.02758273232669524,0.010169157898717649,0.008115186200007812,0.03809978774982785
138,8,0.03676467388022954,0.02926165498134904,0.0436680615035521,0.008163142788590932,0.012465237652235828,-0.0008543184840564
138,9,0.02285225795532772,0.022608502512639645,0.011807285766180505,-0.006790252155536722,0.0257808625152811,0.01816133061757681
138,10,0.0374387475208174,0.023028021001119548,0.018723974854961054,0.016807491114972768,0.03383692586407677,0.027264457519897766
139,1,0.020743196062199497,-0.004050095734389845,0.03328389981238992,0.03801259898112765,0.05151463284313825,0.047003042160225134
139,2,0.03471774281442408,0.042206445576808284,0.05080975227068855,0.026835926430204327,0.03942861087252727,0.01239769754714843
139,3,0.01212842768123637,0.06170665673100845,0.019946014981378712,0.0039452738872778675,0.03360944461564547,0.030906329905762708
139,4,0.03429134132646807,0.06061438753397908,0.01275074334365794,0.009335826255033406,0.016009288132802665,0.04153320153462122
139,5,0.03363779585858264,0.021143579322385135,0.020285516797900163,0.02413800050230589,0.01606336983734312,0.039790626045656474
139,6,0.02371182514744402,0.02923308592300364,0.012657850459337351,0.026423298941762752,0.033950715442085534,0.03701079977732096
139,7,0.011104647681034713,0.05830489794638437,0.01446295904742086,0.012773986144262573,0.024011480082573273,0.02144040962513861
139,8,0.03878793466468452,0.046671408744628266,0.020703136953275837,0.01427594203602371,0.007969193698259519,-0.005561939150294549
139,9,0.039725354928142005,0.06281903620994705,0.005798408205717912,0.05027347836380056,0.050611383752122985,0.019553063346088435
139,10,0.020273370563290646,0.05216593542087242,0.01707747008824871,0.011611685495457973,0.028636751642940474,0.012345577477645578
140,1,0.018461631362784902,-0.005765922583669512,0.027992361619351327,0.017546464842418365,0.03395055920652694,0.012268749241306904
140,2,0.01764355416985516,0.025940556966592747,0.03857218661476466,0.004800430584077263,0.04524535697511951,0.008017738934704081
140,3,0.030929888040687616,0.024214316625088408,0.04296652397289277,0.025185443230397637,0.035851393733162255,0.02487698584426346
140,4,-0.003250928113103907,0.0325388046392114,0.02829257955344011,0.029085025380329026,0.022396670945114338,0.028463737423551277
140,5,0.026534446265474968,0.02853834894479455,0.02240268209835069,0.02670256515393786,0.05025670103972767,0.03832278994756445
140,6,0.03747785515488977,-0.0020075610038349095,0.002792540784649735,0.010478069497226052,0.027697238139284694,0.015937190765864542
140,7,-0.002718389487001566,0.03987445120777395,0.04471129937865226,0.018862312139722535,0.024692439353539507,0.026320270707350248
140,8,0.0051257152965778156,0.03994475563806802,0.022306859196463722,-0.002205567558516294,0.009892269942965168,0.030394792381276195
140,9,0.006279004009580023,0.031237969840909263,0.02345570982577449,0.017085794699579025,0.04147324960055969,0.03638968751103085
140,10,0.02325531935725944,0.022671079886538086,0.012717190024382576,0.024827447026307188,0.01166822375570825,0.020789634806166368
141,1,0.01728694054118677,0.005537377122151799,0.023479592853720452,0.028629831715609802,0.001036276061955775,0.01863610261822792
141,2,0.02844406530025466,-0.0016894484711506442,0.024603467094238867,0.015378735692430048,0.011190477718514096,0.01355506374565513
141,3,0.011824864309177353,-0.006972230014590563,0.04397707808440565,0.02921102008394357,-0.009013084466485096,0.019456839158576857
141,4,0.021316504182615145,0.032821273468563235,0.027946817507674863,0.02125782700151996,-0.004540640669867677,0.02026230997995823
141,5,0.012423532684574093,0.00722945982756363,0.020528850578830565,0.013329575753920265,0.003918069041984667,0.026494745916977595
141,6,0.020949969985266523,0.018081923570881692,0.0028657981301037317,-0.009073265828970965,0.023861165627508174,0.0219770983373298
141,7,-0.0009766629140132658,0.017502228481744046,0.03095588809193513,0.018212191400984717,0.025574027192243443,0.019061672393029982
141,8,-0.0017821191343377896,0.006090409146971145,0.01321347982310518,0.03312002508891869,0.01084326048930494,0.02865289464642545
141,9,0.018445482383386697,0.031680973014809,0.038701755994068096,-0.009111698829694145,0.014572402237820662,0.033155732100943136
141,10,0.027085151983445823,0.020109693560469724,0.02420575679268893,0.004426997147510029,0.017947851497618995,0.00640591972185854
142,1,0.007823003868946032,0.04444219455239894,0.012012122083161146,0.003811554626799648,0.007843127720340163,0.058703259563833585
142,2,0.02392461416362116,0.02363803343683327,0.010288550394651973,0.019697074308131488,0.024190077503264528,0.011615672160084283
142,3,-0.01214719440072086,0.019288128685059094,0.01968220851567121,0.006994555639893098,0.021967266336656698,0.03649603919026492
142,4,0.0019031995072873568,0.017307086872982987,0.023003440032227603,0.008791217889147171,0.002357297731359937,0.0073162717650637945
142,5,0.02458404266768751,0.007025394686832282,-0.0015963439024868635,0.014436982732886327,0.015407838411901898,0.020357024510435293
142,6,-0.009507178506693187,0.007508277445878876,0.023048844753646686,0.01836579704826403,0.006370029072482356,0.027055686584939176
142,7,0.02409152166424662,-0.0019383855760438619,0.0045775503241413384,0.016340556436707485,0.014153922789681033,-0.000492934158634341
142,8,0.010765610323141299,0.020193760650854847,0.0075260170845797445,0.018055306350123108,-0.01324919433589704,0.003954057067770958
142,9,0.02847688108540824,0.013417591034382996,0.024285888014017307,0.007106118223466687,0.0072667817324921355,0.003091015292058774
142,10,0.029637146769134173,-0.0031221575612268566,0.022613372287242545,-0.0038960513330403655,0.020211180678677346,-0.0031135109040840306
143,1,0.03300765732385671,0.023382442140796197,0.03930770810142037,0.02485351685026097,0.04288096952236573,0.046419881486058405
143,2,0.007240957171144843,0.038628433915578,0.017860933557924376,0.037436457243033204,0.0691010561162264,0.055528703230703955
143,3,0.025272026353158783,0.0640960795891759,0.01686047079424227,0.017694296002753167,0.03890031082396842,0.028238922867432622
143,4,0.02873746049433823,0.0522221459087847,0.013008667864941459,0.012590053858702951,0.017892978245743766,0.010431686836594702
143,5,0.04702375144556772,0.048422690287825844,0.040577509723266916,0.02634562992154241,0.04962057486181703,0.039569464781003115
143,6,0.022165878882915307,0.030388462513218594,0.03858350870438575,0.009480812451734856,0.0366131309693378,0.030781833839817124
143,7,0.04292513904295017,0.04690264427005651,0.021167557422807952,0.01743035944617011,0.023724249846479924,0.0430468453507647
143,8,0.03921314876193091,0.05966572804800634,0.029578559145785128,0.03066965377614837,0.03287248250446079,0.05495043922338333
143,9,0.00854071906766658,0.02348584166965404,0.05320850589653226,0.05827788449631512,0.036924161842599605,0.017598046919220248
143,10,0.06401678509263319,0.035610950577236754,0.044483967546822205,0.03537384799706116,0.0449590317197614,0.020796447576853953
144,1,0.04365665966178703,0.020799992805549207,0.04540516517949839,0.023062470764506626,0.027142924521037226,0.07842520065876156
144,2,0.018387949103056907,0.03996576180071327,0.03669139970090667,0.024802527526155086,0.034842136848313006,0.053286986513798144
144,3,0.03926651237269628,0.009385097041463153,0.03334431498766944,0.034835956532217154,0.01624905850172376,0.04334997870892522
144,4,0.017869123399751188,-0.00023007215282155785,0.02920861435959838,0.018891584210244446,0.03901183411748349,0.04460226697425853
144,5,0.04275335593096071,0.014857709866177116,0.03432524283274567,0.023807606580300903,0.05156172056670984,0.040100167444188296
144,6,0.026322119045638498,0.00635112234067072,0.039055414276047015,0.033666874197070484,0.030137181926976803,0.060061047084950206
144,7,0.04448278391402552,0.056030036525463164,0.01891397356761731,0.021093949695667233,0.028951445925628788,0.03993456392032523
144,8,0.019282577481734398,0.020248197526557873,0.037413578046877685,0.0219960739494779,0.03702776944392001,0.03566325966049098
144,9,0.019173633709238937,0.04820789452602619,0.020054165605735568,0.006306681441406214,0.02475308439612949,0.028274801128627118
144,10,0.04465265616347941,0.03128029976746253,0.025650995064635248,0.039767871619656364,0.02198911919302637,0.04600942873491369
145,1,0.012876430335450478,0.056118017784269864,0.031055912681976678,0.031117880444607077,0.027165627817765645,0.03341449861964757
145,2,0.036299221093474894,0.0548256510247934,0.055363769943216595,0.038034267844646995,0.036417100031218085,0.03102935691042895
145,3,0.038608754043250586,0.04979971522614323,0.060349727061649636,0.011934398026561882,0.024898353723074994,0.02233260222136279
145,4,0.03350745747734325,0.044626180782569386,0.030352219687016225,0.04480011640794515,0.018791776259397822,0.045761809191891406
145,5,0.035865732413827095,0.04764711100342902,0.06556745296559434,0.04380326199976771,0.025289062035973715,0.05244459297853236
145,6,0.027960154479647534,0.03536335589793131,0.053036711954756253,0.02469231347323735,0.05548140491047736,0.057951865173632836
145,7,0.03495322228125517,0.0544518437863115,0.055005751103975944,0.028026274582132627,0.04551178373867477,0.03341034672230263
145,8,0.030979498071103728,0.017973279066458007,0.036052816783023696,0.0520092766659823,0.03104589194115467,0.014237777915507377
145,9,0.03704222315574373,0.02611446002052239,0.04495144030340376,0.04661081551963087,0.029646937741099687,0.03902235833813752
145,10,0.043837726559296825,0.0635700938213154,0.011935065659765117,0.034405058598657015,0.055467203536613635,0.029996945441083757
146,1,0.012955218629294572,0.024423300261371447,0.018705556628410704,0.027537834404239264,0.012571590089696029,0.02250570901179291
146,2,0.0221947405582253,0.026354700170464894,0.01361116988467648,0.005851437471847203,0.01680451111302745,0.012287809213501475
146,3,-0.007658498669674973,-0.006157882170864386,0.010413857856134422,0.018183810007936417,0.0020792558031535653,-0.00045455359001695604
146,4,0.012506512300222868,0.029559605624515525,0.0072012723185618755,0.01481882935837867,0.016181570532236105,0.009244312436617066
146,5,0.0019581505011897864,-0.02437058848266727,0.0011433859762469607,0.004316788578920633,0.0086811022545728,0.014631406047201668
146,6,0.008428827418269858,0.024838741341913308,0.021608280925079517,0.0040335312806735555,-0.013169497140232115,0.019047219847418445
146,7,-0.008518833564886415,0.007288389186279431,0.0016701586580316116,-0.008253071998000447,0.017218325390604524,0.030055489625191178
146,8,0.006964611623099051,-0.008009736777429595,0.013005739757111202,0.02421451944093015,0.022847905027680332,0.022117742470578284
146,9,0.01574106804940622,0.02753178716786771,0.034146682947872466,0.010357359980541974,0.02545572361452465,0.004458428237859912
146,10,0.000635888877311886,0.015850260861052845,0.010793334500166186,0.01901011952544679,-0.009780209883686023,0.0017818643148963822
147,1,0.015162272670022415,0.034243578837055214,0.03137998440975208,0.019965551307945546,0.03568787868794353,0.02352124903785907
147,2,0.020732502049114754,0.02929677046131481,0.03983279346718493,0.006773935458180722,0.00355770896253454,-0.003997122937331418
147,3,0.006562720449537034,0.0288915503302806,0.035248126077000064,0.027115920125517917,0.01217076015565152,0.02689832092338135
147,4,0.02051466200196971,0.009795025588432883,0.013890429212030092,0.020071241633827813,0.010760135774855767,0.034116939790691074
147,5,0.029952376432918343,0.024515852075338487,0.0064440602002774575,0.029616771751077842,0.003816126906464316,0.03432499937132363
147,6,0.041643050453423335,-0.003985681390746915,0.029082284139107167,-0.003621118262378824,-0.001386047475974598,0.03730611971142231
147,7,0.013243374552024059,0.023944407817051396,0.03564547084591986,0.01434473500999307,0.02541981693013226,0.005466706307523881
147,8,0.009366203497996299,0.020410829842951624,0.038940471307779716,-1.0191331623637477e-05,0.016415780511635808,0.003775430473089606
147,9,0.029602676759828313,-0.0033218508337652156,-0.00533039738472144,0.029136166365776508,0.018570680460185552,0.008851340002817574
147,10,0.019929250104614733,0.020193321490596598,0.03569813514812645,0.020369978493373745,0.011396676400849171,0.026340200276753826
148,1,0.028943489667167102,0.001175000354886553,0.044714787039107744,0.032017482541391105,0.029712366107637268,0.055975050902937376
148,2,0.026335974866821193,0.03795194564840804,0.027071815507192665,0.01121992450036384,0.027402699124724626,0.03272115543656816
148,3,0.02617163310057715,0.03969407303256838,0.03735419414075048,0.004418103743334086,0.01985628903199141,0.01900598391807849
148,4,0.0037247719079240254,0.04331478387551509,0.06049360511673328,0.03396290957449222,0.03640681017285686,0.015768394509393203
148,5,0.02065676514933271,0.029222354594413417,0.02626999333612085,0.017605891508345236,-0.00012877768535369557,0.020589397852731582
148,6,0.02971504357843088,0.026015800857401922,0.03257821384367274,0.06393863095744375,0.006753650500766278,-0.0022687336482615037
148,7,0.003021534603675376,0.0265172659717838,0.005861299673612664,0.013206077763597222,0.018296589445745436,0.02804043336975121
148,8,0.04295575087431579,0.009468952169205179,0.01897702291780781,0.023319096416824392,0.042208403140105266,0.03959475161771626
148,9,0.03216189435996009,0.052587364036793996,0.041491133698915626,0.007887722760050663,-0.0009968607019226242,0.026638579249317153
148,10,0.030533171756759223,0.029555348254400756,0.03201690248244608,0.02292805245872815,0.0041901173460590375,0.029414309448185887
149,1,0.10328177110430327,0.07760031109722482,0.097805815585893,0.16716091484403936,0.16058493961235948,0.18832601944392297
149,2,0.11401963321596523,0.10153426579198783,0.1361446132919802,0.13908762813510464,0.1422540630278466,0.1855832938210013
149,3,0.1054771707971979,0.10254334382447444,0.10689313856841906,0.14255986270499726,0.12487160774621481,0.16354749702090363
149,4,0.08565051593175466,0.08802401614856198,0.1035942832084277,0.14256214430072617,0.10428077622600185,0.1765038586930977
149,5,0.10713602221019283,0.08615047792264215,0.12475922428230392,0.1642319727550974,0.09109988096607359,0.14720456172905502
149,6,0.13164391236110498,0.11506847826181243,0.14130634136169484,0.09221625844990947,0.11277150345046855,0.12323757010936646
149,7,0.11346987839118812,0.08051290201696393,0.1084486408784847,0.09037972338110539,0.09535573427999186,0.10815360519225967
149,8,0.09647956242723923,0.08927221960649509,0.11892583969258226,0.10816955044531062,0.10350669797686267,0.11649122636147462
149,9,0.07215387455983842,0.10640232858667666,0.10443736023230327,0.08495488924297666,0.07223629971813657,0.10552336550004073
149,10,0.10424254357918636,0.07918231066731564,0.11675862526011464,0.09927398181680268,0.07466779892042726,0.10737649325089185
150,1,0.0009524314358047029,0.006100384446847777,0.020785656321296486,0.01236749373577754,0.03358891295082627,0.014441956655869228
150,2,0.017178295420154876,0.023763547307653052,0.02783470227276118,0.004032875531605588,0.031412588883862384,-0.004758018140289336
150,3,0.025079345257373546,0.019321606788621572,0.010304138959136965,-0.006774499529493624,0.012046135891625585,0.0029018978690536737
150,4,0.03408854696287271,0.009565725601448223,0.013655243566175805,0.004556374814339812,0.022679721197630225,0.011997739407553857
150,5,0.007739222111521128,0.012095709458323271,0.016895876216081067,0.016331526165509078,-0.02146619588034891,0.0003439096580777115
150,6,0.02489658507275402,0.002568891678882171,-0.007328726615798458,0.026143473162187018,0.014978821749881042,0.030480895409603703
150,7,0.011551829336723139,0.010288254051312501,-0.02654907466519789,0.013170245630310539,0.0002196617035651847,0.017620803083522932
150,8,0.03821854831660628,0.026564681297063457,0.010158031070183177,-0.014767472610245797,0.021521776566210783,0.016359261655158962
150,9,-0.009795283259361584,0.008182468851023346,0.0264548321316811,-0.01249088607067331,0.00849006844799022,0.0213520697551342
150,10,0.010516574696529342,0.009329587866287674,-0.004246935665656763,-0.01814311803883082,0.035643092195447174,0.01653748233690691
151,1,0.28021252553365683,0.28029456458425694,0.3371917857246526,0.2265022566810546,0.2143990031334871,0.28025480840391165
151,2,0.2587771711486576,0.26040097166654314,0.3272407550389888,0.2798452429702983,0.23971454968817135,0.32571418503809324
151,3,0.29154427392657195,0.3010079367834747,0.3623430670741659,0.20435218932666427,0.1989439622625266,0.25157972785800997
151,4,0.22512271229031522,0.17871408901138705,0.25427627187863794,0.2249434384006455,0.25882316922943155,0.2761839790874473
151,5,0.1779913497070082,0.1778141916203893,0.1909464291401258,0.19235941926360195,0.1843789307672114,0.21491815498431557
151,6,0.19498221534655566,0.17598243347013115,0.22055086142534458,0.21912088428824536,0.1930515817174327,0.2527816299767006
151,7,0.22585912133914346,0.2255842096293071,0.24168840193762584,0.20962374548569862,0.18638728631933196,0.24004601310661586
151,8,0.16640596539645788,0.1587394404116114,0.18029752922703263,0.20348803108136984,0.18985467647093396,0.24117481600670024
151,9,0.1282813363420261,0.16037137629731066,0.17438867668481187,0.1605313708533054,0.1666686222258866,0.1736225464227431
151,10,0.2312024402862093,0.19680285669755057,0.22536494937702917,0.11520577173306944,0.12304407719097485,0.14281348534382568
152,1,0.02855500742974998,0.007732750755015787,0.042061090723285524,0.009238219583375997,0.026237853987370826,0.04713647616034074
152,2,-0.0009935364559257025,0.05303235596163905,0.05712740408597948,0.034389567825923964,0.017483022002515107,0.03577822897467686
152,3,0.02952583663678359,0.04301024933622423,0.019535164670192364,-0.013913399280163271,0.036224198322416586,0.020290312354346494
152,4,0.028208324367557987,0.02578865025837159,0.05343883191486392,0.030812072588620888,0.005730270218787393,0.015078267064471747
152,5,0.024045094746797658,0.03289275971997151,0.037141770979503386,0.05950129758961564,0.015585902299805101,0.02532298891201928
152,6,0.03483807537645549,0.023863038886414147,0.008413228583747481,0.026504211463732483,0.016759675403212645,0.03800495932176829
152,7,0.017631930120622866,0.06540635317115716,0.01598123125702342,0.0521211517423006,0.04711371036407552,0.03154523709497961
152,8,0.0621461840168098,0.012046276576666487,0.00666546661444671,0.015756901961809178,0.06010023064881469,0.02705513219808299
152,9,0.017668194741434537,0.05359857668846274,0.04229730500816902,0.023135993331316877,0.01932450567406301,0.04897457172448218
152,10,0.02051244492874934,0.019779181260679485,0.027742650061440208,0.0073212269221380735,0.0381178526841173,0.016441434153191197
153,1,0.04029133376994081,0.04095916990439309,0.04723524469385592,0.025573191553466792,0.0405521972345481,0.022066348993039688
153,2,0.04856830805337485,0.028102148160279165,0.03396453607739104,0.01979245569239141,0.0347856390156006,0.0218812889900485
153,3,0.011833616279615272,0.03566068319536469,0.04477099289698135,0.03970872329002703,0.03919453183322957,0.02799035918026394
153,4,0.02342052895323181,0.01991584816736414,0.029497835912945334,0.03153404597707858,0.02197848626225192,0.03841253746602168
153,5,0.033812987279819746,-0.005205716112940708,0.02228655283064855,0.020076718896496037,0.011484585967214859,0.04955915699680713
153,6,0.03316339153760178,0.023612693644188932,0.02932465923874554,0.0193065798326775,0.03579660967920684,0.02265981729313384
153,7,0.027344114502551663,0.024878241031073254,0.02792822580240936,0.02440391622210812,-0.00023103015085866087,0.02926663668205819
153,8,0.01938027573904888,0.03461882444272849,0.0327928333942562,0.04239059694738479,0.005823144245982997,0.022223683968387656
153,9,0.007391167083816882,0.006811320860480723,0.0376087109194575,0.02133674885891657,0.03549501083272276,0.02427782567307901
153,10,0.0501576200682296,0.05162384726561524,0.012510616017591621,0.03293375803001519,0.02598184420776355,0.03309447714897055
154,1,0.02222872671415771,0.018926254766325465,0.02091459664109571,0.01835911165282033,0.022919988475612996,0.02799716764319807
154,2,0.033784291516414336,0.022003895042055847,0.019069012632285925,-0.008959938066181797,0.0012935451615137435,-0.00891054576529452
154,3,0.019902205876617254,0.0030240930561469623,0.0006225425096468098,0.038616786185290214,0.011775066269752874,0.0017260451787835746
154,4,0.03703411664543548,0.014596517780683741,-0.02343407129965657,0.03300244602416991,0.021825229824089493,0.007507029480287246
154,5,0.03332676489645272,0.012888092302575677,0.020765837262334396,0.00138857732102869,0.006392563031613642,0.005883817802295297
154,6,0.030637558156599614,-0.02655485859243215,0.0019727172881057902,0.011844466430282542,0.020485035326451576,0.024783761012843398
154,7,-0.004848947507436444,0.01562923157445429,0.024229589424611498,0.02237152502519554,0.03244410825469515,-0.010860230050490312
154,8,-0.0018966866172109803,0.01633102238098493,0.04467425238445169,-0.0035637777276513356,0.009174250455939725,0.007421672239282993
154,9,0.003924345585760148,0.0052943000960210505,0.0037285279258485204,0.04616819829879087,-0.0039261615259523226,0.016143868172074503
154,10,0.016083190336915517,0.027595211958977343,0.005529598676141325,0.012974430027553602,0.035739606093726436,0.028190035378244393
155,1,0.05435081026948838,0.01408004365925831,0.03671657327055731,0.040373351992648604,0.05923944799717252,0.06333882336672231
155,2,0.031988001226690536,0.043829752103297225,0.03562223719815354,0.0332710404704139,0.02460644552731242,0.03668138022829708
155,3,0.027935270245735448,0.041913262599011854,0.03027784617015594,0.02644164067887989,0.050025555064730304,0.06542214300669581
155,4,0.03060218494259234,0.020667068032912957,0.02448712672645678,0.04329127283749383,0.028069661471581627,0.020915949972633435
155,5,0.04384334999513268,0.05875057821831684,0.04790439351527296,0.03572544754933376,0.03649428966692138,0.027987869456015148
155,6,0.04965393398989765,0.031727124066389466,0.03511857861469737,0.045296694353708186,0.06090676583580817,0.05249080535641179
155,7,0.02089291653234378,0.047235570094609484,0.06253120149496649,0.04298592715672924,0.03529736845303374,0.023315285159103548
155,8,0.03469851041075345,0.04376994346722292,0.014762560842112972,0.0354186230694724,0.038190724552645924,0.0193517522608708
155,9,0.04516075501822898,0.026968026859183508,0.02026268306481139,0.03202385572346402,0.038349378731506095,0.046755011023050186
155,10,0.03507483464305567,0.05504539814405799,0.030507023832897384,0.026462311800639026,0.06718628447243384,0.037423539731112225
156,1,-0.012615780745412523,0.02505001629039524,0.01801466294315102,0.02993403449875315,0.026089206984163504,-0.0059132676971465955
156,2,0.028749569619690246,0.03117679903644181,0.02393914900186452,0.055486893382553644,0.03766216688403088,0.04635045410176451
156,3,0.044450552221491496,0.019886069533683794,0.0356997420761557,0.026656584304424594,0.027176390369702475,0.04081210844119659
156,4,0.04407264370475695,0.017538848828686986,0.012508970450201254,0.04929995017182501,0.015095756224128613,-0.00904247523141466
156,5,0.03280751966223092,-0.0019890883453482673,0.027290915394580156,0.034776799938808466,0.05997642961984177,0.0033190791461841264
156,6,0.03279236721374243,0.03431391215872253,0.01783279441587058,0.02632459088634536,0.05869976831218754,0.02230137750557117
156,7,0.022551562651086317,0.031068046303348272,0.02948312395627047,0.056655831037770825,0.0458664026202729,-0.0011306125717230411
156,8,0.024702442290015992,0.008967672675023299,0.02531933695339655,0.05968977442872884,0.03707512505851403,0.026825157214833133
156,9,-0.0030697412322702893,0.0383729619299134,0.04862201367951025,0.016094224731991322,0.026753200416196336,0.007078242013073259
156,10,0.010466038923876514,0.04980830381822921,0.020386954213933967,0.048241730457408635,0.027650296736400494,0.02513569517919042
157,1,0.02166478636145043,0.03855695114266649,0.019215454945039633,0.02176983906830089,0.0475405271563793,0.020643484073697954
157,2,0.021163417431779102,0.05540015683222085,0.029635857347932674,0.033128413361299264,0.023478177135858,0.04841134613610669
157,3,0.041997849721954514,0.013329753004132947,0.026261961267368253,0.008192902821379395,0.024124118443123465,0.010356580338606793
157,4,0.028504711001553953,0.015689767930860927,0.011001340790135825,0.024614021465349,0.037628137144834095,0.03200609306904354
157,5,0.006713992937591229,0.04803465127868645,0.027667998563958428,-0.005914186744965586,0.023339495810509116,0.029065464313076373
157,6,0.019602642201466413,0.04223680913162425,0.02677626110250794,0.03447477537178198,0.04029374187429652,0.035707926652982
157,7,0.04664435096598806,0.0331789582198384,0.023348060093171533,0.03709288801342277,0.028937967445458453,0.027287820904128842
157,8,0.027918952573930372,0.026096840884111877,0.018599599906894512,0.001346689834638295,0.049037196823295714,0.017694976094008826
157,9,0.02594241460018448,0.02933906316836058,0.040749602907521526,0.01379294153417803,0.03661846505578756,0.008995261184064861
157,10,0.035824802827140706,0.058169908514500344,0.026995161891178458,0.008756081391392456,0.04484270676467463,0.031217647879024958
158,1,0.018268295542158534,0.02350800380399588,0.009142191953471854,0.017128557561311705,0.007603317867364168,-0.005686152147349282
158,2,0.00607380441079667,0.026960829757146195,0.045432242783276226,0.005050025791488829,0.022976301400020376,0.039203772672559874
158,3,0.016134134028373666,0.025558142606986165,0.04544684571909076,0.013607787614825596,-0.010399992523329482,0.03428046999318494
158,4,0.023341140861728872,0.015611712905202099,0.029167391292174702,0.016421301724069887,-0.0003853273342617664,0.03915046977144291
158,5,0.047194136066239914,-0.0018650201586351371,0.027651431983722077,0.01637264487206285,0.015805575813268597,0.01857194229899386
158,6,0.010494302554908543,0.0013911688304527154,0.018793721656946732,0.0038274819684640613,0.01062640178213099,0.003171379735488915
158,7,0.026128125519812886,0.023825104231768878,0.012211800793610892,0.018069107980584746,0.025323936736378568,0.025947565098631557
158,8,0.032358486195596205,0.023226547707303535,0.04564844218666217,0.0017745032594321697,0.0074747753655581345,0.039828608979713014
158,9,0.014970595621679798,-0.008037274435344067,0.0248586299465855,-0.005143912786753476,0.043960976833863165,-0.011355063388666736
158,10,0.010972703578658491,0.022365360450366162,0.028992168345176903,0.023352284067080908,0.023840234288167568,0.04826341381675588
159,1,0.051572805252649824,0.04051634977078097,0.032658339367926066,0.0178396682221588,0.002280915827647309,0.013237193526022262
159,2,0.03643731248266381,0.03187825993316238,0.0036178762544959646,0.006251526301518939,0.01170819987631714,0.02659631148756636
159,3,0.024794844521944928,0.021207339751387545,0.030978195200675174,0.04200993870429985,0.04841410193159107,0.004057928330770053
159,4,0.015059768178642288,0.004172921928128057,-0.0016649000792373153,0.02903682853789276,0.018749676257095428,0.035028892614664874
159,5,0.04702512757599822,0.02538956373709298,0.03649276616087245,0.01721313941125609,0.04526354234034143,0.016471286531489177
159,6,0.03203919638231201,0.04873958507693357,0.022334500722594037,0.024361161316208396,0.0035926371097170307,0.037095392733402295
159,7,0.01399819757152845,0.028873260007746197,0.009504982552500228,0.017743574378683305,0.020970786465387976,0.01674686026928034
159,8,0.04516148418436815,0.03285737499925723,0.02114515409501163,-0.0012490439722794467,0.02564219888011984,0.03955642051060518
159,9,0.03634819137667674,0.026761816708384133,0.006432621347626349,0.024188072595794155,0.02304252932233974,0.02080727843059228
159,10,0.008976370648967226,0.015107170846574536,0.04021195448102615,0.02655926732934589,-0.0047718888685395824,-0.018226236862919368
160,1,0.03028329203171325,0.02075550998670404,0.021838825201858942,0.025844466754518392,0.018746408916776213,0.02833653333156349
160,2,0.03197043849379193,0.020583454550037805,0.019604504785864882,0.01214631461267067,0.02099616781514483,0.005269839860668642
160,3,0.013736186953902059,0.010793195737295903,0.01223548289647847,0.01577815612910334,0.03034430566736758,0.030321983532150654
160,4,0.031302640951289824,0.028473837514433515,0.03083644049632161,0.03329833878357621,0.017363922222550933,-0.014512723982929292
160,5,0.01780368058021146,0.017713101249333882,0.022648422936482268,0.019322146978476833,0.01234714186690348,0.017252496620861795
160,6,0.04056082438930387,0.019098085720869094,0.02372004390536232,-0.005991829393338222,-0.012793521062016635,0.03475862456368925
160,7,0.008172220746506934,0.005622487846426351,0.02357661721161035,0.008358805990929625,0.02501503459515289,-0.0021555168567471855
160,8,0.04524741804468516,-0.002239982878919433,-0.0013711068809152654,0.01173397434523708,0.016710875497377313,0.00915195124221531
160,9,0.022401083867395154,0.007115155169716611,0.023178712954993748,0.04012810478731047,0.01713248664812804,0.01825433896647762
160,10,0.02423884256542924,0.003181466897381577,0.0024305536965898477,0.01899103943133935,0.031093781025903978,0.006061839148476343
161,1,0.02072462921645354,0.034777635121398885,0.01800860384581066,0.03839666580075301,0.011812018705469286,0.01813902644780938
161,2,0.006180367841533478,0.008264865331511767,0.01023035053189442,0.030770189729822383,0.025702120107562423,0.03558305033521835
161,3,0.007044776095022318,0.024084783111654753,0.017127881127721966,0.011032679959307125,0.01008481507524354,0.01702827253431753
161,4,-0.009979318805182739,-0.004386694939899176,0.03533997110000804,0.037299666565680824,0.038680804856210484,0.011174709257133137
161,5,0.03203647443643807,0.02638650967473948,0.02196409166098269,0.02560312477633414,0.04198962184972906,0.026836541634608854
161,6,0.021528684500023283,0.03434135612642475,-0.008598068499509965,0.022072680415187465,0.029536839107668352,0.006164812788551897
161,7,0.002769577997221887,0.019298464243542486,0.011012993674398544,0.004807043428892538,0.034876138073663,0.023807654733974556
161,8,0.014109131675636434,0.026152183449243496,0.024575453017527227,0.0030653397938101945,0.01511492740220928,0.024802367737758953
161,9,0.008881969649671868,0.0339530468908849,0.020900263063868642,0.0075990755694523154,0.011300312234579418,0.009236473574519023
161,10,0.006772184485666102,-0.003323031839840899,0.003389220685724766,0.02326449897230314,-0.0014492896302942058,0.021579776437133654
162,1,0.016401246651199644,0.01601972939625941,0.003047293730213465,0.026489725264543226,0.029668252679385967,0.03776862730553056
162,2,0.022210236879648595,0.013782882589975051,0.012111158683223659,0.021871001994170945,0.029338874617515203,0.029377731235134902
162,3,0.010701265901248997,0.019965441138660448,0.019894422785269966,-0.008460915824458671,0.019194068267727488,0.04400523817863968
162,4,0.02696210462900059,0.012949318136958179,-0.0009345574077807312,0.004499630328837945,0.03098104877800563,0.013618746711352867
162,5,0.01738494486524864,0.0292049443923023,0.0355066719293967,0.050284726218832065,0.03463778756867229,0.024450719625854073
162,6,0.015354824439267932,-0.0075070328069994354,0.015717387217418204,0.03324338936903269,0.00937309367626284,0.0330829358968595
162,7,0.0013919731119182903,0.011079569792673416,0.006136166128741688,0.02220279091260226,0.05102617459787572,0.025132247701612185
162,8,0.021002661958349045,0.014938783073288917,0.009051725078118418,0.02663957604135207,0.02794650007235817,0.012438588426683906
162,9,-0.010795668917104368,0.013215153412318143,0.026624722300716948,0.01958700276583837,0.030273475166093165,0.0326250853951784
162,10,0.01547750534587862,0.03340479335305557,0.017368081785452634,0.02054128652737099,0.01831103078744274,0.004427681013737369
163,1,0.027473566421320875,0.039003603025412975,0.003581920284411514,0.017025079842878807,0.034044283526663825,-0.006201331312702809
163,2,0.018700702532881707,0.0294062893051233,0.004470896833698598,0.014451177548521668,0.02739618420685077,-0.016166912803773335
163,3,-0.0024706100384266974,0.02694760656172158,0.0206200693118202,-0.007531529414593982,0.005690854453457503,0.004061021139769536
163,4,0.020007988708016036,0.04324838901673111,0.01839902848828951,-0.01039978480928015,0.012180122691859594,0.03377244947104225
163,5,0.025413518025422882,0.01921925015194194,0.025008407491103647,-0.012781201071120095,0.006288442481289703,0.02470289710360592
163,6,0.008841748027439025,0.010311563311023484,0.042784047726445375,-0.006525054408342307,-0.001866515806682484,0.02311852245334167
163,7,0.002187604204926648,0.07215357521670415,0.009509756395571212,-0.0017301406710625684,0.009625024003929608,0.017869034134467894
163,8,0.03307724686013782,0.036323783882076494,0.025200556654604,-0.005976645069110725,0.021196790117524716,0.02119628481160365
163,9,0.01698135387474223,0.029214592194267964,0.01860972558662467,-0.004076364790191166,-0.0026639115581520395,0.019557902299084502
163,10,0.02597375161488304,0.006690069482596456,0.020516910336389835,0.016499338401556086,-0.0015816199003593511,0.022594314814221965
164,1,0.017211407212587442,0.029507936266007635,0.01712743539038891,0.02419471110674694,0.03743756970414512,0.02425078444340009
164,2,0.010019181694526553,0.008857090198037784,0.027849649132635153,0.03529609387315474,0.045067380700985635,0.027340458643584732
164,3,0.015469645726145764,0.00859650815925605,0.03753250396339824,0.012862510995448988,0.023982815849909522,0.03020203721776785
164,4,-0.021023978637019974,0.021343443724639602,0.007577848456045107,0.005693647435995263,0.03175194132151701,0.02319611780918577
164,5,0.027421472075412612,-0.007450454628915919,0.026867993792493203,0.01635711502350913,0.030323162670363037,0.009759977443264383
164,6,-0.01072398991194187,0.03962247507265408,0.02418191630302206,0.0054427355955870465,-0.006357383011926783,0.03437977500429268
164,7,0.039095603761349594,0.0163040884628446,0.02378592993433904,0.016861833718426134,0.029846101275555884,0.03904817309994139
164,8,-0.016418693420589745,0.02857927416702687,0.012712985093031655,0.022687755768235864,0.029332957459036163,0.015948628256647356
164,9,0.027970326857840407,0.0012451393112449937,0.03076027634708929,0.022166589883603545,0.020271959348963618,0.028652142063990995
164,10,0.04343717661757421,0.021300435351247315,0.03431252196059195,0.032374967347888285,0.0010484092054274508,0.03200687135289414
165,1,0.07612804123742414,0.08567355097542675,0.09814144844774632,0.08887101379461947,0.09594462906015226,0.12448097736193056
165,2,0.07022558939989092,0.10088331295467318,0.1302104846680508,0.09095603451481282,0.09104097408619807,0.0992620524452397
165,3,0.05972529717908124,0.08437579884372243,0.06991131476725077,0.04114177256044105,0.08470657935945668,0.09605470241720548
165,4,0.059944868758310496,0.08367315185680821,0.060166348561657715,0.0610639550941953,0.07182966025081931,0.09466544708386083
165,5,0.06223896529618768,0.06098558715236714,0.060338809257310506,0.056835559789778,0.04985406203389668,0.0615712903633886
165,6,0.07629013055398816,0.04388753649122974,0.06703291727294071,0.04510230714195504,0.06085780373819377,0.05676202471440823
165,7,0.03227777321750501,0.039992888228787764,0.06528894823416727,0.03656483972345202,0.06341667739574844,0.03420506409431078
165,8,0.06931331409728302,0.055232113870686335,0.05823938807531644,0.03411827777148619,0.05126340709270767,0.040186343110398454
165,9,0.03399758051814271,0.03731780265238279,0.026218389641090894,0.04182287528521007,0.0599008187822808,0.08332338382474856
165,10,0.038049259198624424,0.03538693265019754,0.07098442107089363,0.06680479409284899,0.06598754103979929,0.06064651487153325
166,1,0.005336092085740294,0.009722554059832854,0.02832314177128875,0.010711838910558451,0.006085050071424825,0.016330374120989786
166,2,0.03344011187792754,0.020469751813617394,0.03301265572395318,0.037408471170378974,0.02713548153797276,0.027079894589315236
166,3,0.023480258983875832,0.02631460329248854,0.028842378200646383,0.010559370027843809,0.01170785556248944,0.02196486515460919
166,4,0.02769558380144879,0.008593070975780005,0.045822381287326054,0.016214296520644017,0.016574626993453984,0.022620241739448817
166,5,0.04447409313496681,0.03531085425278557,0.01874690041279862,0.05196803737922884,0.01095602942064889,0.018821557173212117
166,6,0.020799896435650958,0.01453216374146413,0.025870604310235735,0.028605599201037592,0.020585277185919397,0.011839004142216501
166,7,0.01733179449929607,0.036224821181942646,0.0016181240899638958,0.013044443342611471,0.0219191077298745,0.02377679470329474
166,8,0.02453569784974048,0.055928377895305165,0.038292311671506554,0.02196562252204836,0.02163483956452415,-0.002019600173170104
166,9,0.018927202660226797,0.009711961049424098,0.028423987163378916,0.03266125220206944,0.025586268275055155,0.04734960990332874
166,10,0.010623720008455344,0.034221538671545544,0.03978400949626939,0.02426722185002592,0.042517174748774256,0.01181714592261604
167,1,0.035349015500705884,0.028138236253871393,0.030401150327397486,0.030926439768127048,0.007263935578007007,0.025439206866126537
167,2,0.032580312174193764,0.03674616282579322,0.03275035596233741,0.01110896328613154,0.04264673307909509,0.009292088739909108
167,3,0.01627608990084112,0.07744088684580527,0.02577366933095077,0.005407014918726615,0.015914637339621934,0.024047841720759203
167,4,0.0375688750307174,0.0361243253645161,0.013480422944082724,0.0057090886139883395,0.029957994864595144,0.02945258484516447
167,5,0.055446698786101395,0.019652004367124918,0.031483860725777524,0.016831252787162892,0.027680440250692693,0.05959753627146899
167,6,0.037644364947624236,0.007431271297520732,0.014100605374400657,0.0365558541731869,0.04415556818188863,0.04032754385151815
167,7,0.040215292058002394,0.013566184896235645,0.04695099425654162,0.028047144233979606,0.030192594708920304,0.03190381994629875
167,8,0.044836663750236185,0.022376751921331647,-0.0022408316304687605,0.0024248690842847242,0.02883327546677578,0.009969246392124882
167,9,0.004708597524027465,0.032307227155724226,-0.003484601470445193,0.0017205671230241606,0.03156449738327535,0.00995840498939739
167,10,0.03953060001405156,0.030490452579504924,0.017289920729074513,-0.0017514677834851115,0.03643088021847834,0.02454817928169443
168,1,0.004249743308066476,0.008932442555437068,0.00922574372503072,0.011057789010372335,0.008398977171905542,0.00415961275710821
168,2,0.005100687039820464,0.015106264111185097,-0.006480912943224932,0.0306785588656357,-0.002771382863848746,0.023958176706725405
168,3,0.013318866339394952,0.020617408536000442,-0.010010140407547146,0.016965027092114608,-0.024234223795437604,0.028817214162232693
168,4,0.016612354709484082,0.022207792622941765,0.00843092191581485,0.0090251773850828,0.004973756374768796,0.030622153053590027
168,5,-0.001917612541830636,-0.002749212531361668,0.023236488802282577,0.00481880834795381,0.024640926093761534,0.01732738269884503
168,6,0.028230243703976785,0.014405864267046816,0.04296858978172309,0.015718306500858238,0.015388281981690953,-0.0009140088370344746
168,7,0.007086050666983194,0.03409995593765733,0.023787732542781246,0.026998979982275115,-0.022092406478040442,-0.015326465341810737
168,8,0.0005830792912469544,0.0061617571661669885,0.038273383812782384,0.023203071914775036,0.021723494181671285,0.000748589700485267
168,9,0.017000135515492027,0.018640898253700706,-0.0033885963072995537,0.019597924808502587,-0.005237514840274557,0.018168511830715682
168,10,0.024192465107541333,0.005279215025488011,0.020798629487399176,-0.010227205906332925,0.005128035351086832,0.008924958241045552
169,1,0.04321136140685534,0.027196538854168676,0.034745481775580414,0.002869870488889023,0.018390786874905127,0.019276383226803164
169,2,0.01237393786584606,0.030506232841622623,0.031807611696868306,0.012020600609932597,0.04772427481585913,0.024555554620606948
169,3,0.034477874230596325,0.04269619004611959,0.04657114591954755,0.01602861499091772,0.022787420221819437,0.01923049952097891
169,4,0.027683077888345432,0.05545562990250016,0.029431572490842724,0.018588485082125402,0.021854456937868885,0.012817261811267265
169,5,0.019285277473979012,0.024817072996350012,0.022655748820756945,0.020656673753830353,0.044164680128374136,0.02394654019046457
169,6,0.018366997357684815,0.030536370676390395,0.03317204867253,0.024750624843287005,0.022830272874084276,0.03880431932388254
169,7,0.028818833659283557,0.03788815230403887,0.06444544178289559,0.020235415846337368,0.019546159274492696,0.014393302798943686
169,8,0.01905330761922819,0.02526257583867817,0.019991644140000153,0.012003775592658028,0.009623425700776221,0.0013379468949437827
169,9,0.03468935394543123,0.03741503884587559,0.06116133403438762,0.0032012234983004348,0.015141374759343197,0.0464829601470915
169,10,0.011649964625700764,0.05307052518582511,0.05935070629470256,0.023814533292768263,0.02107820127722803,0.04539313089077675
170,1,0.022581730030189973,0.023828620921213035,0.0195070290626184,0.03190262738631029,-0.0007020195859256897,0.0028109775026317037
170,2,0.009705363937720209,0.01995637016767118,0.012417046249587097,0.020897253706352797,0.024775246278723604,0.024005367105626407
170,3,0.023720107102578155,0.026445886139180867,-0.003891984909811517,0.02547731091934204,0.025368970732328997,0.029810911818860735
170,4,0.011334659890996773,0.007706363061337398,0.00046119581153736136,0.03184975978952674,0.01098798803746103,0.01281499111074268
170,5,0.02591629656685285,0.0433242591017268,-0.005845556956958402,0.01415962250699287,0.026956527853262257,0.05290495334692334
170,6,0.03055884512523612,-0.007004281552180168,0.007608241382746429,0.02476112617796664,0.024772683072231086,0.017724472157027753
170,7,0.03490391913950854,0.02672886328789603,0.032433748573390826,0.008997145284243595,0.007768321879106571,0.014604439657832641
170,8,0.03937039247394298,-0.01290557230975222,-0.015932354492430183,7.529830218914298e-05,0.023760357824925776,0.0509437955131198
170,9,0.01964430232252251,0.032261034041478655,0.019920160587163248,-0.005006534588809407,0.06817120093499722,0.03051052575829979
170,10,0.026078427969661772,0.007216207174570153,-0.000510879628412791,0.03857223011750231,0.027153468576471846,0.0289431309531898
171,1,0.01130822393004455,-0.0017951441702409704,0.012525242056683863,0.013249790268053752,0.04986824630792643,0.011186568167501833
171,2,0.013320803031206627,0.019679941920903662,0.03077926182509207,0.004733732728165322,0.037495913147475995,0.055604918137480176
171,3,0.032004065297203135,0.023433039756465393,0.006407763552130199,0.006226904162672747,0.03645119475255962,0.0058911940229817335
171,4,0.04998202597626654,0.03129108305827789,0.0025333069092180337,0.025582739246858336,0.0282074384559029,0.006482522878394989
171,5,0.026610919605365293,0.029231685053142567,0.016124107473965907,-0.00595586753006001,0.028633401099786113,0.03055235456842988
171,6,0.035328671647345385,-0.003009584515099696,0.033007179303411315,0.013188548770472652,-0.006892317932283441,-0.0037405919452541624
171,7,0.03013341241871263,0.014777272962849277,0.0020873135461550703,0.008478414982352024,-0.022340309091394495,0.02950907691469803
171,8,0.004760770479222077,0.004440895942018829,-0.008595815708402808,0.012726939957700712,0.01587129869038405,0.010304768498774819
171,9,0.04564632857382886,0.016471164742529423,0.019707270367527802,0.027534437939270462,0.035671116578367405,0.02304916539143638
171,10,0.010098144365409137,0.02840146367327574,0.041069465952695325,0.0042300858138509005,0.045997136972605025,0.0071013321845235025
172,1,0.018698128135688896,0.03876343819787113,0.025262203975403366,0.022073191601652425,0.024573576602250256,0.030626942908197213
172,2,0.028450172640766446,0.042046509589841505,0.020696423738059876,0.06965455255368212,0.023311733687114252,0.03103981508444596
172,3,0.0038032521418651165,0.05642700141112538,0.024682786236734366,0.032328126103628806,0.0192507167029678,0.029368213973159696
172,4,0.030330621155091657,0.027335570940442602,0.030171860294189983,0.014367964904285978,0.03544488456594931,0.032898758878094736
172,5,0.004488365548812693,-0.004613738140449706,0.008749673392163372,0.03496324135134737,0.01818769255041546,0.043540380381279394
172,6,0.036544335438652015,0.020670567582642317,0.011607566775431745,0.01996788618728671,0.01704221998469294,0.02048052881524552
172,7,0.05027763965008465,0.029983684989099216,0.019837778936392388,0.037805254657766484,0.024736291137899092,0.01821363244007282
172,8,0.02803322364452501,0.05671831870410882,0.04520465482050031,0.05428310536809228,0.013971143856422365,0.0428824486108817
172,9,0.016027780581448995,0.02729129394002858,0.01556390820488616,0.02667302713128819,0.0513944354964985,0.04323337531802331
172,10,0.04430604780600136,0.04539582014001391,0.04637183320454288,0.05201903090771441,0.044687184328783984,0.033886892898601376
173,1,0.0416281246028461,0.050248738879298836,0.03474884270134885,0.033543548887593734,0.026480769915062232,0.025158723750688908
173,2,0.028799653493450116,0.04010638796060284,0.05152337291799754,0.04626453095560038,0.04644109636499503,0.03555335588081746
173,3,0.04370797344345607,0.025061443711005087,0.028959019520872716,0.04546851382357105,0.0510160179146398,0.0440154265171111
173,4,0.043589248836317485,0.0064606485526902385,0.03941282762529196,0.042922780493763,0.009432949759752444,0.05349110004471041
173,5,0.037446497669020355,0.046765753114723675,0.04686680601385908,0.059726649484272094,0.060021847558087295,0.04047609397331649
173,6,0.02850858157891563,0.05171760950587837,0.04338494030991081,0.04590354821097413,0.043365259197969734,0.05715138019437519
173,7,0.0247274079135967,0.029273773858654525,0.03503013962227854,0.0074698005914618365,0.0708258418862796,0.016768086156141636
173,8,0.046318618430087305,0.038972507183145585,0.04025977395369716,0.04157370295269117,0.04553616265401958,0.03111763499201509
173,9,0.06211130461933663,0.04049975891087502,0.07450374226081309,0.02736740014255293,0.0608553127402957,0.044827587762409166
173,10,0.07106080922858297,0.05558211686110817,0.0592615103660914,0.03556263554558171,0.04689256804473517,0.042874091360498516
174,1,0.03329155537635502,0.05075952387880622,0.039620703637325144,0.024445061004628333,0.05165630519013131,0.004392798053503456
174,2,-0.005030443275372985,0.013530952495986483,0.02670361474014913,0.028955542443149056,0.02767376975002391,0.0205536433151411
174,3,0.01627078436306698,0.04301218313593316,0.028406544620142853,0.021737331512148923,0.03328954701001255,0.014982367074172807
174,4,0.0452306439179917,0.028586202487185373,0.009242646221532943,0.004404270825686148,0.011181677812253932,-0.0034405192211823506
174,5,0.03970650988728313,0.018177813359728623,0.021927159569996656,0.014935083992464869,0.02489858436947164,0.019370632665076142
174,6,0.03413493405699636,0.03508137722137617,0.028772702442213006,-0.001349119740787614,0.009845874352937439,0.0029545837773296444
174,7,0.016841675737752894,0.018283371443762478,0.02024830752168366,0.015608786639407395,0.01590030025443062,0.027696002569626448
174,8,0.03924512001502896,0.031090077434752398,0.010725109109248837,0.013967193237239665,0.02728950981509266,0.026757192246220945
174,9,-0.013196001249762933,0.018656836083726223,0.026803296007871846,0.025567142881344974,0.03119570658829705,0.014069302086300242
174,10,-0.0012657878553607347,-0.010461163291472038,0.004607694048993516,0.007073069890241984,-0.01757677304522634,0.006851948503481786
175,1,0.0222702376325038,0.033308966511148654,0.025934576530585052,0.009379623602964057,0.008971088543439382,0.042969867397194945
175,2,0.013664774576958793,-0.0030483066840225025,0.012448142142150653,0.006637475531822591,0.032147294895274896,0.030684267212885658
175,3,0.017813600154769797,-0.0057659514813775134,0.022528272148927966,-0.013120384239342649,0.005122059873450854,0.008773835882045153
175,4,0.015245079213735578,0.04566625668117317,0.02343529528258678,-0.02201198195051716,0.027159929716489117,-0.013316029484292502
175,5,0.006606329676049136,0.03475653334737392,0.016459028110539873,-0.00036705250165696915,0.0034352632776172604,0.03179021546843812
175,6,-0.0022317392661738962,0.029419760513013416,0.03261348074604816,0.0032085443503709456,0.020448615055808864,0.027407015273608903
175,7,0.0028351345973720798,0.015325319750784423,0.02123883723452643,-0.00912805242375086,0.007897761845894448,0.0248325969795281
175,8,0.022929715855717375,0.0272607534934798,0.04653389396930157,0.0024767057584469294,0.028819871166425308,-0.01432166459505955
175,9,0.025979935691794857,0.03818631581681429,0.01969669538712473,0.0058838084397099975,0.026345387814362214,0.00881331405664728
175,10,0.010201112545043562,0.017064766809218795,0.024495440171880472,0.01491796831523457,0.02780728412364455,0.019740567481757496
176,1,0.1067117537927904,0.09749961219547819,0.11034387819180409,0.08347483572392776,0.07608195640775327,0.07103775954999321
176,2,0.06307007841221764,0.03612607170698238,0.03746946993173403,0.1099477885375614,0.07061267367178153,0.0895487627213965
176,3,0.06565693165067672,0.039078058290044064,0.03800248376337023,0.0875419541473224,0.06756023341033542,0.0843194779318106
176,4,0.07707415996360933,0.04988091506081207,0.03864127760396049,0.06911052518567512,0.05483581042626297,0.05210961874966037
176,5,0.07042371639005561,0.06552747600597698,0.07863792332534798,0.04100496442248919,0.05181783447058156,0.057537952031937935
176,6,0.06439349451182372,0.06569547529701987,0.0568568411619266,0.04122154257163798,0.0541586350554478,0.07249113307043333
176,7,0.06825750393384704,0.0715062479277849,0.06481917592329976,0.04968984757473983,0.0580835788174367,0.046739350872299724
176,8,0.05281948533211881,0.05348175555136321,0.060167215275254114,0.06492670078401411,0.07295061210854056,0.05004752728880454
176,9,0.057338216280139076,0.034361724309585645,0.06725206470849683,0.0581211083993032,0.05539107974417756,0.0383687519371309
176,10,0.07914706694064816,0.04514706219897927,0.05751318198387496,0.06715785762574948,0.07296290460526343,0.07061283315415853
177,1,0.04718277644230202,0.02401283403615553,-0.006165686170687683,0.01978403259633081,0.015466743354310647,0.03574863105669866
177,2,0.011619419534174719,-0.0084791668147369,0.004937797968612641,0.010193526887296857,0.021593757240428852,0.03789448311041651
177,3,-0.0010510218704083026,0.031056039294145504,0.038080630877496295,0.037906978668461454,0.008967634151370207,-0.006695728924990183
177,4,0.025401951907087814,-0.0029799495558148785,0.034240895458373874,0.025451951543689965,0.012947011194870009,0.018634409284232992
177,5,0.005722817172282463,0.027517996459784977,0.0018963241297666514,0.018627536750373836,0.029143429452707693,0.010014722536823787
177,6,0.0160157378806684,0.020546586446376955,0.024417923478084833,-0.006092307016674861,0.009861538309688993,0.00594740920270843
177,7,0.01428140011423878,0.03049144946181543,0.0373418028770319,0.0044232130753742395,0.019143326334082736,0.004764774060718141
177,8,0.017522738085754167,0.0036012109135461273,0.018496342904258,0.02600320977409084,0.0030192689565791252,0.024811089941481776
177,9,0.016142969986471096,-0.00022816522784184685,0.026608814115283128,-0.005142991736814313,0.0222130281728934,0.03728123153163673
177,10,0.016103112674796746,0.02372810611191978,0.012192336795173862,0.03601444713303399,0.009813207937965855,0.02167148868024749
178,1,0.01698808017677856,0.016074063770806675,0.0429769526580983,0.011246519963391046,0.018032857471596723,0.005380313120589738
178,2,0.03168702385712369,0.004834410972981238,0.026377960849772543,0.006959342285025234,0.0072192333831602035,-0.0021308295144312843
178,3,0.020324915245515263,0.007480438926551495,-0.005521678407335833,-0.0034837148034267953,-0.0033266620577454705,0.003178229530935809
178,4,0.027949653449091907,0.015096218730452813,0.018509582476083416,0.0328509616949686,0.006850595574816379,0.0035034605328176146
178,5,0.016681874698785005,0.03096504614001712,0.04142082755999465,0.0022845876667639637,0.023845262424101333,0.012888796459892802
178,6,0.026289490497951214,0.005429606450558083,-0.015467676185100561,-0.007766521310404599,0.016389853894609594,0.02686315072978027
178,7,0.016331968952894686,0.022617807717987073,0.007326682840558613,0.03857585883485619,-0.0037313910865046655,0.025947704284240928
178,8,0.01960305288447001,0.023808762805438446,-0.0005823087287963319,0.026186169706036697,0.018858662653541438,0.006342283544969544
178,9,0.01249297599735156,0.017014722725357492,0.03609676447450427,0.005446841801715836,0.007703309938920084,0.013022652758825592
178,10,0.011273317250765991,0.01086194046765595,0.011597908984355653,-0.0117451525546188,0.012025821874326699,0.0002925241886835545
179,1,0.018631448299026247,0.026040793098952558,0.027974960627443007,0.027754791024136607,-0.0025536661083346663,0.02090547860389249
179,2,0.018425161097718884,0.014567040528157204,0.04933511213836279,0.02851043869906388,0.019315479907348946,0.027539478995350662
179,3,0.01814875691719349,0.01453198981182032,0.008697531929223826,0.02106681219532185,0.03257480680524403,0.029492528724804113
179,4,0.022475709931111212,0.026859344066567106,0.030846658214491795,0.04033003709610581,0.026287308062893595,0.027456716884201354
179,5,0.01586301039277797,0.018743884047776636,0.039948261161855944,0.01847713667203554,0.022995736213459263,0.022121968142594765
179,6,0.0026357572240309946,0.029448304752215368,0.01271469731070281,0.0066885398981470275,0.03478199604085976,0.032687998524206764
179,7,0.012214038182030323,0.032804646702449244,0.03908238653661105,0.01872383777804772,0.03634991406527297,0.021470538494097916
179,8,0.03595174243167191,0.03320916085175977,-0.0018656637264645648,0.03233149760860817,0.027505584704055425,0.008985242119919901
179,9,0.034612090119544935,0.024473905171428476,0.029806148426234493,0.030340616453051108,0.03836135502545498,0.01907066241171216
179,10,0.02926701244254514,0.01605570106616377,0.017963452600013426,-0.0005016565593994925,0.014237639401313442,0.03208361143195871
180,1,0.0032597594124620113,0.047018604444918156,0.043429482952487344,0.024816941772337894,0.03231479655102679,-0.0029205540909355253
180,2,0.014311257807789485,0.017691315540240015,0.028282721094796286,0.019073653131760133,0.017825527305041975,0.01455817794213958
180,3,0.011352707228233852,0.028765489169297553,0.01813864349713662,0.03496419458181059,0.03900529841965842,0.012472526831278943
180,4,0.03244760778196505,0.04635504665518502,0.012308875056602463,0.04641144636060235,0.0380011664714789,0.022431730687342666
180,5,0.024443666223609713,0.04073033465330951,0.008761792133846903,0.0481443714190675,0.0037170374220333296,0.059346623060988875
180,6,0.04207148730909275,0.012523895139477279,0.025916956017176824,0.027592335162762393,0.008219105353807179,0.018551333136045605
180,7,0.042996810992721374,0.037888968257491384,0.02406614219274354,0.0037705389148936985,0.012271223593980474,0.014890261579854503
180,8,0.015073197828403101,0.025588203660987897,0.0006758940528424275,0.019253746769338585,0.051479719561471154,0.011705914788727805
180,9,0.016195679752143522,0.0499685118004498,0.031926188742119284,0.002666068061374169,0.030027662485956993,0.025479212762418633
180,10,0.030717655992513308,0.014531377497270754,0.019393840340319945,0.024655694401667455,0.0527194254602494,0.01796211812204355
181,1,0.0187830079613218,0.006341427862672395,0.03598402171456357,0.02239380573935731,0.029299280108628912,0.0026584406415852907
181,2,0.0365130395124662,0.005818832156044735,0.00894973856534805,0.031527301418650774,0.028079867591833795,0.054677986480523334
181,3,-0.00010565493526518584,0.029646047813738807,0.022896441319503615,0.012988489363172935,0.030753229107816377,0.013052352212239137
181,4,0.024472102904510542,0.028968187082148596,-0.0007822840834567652,0.033124252821190914,0.02145727840464134,0.0051862503076366044
181,5,0.05614750378201229,0.04396032337783602,0.0011640387249669468,0.014498030281578134,0.030548954934258014,0.03924389985069113
181,6,0.028155333185948112,0.010533137587191916,0.004331724421385127,0.03626633916983438,0.02608533438771369,0.03373826837907347
181,7,0.03851802133908542,0.026789725037113216,0.01305014007856896,0.04407570915921939,0.022289030482844353,0.0361121247082901
181,8,0.01990085969562369,-0.0003238443199961833,0.008925820642528752,-0.0036882760514042995,0.027938935929720028,0.02638582141004205
181,9,0.02894308422962582,0.023170846672023567,0.029374779752327343,0.026706678646281512,0.014561811997201586,0.0024204686170923527
181,10,0.02249780744325375,0.014238816379657852,0.033095647040141236,0.022326350926594015,0.05002275886754088,-0.0028016669977409
182,1,0.11212058520761002,0.07959587656002075,0.11719648616428018,0.15455305112292536,0.10555184326502848,0.14433118595377967
182,2,0.08478477134338447,0.08320754677970844,0.09673497783819494,0.1154326514478551,0.08704876245886133,0.12840541423702373
182,3,0.09299209953510368,0.0814942229621782,0.12202284248014486,0.10250660904619112,0.08341939045020291,0.14753110820902976
182,4,0.09223399629908123,0.05027593185002394,0.07633138816877656,0.11024507705505546,0.1079360712260209,0.13216722963035285
182,5,0.08673162552827839,0.07091214456622744,0.07849288942432178,0.10398412528193203,0.10314588168208122,0.14039788260382266
182,6,0.08646689672526478,0.0790995215014115,0.08201768254035077,0.05114131145473505,0.0684730325844992,0.08086371742336199
182,7,0.09114890925216602,0.07751023235125633,0.0667487118780154,0.09618410112796076,0.06428053374979761,0.12670801561125306
182,8,0.07368439716796078,0.07609971745552782,0.09118999725425023,0.11570640507804034,0.10743449450020698,0.1319310350860428
182,9,0.07703289142772278,0.0597528737044191,0.09747611497529095,0.0999416566729665,0.07747445741671195,0.10887287937117121
182,10,0.07638828743086995,0.06194238422590408,0.09989607671048174,0.10696452694782567,0.09411213718765006,0.13092635000892452
183,1,0.013156491181721228,0.016419222747754918,0.02349792323549513,0.012984901523568501,-0.004711098354936477,0.011451669164731467
183,2,0.00856303293754911,-0.002639643994143998,-0.0018156164341130555,-0.0036306702518256215,0.0054962705273597255,-0.003107766742502318
183,3,0.00986971670544611,0.02215693144241363,0.0026518634897196858,0.0031862888864278216,0.033233102794097726,0.0028835167575300812
183,4,-0.00031665562279288253,0.014876699416666157,0.021520667875487356,0.00020673414706673138,0.004192938737109787,-0.0010755583789404432
183,5,0.028579023128515565,0.017245733593104294,0.021380588789719695,0.025649537615910448,-0.007185701082276351,0.021928013549887517
183,6,-0.006515168591788712,0.03441250868722811,0.003941255848864338,0.0053863298004309095,0.00838894633360428,0.03236937779160551
183,7,0.012023731152390551,-0.013301047612560946,-0.005705177163409611,0.01951332867515053,-0.002366302945917023,0.012127894696206006
183,8,0.019742356293404414,0.0033206854212454533,0.02203997736199842,0.005950345295354964,0.007438552859318945,0.02589092710822264
183,9,0.010150407182760524,0.02490053174873326,0.004608240709548705,0.012104975376714096,0.0037619490645631817,-0.004235591844137709
183,10,0.01339601520007896,-0.002625459672960944,-0.002959337629745865,0.026209362506125072,0.0036399674838294514,0.028239066977094534
184,1,0.014858388214102031,-0.00018232856142475306,0.016079952597558476,0.014115468179181658,0.013601175992775058,0.020419489859295144
184,2,0.013166362257748513,0.009219432949828231,0.016964352130418643,0.029752256504905067,-0.0061331363369458505,0.025455767704377782
184,3,0.0223107538695655,0.015773234410742427,0.022657166502071786,0.012787365990549315,-0.0045059277188003646,0.026658156990877205
184,4,0.021349772686136168,0.014697666878763718,0.021055169475249845,0.01690741812571572,0.0324120844871027,0.02079920245144963
184,5,0.006960213475161653,0.025332121949471913,0.020692473165620232,0.006311538231157611,0.024439288102360915,0.016218695423874573
184,6,0.009379920072454459,-0.0021542024561279193,0.007703272658377841,-0.024333821395322024,0.003417849452351317,0.042322864363171446
184,7,-1.0601851552992151e-05,-0.01711662473492709,0.007682212752071712,0.020612855057146277,-0.003848907792968684,0.036133552503450794
184,8,0.0003911397985588222,-0.031335229144193164,-0.002020237256587002,0.03212174640386291,0.017273213744504516,0.011929585439929311
184,9,0.010870077793519032,0.009720867039307404,0.0260131362108827,0.01417694282798292,0.015842817643134843,0.025952539668576337
184,10,0.028708043208100033,-0.0038533446449445026,0.03321055179924839,0.003968576943056798,0.013806626458115824,0.009240424931337952
185,1,0.022734836873288092,0.02961181254781078,0.024579484465159306,0.016972786479183884,0.003008723965610921,0.026372775033068882
185,2,0.007596791678641666,0.041581310955365554,0.03388274456915722,0.024636126740047105,0.023925059712919434,0.03248379515282295
185,3,0.04370488568820216,0.03672973470532161,0.026241449027862695,0.01308106522508669,0.042407317089874,0.024220225156911065
185,4,0.035708780323292874,0.011577833214328507,0.005126125195018055,0.0032930926905972344,0.03109849606854187,0.034366263574635784
185,5,0.03540858658103196,0.04462085394794472,0.007911365166276985,0.022988455179436307,0.013427408767655385,0.010646873358854047
185,6,0.019044374070670205,0.019602391498457276,0.03805794016085886,0.007972017765007035,0.01398836461073102,0.025238727060604354
185,7,0.048619179833067294,0.02458880911722891,0.020926920299910747,0.029915870757250513,0.00851826060157984,0.018443243403103944
185,8,0.03817358346320619,0.02278126009433704,0.031814441747181905,0.032646487416891565,0.0018679188032177524,0.04610756413877669
185,9,0.04118129683907775,0.031371841932348446,0.03725050529839938,0.012098410596046131,0.029817351366933503,0.013962214444525908
185,10,0.046491094181705314,0.028889565637288978,0.028612033793553815,0.017162069303477526,0.036602696781828536,0.029747916255829898
186,1,0.13275563252281455,0.18460640684077145,0.13601534716021396,0.12567429720328088,0.1264628239962097,0.1018503700445549
186,2,0.09138937799870007,0.12264264012679614,0.09486545643156594,0.06168632437397141,0.09627051009217441,0.055371132204541706
186,3,0.07028345479391408,0.11146322115253865,0.07125924967241619,0.0786580294576903,0.1203699515634771,0.09378201524137303
186,4,0.05548426142486525,0.09113787131262936,0.06189899810962309,0.06363373085109589,0.08487122377751259,0.05039364903599539
186,5,0.06681956422387385,0.08249476529213533,0.05343162082182904,0.06631403644512146,0.12373624130415325,0.0700459814339388
186,6,0.061499154337864376,0.09073974242320537,0.08183801442789816,0.04137527523355336,0.09089089133888126,0.06668535321945357
186,7,0.04281482560420512,0.09500662001766186,0.07726767439389302,0.03509017276284017,0.08272369493088809,0.05378924856222995
186,8,0.07350604874228968,0.11602754748948346,0.07795884103203722,0.046323701422389674,0.07676091147243898,0.055966877196477596
186,9,0.047387940543037424,0.07981279420417701,0.03735223835028289,0.028121450257169542,0.09582936235786207,0.05341096082845855
186,10,0.05982592005543991,0.06936844847149833,0.0596357452606274,0.032812654125269854,0.050920186240991115,0.018126097107425052
187,1,0.0328978641259647,0.015232129624512683,0.047265435057338906,0.015320948794929198,0.006737878200454199,0.031297447221496605
187,2,0.021209683434075026,0.003990136480382418,0.018042091174563388,-0.005665040414618734,0.05235111473152589,0.0030789332060989247
187,3,0.007116341739230144,0.005935640912199523,0.015233093107046923,0.0033068762113180055,0.031778346121646435,0.004467037138156164
187,4,0.04287812061372934,0.012638807723627988,0.031159880916824357,0.015363380734763473,0.029144986604749103,-0.017692054125956615
187,5,0.04227582343556374,0.01076216235953175,0.03596571080059387,0.021848726387815945,0.015371536708480491,0.03061192480312569
187,6,0.02302855094257849,0.030470529168683744,0.02845411470477074,0.0381438253202599,-0.001746560865785951,0.005732595790598846
187,7,0.008199066134538349,0.007580467763739213,0.028065659241998976,0.0263389307764734,0.00022992967165800344,0.0030774383546749245
187,8,0.031120441166200347,0.03830281506555967,0.04376726031391259,0.04443168800290399,0.01841579994330949,0.03400131110389826
187,9,0.01155843408878903,0.029879038881539314,0.02904586444481287,0.026460276140803055,0.026410258782958614,0.0387984726355761
187,10,0.019062669335217226,0.011745440350035363,0.006185721394362264,-0.003955045721850465,0.0019173886475613532,0.016062367355155496
188,1,0.03912922479699086,0.024785282601296515,0.029491626528911432,0.04265152549049331,0.05413892250452328,0.030877527869803433
188,2,0.021889024442989527,0.053014603213029816,0.036065925190554425,0.04266917111922926,0.01266938900973697,0.035862735049991414
188,3,0.012975601832895561,-0.006169294055177852,0.04187877185925962,0.07042865527600978,0.022244361444196177,0.015813973767068664
188,4,0.034446797076617006,0.030102008837265867,0.02705906416901119,0.04071606329632234,0.028322166155287504,0.03648132167916803
188,5,0.014016932031468476,0.022068257150969977,0.016061431023949115,0.031349979375907645,0.029269788507163164,0.013332833094941966
188,6,0.030545696021216397,0.027517074620158948,0.021169773162833753,0.06978745124291941,0.026402711223158914,0.04717668758787033
188,7,0.006869143159189888,0.024553277733350864,0.01693734677028533,0.03971169827444778,0.050698875308695754,0.026443780175116935
188,8,0.02155775971854546,0.036206890886980314,0.042380784991015344,0.0022330233831025885,0.04687343263580529,0.04266123707484485
188,9,0.013809632184774531,0.021420502602828777,0.02412945092801689,0.019145680204148283,0.016700927631838794,0.024944191711066842
188,10,0.04757472140767052,0.0182482449851924,0.03879254163299375,0.03185973428164046,0.04723138193970151,0.03450193909264426
189,1,0.17660851888241258,0.1841911486045087,0.15823137984127877,0.2190935097763216,0.2371426842098349,0.17573695409082637
189,2,0.13470468121205326,0.1891127773973817,0.12665984988543863,0.15429270589847385,0.17427131625871184,0.12418586030568454
189,3,0.11450548998547184,0.16628035889833087,0.09743336472033175,0.13374466807974328,0.15607798328990807,0.12652787832318113
189,4,0.11164023205330327,0.16924068972989173,0.12543802600845924,0.09339890786491654,0.11505933217443959,0.12334504321104146
189,5,0.10051077015450846,0.13015312760170275,0.08897646916665464,0.12702341642462367,0.15113249904104464,0.10761294104004235
189,6,0.0961621070061414,0.1322592738626886,0.09897681039083708,0.0826546693440047,0.16119819381303208,0.10041045012639066
189,7,0.10019685284114324,0.10781403030740125,0.06803982409141363,0.06511219992691356,0.11636811478818317,0.060731791421892875
189,8,0.11803260121152287,0.11871430178889897,0.07220924266744792,0.07014920596866792,0.11206990320195305,0.0909705464914018
189,9,0.06892465653739169,0.07762887779406684,0.04640997766393875,0.0903460663496441,0.12033620045444224,0.09759810329713048
189,10,0.07426807307605636,0.1171613516489606,0.07576392837105565,0.11274007915975856,0.1332534233728432,0.09154242279994086
190,1,0.025214857454096355,0.02838566850826754,0.04304580853094958,0.015646243451307367,0.02037395659733129,0.018687211892421982
190,2,0.026026836738656786,0.01672592206669047,0.05334739555550268,0.050863004440517355,0.005307560062494326,0.015638409364728895
190,3,0.02387024724392563,0.010384565697772399,0.034595126606358974,0.03293114895832192,0.03131109669105334,0.03655092074251465
190,4,0.02527832695578848,0.01806031749092454,0.02060092171066283,0.027195730012906778,0.007236224853668048,0.029340427182376113
190,5,0.024247070205539834,0.02960061273747884,0.04102554671757568,0.012703881382910434,0.02567290544905805,0.022218627147170843
190,6,-0.005105313115637583,0.012772928966807548,0.015632606597154035,-0.011727937989586967,0.01242511198008676,0.014187740575721463
190,7,0.046313989593818904,0.04347764923433978,-0.016049954105337588,0.004527740949490491,0.039014040659986565,0.00983328415109411
190,8,0.03865489471060526,0.02591128987459456,0.04158200168349403,0.028922528556968242,0.01296186641296659,0.016487388194694357
190,9,0.010365642231120319,0.03308178801697404,0.03728078810426496,0.007433848197184994,0.013386556141766502,0.034436728196204615
190,10,0.018382985803247442,0.016128089201608336,0.013770218408557284,0.03956982416216586,0.020057256045194045,0.018078922802217314
191,1,-0.005474433742280002,0.007771334342666807,0.009447578725036208,0.0016942210604457817,0.014445871954011535,0.01843367629393826
191,2,0.02127255961508004,0.02212235138659067,0.015526547313898197,0.04113859108890399,0.034652494720728434,0.03764122393832406
191,3,0.015037620152519698,0.026245672057840758,0.02300902566289276,0.01909018124857189,-0.001961089454266842,0.016971353291678936
191,4,0.01589373843955785,0.031975647459224585,0.025003309970269103,0.02195255982827878,0.007692943779171943,0.015438924559602767
191,5,0.00491425655890451,0.03448302064997323,0.008465142651317335,0.012373841551913997,0.02308074626601787,-0.008166145422170555
191,6,0.009535562171376794,0.03161541913530358,0.018771506547442817,0.010024179477559342,0.018629742211189574,0.0239171856067956
191,7,0.008592590722315475,0.04960160594439196,0.034383584032937134,0.022685144415284166,0.034714888897125144,-0.013971729381819259
191,8,0.03394730892058491,0.0015281565848016267,0.031479589657719145,0.012046539453722865,0.02563467501734657,0.0042666788929501915
191,9,0.030955669689094845,0.034186709680431006,0.032722830013314524,-0.0037746412337625723,0.04447595633592226,-0.0032347428331490047
191,10,0.024654715694151924,0.029304711537572588,0.04499580384065389,0.027171299761065734,0.013089578930148497,0.020669093723156413
192,1,0.0171590024901343,0.02340911542347697,0.022609271530479563,0.04114860244876953,0.026359581339334887,0.027389865276754168
192,2,0.013668878686057708,0.024465789814308445,0.03130711758741809,0.013617268551185582,0.034383364739312236,0.03652093293213645
192,3,0.0480294663760051,0.04788570097333558,0.04254496403470371,0.013838465512956871,0.012514902106355842,0.017591970106296147
192,4,0.04311339442627673,0.040250318907053176,0.03804659131274946,0.040508507645266464,0.01850927116421757,0.06705178460070663
192,5,0.03782471967042489,0.030153059811140068,0.041765484611717515,-0.005446596130903126,0.0025248609720036007,0.03481023862895263
192,6,0.029822156581764563,0.03276541345642231,0.02749543690651923,0.023211936850199545,0.050410505935954225,0.03082456609716918
192,7,0.030238526802027432,0.03782637510387401,0.03463519509362785,0.04305591304013525,0.04099111427024499,0.020493040461543547
192,8,0.025253400527501812,0.022276593389407198,0.0205308139330133,0.013389095987506792,0.017970103857784935,0.017995264497098224
192,9,0.04155377073189742,0.044344072448959486,0.04902693564502243,0.013995564245702394,0.012865819010343015,0.032258704350035555
192,10,0.030527476063949174,0.013807043295465553,0.05838644922553547,0.024241414922489938,0.023890550717844378,0.04939756092419458
193,1,0.12559715301718788,0.10703585691427872,0.20148358789317178,0.1476758424085355,0.17807970742619955,0.33073332883517803
193,2,0.13055601243960527,0.12397389266076321,0.2722966881759377,0.14774097652747814,0.1276555139154132,0.3043175500085181
193,3,0.1364938158663646,0.13058776254950602,0.18492483574824004,0.08739526226389939,0.09790477374587574,0.21008326959553086
193,4,0.1299983339440913,0.12725573473853746,0.24181037258383087,0.1432228885744851,0.1520551386464536,0.2912877398730092
193,5,0.13431173005879626,0.15590740569568248,0.2793449423419375,0.1127179518515536,0.09691602527215312,0.21592126697129324
193,6,0.12804801663253454,0.1353182855221254,0.24124891742119722,0.12014941320856469,0.10018448458244307,0.23043263549764603
193,7,0.12572551207671975,0.13871145627315118,0.24023183127153724,0.12094954899951185,0.12059714365060618,0.23513536992100237
193,8,0.11766774342095324,0.12655472657776656,0.23228008928414834,0.08955923228388965,0.09655844353954242,0.2174451177724487
193,9,0.14827556464451155,0.1606792527239335,0.30553825003008495,0.09877535514438252,0.08219638605082229,0.20777321004879176
193,10,0.13624931607091673,0.11908984476966207,0.2763571970015838,0.10132636841776406,0.10958989385818144,0.2580677264484839
194,1,0.009067420724631733,0.008962059647223105,0.022557436282266672,0.03248067513081822,0.0035757343653557557,-0.0015021073529882779
194,2,0.015392917279589599,0.018638223781767334,0.024853674786665315,0.016246342938179382,0.01542698910748294,0.01640007007596496
194,3,0.013906213395323478,0.026237577898938037,0.027394179873464722,0.017715888270104514,0.016160287412430915,-0.0014368802052949054
194,4,0.024431015856076717,0.019512551974560817,0.04254475628311588,0.010392688556894661,0.009680819508083116,-0.010249045772449204
194,5,0.07273214838232965,0.028973634608093348,0.010438647021354955,-0.0031341904718904263,0.01739279089358982,0.0051714215506549425
194,6,0.012173753836308573,0.029951170916546758,0.03499411136889398,0.02303447229220642,0.029004221585091104,0.030769693976789296
194,7,0.03381833656874346,0.02078810875139997,0.009520316355179581,0.007652422853312196,0.0041309388710154835,0.0016412974914490805
194,8,-0.012391831168786402,0.015257114187308289,0.037089077757044356,-0.0043115611488859455,0.004381354975933538,0.04392450460788852
194,9,0.016678422933355436,0.023816842129726432,0.011821581740936248,0.018573457152513774,0.0295092744549644,0.0011369819373687434
194,10,0.03057805184070444,0.0018444229544172378,0.018286594952542874,0.03349678482369666,0.0015643176902687302,0.00046414385306181127
195,1,0.018313255772499547,0.020585389280266965,0.006114995912729017,0.014631636668671595,0.0021400329906459633,0.00975954814791506
195,2,-0.0026231770025339604,0.012206106514861585,0.025540811670396298,0.030728109593491457,0.047479233653742944,0.02507546994210471
195,3,-0.015824156393097772,0.0030654870796484506,0.0247306232440323,0.015525293300864195,0.02824718783997756,0.040674964017912416
195,4,0.013991071848215917,0.042184106695149826,0.008598626522472003,0.029773083456551164,0.030744885346849146,0.038730884614000205
195,5,0.010509947782903756,0.022078512760382762,0.034310738370803825,0.024005730888261814,0.0009460694857520917,0.01569933213363619
195,6,0.016746050132590673,0.0012482148543795808,0.025871955091476724,0.03869366141643369,0.025606812277478404,-0.012470394978969906
195,7,0.017425853325452368,0.03674364775205676,0.008119267444991444,-0.007509620888927745,0.015478867356604697,0.008516700271879205
195,8,0.007382569026838856,0.020175979777328965,0.01614675631326331,0.02095746604533396,0.020637118672090088,0.020282092053110698
195,9,0.010969857457633262,0.02819110860359536,0.009534479417214175,0.011272165481748631,0.009854525291598889,0.016160406935243257
195,10,0.02038398121746473,0.00927792967287381,0.016175857804269052,0.005569942781261316,0.028298525583675155,0.0316998931763655
196,1,0.1821139861058621,0.20227930173173728,0.21777396252891917,0.1829391497991422,0.20694326341822045,0.22397271572756383
196,2,0.1640661786920097,0.17085782537947536,0.2201704875189908,0.20473006876391414,0.13461433620659735,0.22486791497720512
196,3,0.13275539536706024,0.16551898867195494,0.18633657117743474,0.12198529371715557,0.1401601723908915,0.18750934111084977
196,4,0.1631379840570596,0.17275744938494572,0.23996613498731217,0.1610116965698605,0.15783047040394366,0.17547462872976127
196,5,0.1785916556795312,0.15083045179284063,0.20163034487574552,0.12220139137656962,0.13276132269982763,0.14558182679116355
196,6,0.14951195419776886,0.14650478985766435,0.190314825815711,0.14237851070165908,0.17885177715308828,0.20124042988617813
196,7,0.10718367676953564,0.10259707458657251,0.14274861655649362,0.11210576476124613,0.14428489321343327,0.1477870325998956
196,8,0.16077843964767508,0.17729326428946282,0.22860039156341547,0.09441878723853617,0.1612380505903514,0.15537615119611614
196,9,0.11836977921597987,0.10274686103202332,0.14729097954051218,0.13925505546425912,0.14686998142681867,0.18588343931558476
196,10,0.10704819613948224,0.13654162658151905,0.1786127001023776,0.10208570145621623,0.1514126764129332,0.14000843932761842
197,1,-0.020597074512468415,0.01641132312031005,0.039924939249500524,-0.0009448479250525516,-0.0050254138143763245,0.010385518145806892
197,2,0.0021337961144751554,0.016291975516339204,0.03530393331743659,0.03595819119475334,0.018595664967682102,0.035319319927391825
197,3,-0.0014937535452815857,0.020218943050280637,0.03247542345580611,0.014299861668137723,0.005194727918682586,0.01676096551370038
197,4,0.006793727685777124,-0.0032609767619694655,0.04416043023915199,-0.0051668945521389014,0.02975512085074886,0.002152901802094024
197,5,0.03567986449725611,0.027321197586740623,-0.008106483139593263,-0.0025904398541524497,0.02916412633250318,-0.010321438266574447
197,6,0.0017993239327024383,0.005270203324491835,0.030113267216204272,0.013185747671881366,0.009897847259387499,0.018947606373724026
197,7,-0.0071059157074674535,0.019296141224582283,0.022665865258185904,0.027210976394562002,0.04196047620394413,0.013064183978082395
197,8,0.03565492895114383,0.02582712536455377,0.010845561482933917,0.027476274487778424,-0.006072205559430819,0.0023332750267070833
197,9,0.05661515922231354,0.015853042307514876,0.03714697284208068,-0.002890527025037257,0.007412583074886999,0.035982707613418805
197,10,0.020157068355224888,0.0066886988071240775,0.028626079533516296,0.02329889436766041,0.04712726524274741,0.0073494406052385785
198,1,0.04279359393083941,-0.0005786469091689816,0.050291971722634166,0.03743522253151171,-0.010335227867270766,0.008192508729061144
198,2,0.04106804888035582,0.04658482379937181,0.018938449813819588,0.015356560468407384,0.030908681413123307,0.024262731468436004
198,3,0.022507547212364736,0.014231752615737947,0.01091329159816353,0.0050340850963278855,0.024371054507479267,0.029809562377764182
198,4,0.03163320486279401,0.027548785288424096,0.02177204190902825,0.005830128540343511,0.03780450825668215,0.03500854573534978
198,5,0.017368588621092487,0.01740018897742312,0.020111329221027995,0.040964873928602506,-0.0008250683948721331,0.012684589381803519
198,6,0.04467220911381303,0.0323841724300851,0.013859779935727096,0.01338646710294212,0.024950437213814236,0.01016655135509824
198,7,0.04248453556038936,0.02849126569996627,0.014829772108553371,0.02589497898597327,0.023956735160238923,0.008053184836946569
198,8,0.027230303466752887,0.020398228162406273,0.026747691022680296,0.03866351575496975,0.028578023721034473,-0.004187651483589985
198,9,0.0007600194573481557,0.029209510680845728,0.040519178428944265,0.023590603422187027,0.047898916659806764,0.02207496802552876
198,10,0.03255003567149481,0.03333061798111334,0.050376893188609065,0.022144405912010907,0.010517450294027335,0.007980785736465785
199,1,0.016805476719457313,0.03634633564543816,0.031543815643095004,0.016816572463672404,0.02810831738978431,0.06461446412002005
199,2,0.007688432133036435,-0.00997907355298347,0.0037951194431688983,0.008631136149460563,0.011389530713510728,0.027549067251370688
199,3,0.021717731605640434,0.011514148326713854,0.003425442035327991,0.03331579053585322,0.006951157783668834,0.023596590637142277
199,4,0.01993425875955145,0.017891123278332942,-0.005663158389432293,0.019266788297831332,0.026820664740858226,0.022528116641571613
199,5,0.03570229302459607,0.014425965510435556,0.02313087390817086,-0.010107396546896961,0.03939463103749676,0.01886211756287308
199,6,0.022174384810382364,0.018891962861656748,0.0077272734394974,0.029200909613817844,0.019325801843886537,0.037440721335047306
199,7,0.023484890588582857,0.02166497547263989,0.023947800320498317,0.04756943780564168,0.008251834246361398,0.025822499815976428
199,8,0.008638301127109702,0.015681618650834218,0.006974680371173131,0.031784245960536264,0.03486609761467294,0.036125195924827234
199,9,0.016766943056216004,0.005814017963400006,0.01990676450555574,0.015660627614688442,0.016575105799420547,0.04206057598246537
199,10,0.028769215996373932,0.022257274201869164,0.01570979887874429,0.03239658713426771,0.034980981964294305,0.01030645622739277
200,1,0.009752412985047565,0.018024117307129852,0.008665097814334907,-0.011396011762806128,0.03924527831763345,0.01738020996758494
200,2,0.003928617995411467,0.019160450480294324,0.04836453030738709,0.017993321934075147,0.03515624429096272,0.010976114845140533
200,3,0.02112217060848502,0.027495099616828427,0.03270540717559111,0.009914356779784124,0.028778428691789842,0.01475753514690541
200,4,0.0010611982858472584,0.03336824829145874,0.018955478564452732,0.04373880956994476,0.024015949546061933,0.020049081590750643
200,5,0.03275519173412688,0.006381880047887165,0.00837171436195317,0.030284458360920915,0.03705535743158118,0.014859731931653401
200,6,0.02903989464057239,0.023967811271062796,0.0060810099711381535,0.01562799612679381,0.01356769779477075,0.038709454821162406
200,7,0.03482121042072542,0.03356221407172196,0.033787122915272895,0.01623815443848512,0.02332478275465011,0.03661415198710993
200,8,-0.004053145692392792,0.03604483339088492,0.004654627083300365,0.02756649729786198,0.04116614498390318,0.029215619391068308
200,9,0.019790497351939766,0.018613200745994065,0.01777904179970903,0.015601177723262145,0.04964069474160286,0.02505492125764641
200,10,0.02967341877263585,0.02165719414506315,0.01937434735409741,0.023194572779942836,0.0065920796163333574,0.0358292914136727
201,1,0.16886675149403466,0.17104239199543997,0.13646257363819958,0.19420420137721625,0.16301923093869755,0.13317297332476008
201,2,0.14160100445765567,0.1423628792606435,0.10448346765166447,0.15197697709958444,0.16291280075478773,0.10215310124464247
201,3,0.1855489640141232,0.14816374314102504,0.15677174290825618,0.13554516714345144,0.12772022280059497,0.10795741241078832
201,4,0.1472409067643125,0.13596824147540074,0.1248355270274579,0.1821444425005517,0.12146635856089577,0.11212469198705642
201,5,0.17058107443205917,0.15650762005709623,0.12232188561236663,0.16849324600432125,0.12915785582767797,0.1306710147372371
201,6,0.19309745070019022,0.14863809293933153,0.17150498240446496,0.1990775257941064,0.13319517681102558,0.11495166356655154
201,7,0.18681889110993447,0.15532976114147276,0.1413013122403348,0.15057280895167102,0.11065153206114707,0.10499818398421658
201,8,0.19267931442633893,0.15782361602292364,0.1460855563242084,0.14927344461595987,0.12114301613402612,0.11971672030684034
201,9,0.1789622768023925,0.13886529016635035,0.11215850316883244,0.14058243090411654,0.13860023328827553,0.12716444313158412
201,10,0.17660044575267497,0.113288400994458,0.12237914344412,0.16322467224696935,0.10509575001841365,0.09861007488635093
202,1,0.024816799973228675,0.029764829947836875,0.03138906736216448,0.04501488469904843,0.02232443109275144,0.06194803498668417
202,2,0.04771727683570869,0.04484776095675897,0.03303008302212486,0.03442891066373081,0.010911036827868217,0.04982352719338006
202,3,0.05062680279488743,0.03901272471216252,0.0601490918365362,0.04152952324792401,-0.0040421473699792975,0.04721367337003184
202,4,0.015831418807828398,0.027556144713908968,0.045932283988417213,0.008542889870149938,0.03752115120250014,0.07451025450490108
202,5,0.04278892629173275,0.03598343194901849,0.060085282113916484,0.056532588493280335,0.03042127003683511,0.030450682461749416
202,6,0.044869995016808766,0.040681763645370295,0.041024434028832234,0.04081938469360177,0.03285834168779852,0.04632891216347132
202,7,0.04345403068896657,0.042485812457933106,0.03877027109443851,0.005885160210203079,0.025037093670192155,0.03313319379446819
202,8,0.006499006745356008,-0.003097820922177769,0.03033393274865101,0.04111473477539667,-0.01646146938617271,0.03567555621614733
202,9,0.022246747604420473,0.01444580374260962,0.04638559773097707,0.027570387829433073,0.043529288529859975,0.035144700548736175
202,10,-0.0018769064367754227,0.019742321630086226,0.0018700909629652022,0.01178034640245472,0.04520516442905654,0.048541577625716585
203,1,0.02956692109451958,0.04176959594043939,0.0296646681539322,0.0473871127597779,0.05047873546074395,0.02293149009597357
203,2,0.018123108417765287,0.03427787750572923,0.012751014423542734,0.024225771206432847,0.058217802089917094,0.05150496067010152
203,3,0.017011088626909903,0.007643826310380994,0.013140251072882051,0.014204417188261629,0.027837675567806152,0.01913369257912646
203,4,0.029561137993635862,0.05057689214403732,0.0681086298588635,0.03821201275091684,0.03757426575374653,0.033146240944423574
203,5,-0.008032143917291812,0.029943921521358288,0.03030336982919948,0.03238734806114343,0.037195427702636515,0.051901065816620115
203,6,0.04021468964995358,0.036920145781065485,0.036230277551657655,0.014675671025041274,0.025277834506369397,0.027409779995709063
203,7,0.007789513598576147,0.020371992713440173,0.026234680488193475,0.03455684077388316,0.05443811276333025,0.015824202135908662
203,8,0.02529481047283971,0.029228007415766272,0.051711568297768386,0.027172729535764446,0.025283263327876476,0.04819237600386642
203,9,0.0216103059524786,0.03349516861350985,0.015371441122361692,0.026250876327934086,0.03845734761150976,0.03795451041721383
203,10,0.022095174336433723,0.024713658339723086,0.022487879855277344,0.027198809478873244,0.018412031694732284,0.01700053596580965
204,1,0.04443185888174316,0.02606792745129336,0.02238785252162829,0.024484699207056294,0.03715515291822324,0.018892314549288896
204,2,0.012086414380268482,0.04155569711139474,0.029547004420897194,0.017283976140733834,0.011694110859819825,0.04808405030893189
204,3,0.021456339202347244,0.009783584929797973,0.03560150154985601,0.021296146711215068,0.02481445468377189,0.031272989858089906
204,4,0.018090916653960742,0.041183746184225455,0.0288136487753094,0.008180643634605314,0.04231066234815103,0.013786738190129853
204,5,0.022321106222953423,0.05068682846711081,0.022474565982799417,0.012929391930772837,0.03711261794067203,0.02326863613794086
204,6,0.03891435152516313,0.018825007112803813,0.02574151787207662,0.028379661928375752,0.006758500108041135,0.0563278706131432
204,7,-0.015335334097385899,0.02493767544092721,0.03708485794320367,0.021768075724928414,0.041427694275694454,0.05822023046708189
204,8,0.031021985160291074,0.0349401307442217,0.04222737251020075,0.015262549502238366,-0.005157998798928676,0.02169146325816038
204,9,0.03730355969877927,0.02916024857175128,0.05147318145732745,0.03920977348591712,0.012172020873674532,0.01970616144691727
204,10,0.02612544487063228,0.013839290521296928,0.05192034519010577,0.012864394436288153,0.019031714187249287,0.025852774940920545
205,1,0.026806059483511658,0.02434965384215901,0.022277969842439158,0.03573957780559978,0.02403597881349586,0.026984313015017112
205,2,0.032329378669052944,0.029888924616139435,-0.0041598584038099245,0.013080765794792035,0.0359868025235859,0.021861527935654886
205,3,0.053378902421428245,0.026692836929918754,0.01075055848100462,0.005910317990192978,0.013043743240686554,0.01894449927928432
205,4,0.036325866233437504,0.015734838131555427,0.03531552216667684,0.052515523445934416,0.029290826805707684,0.014019665114225721
205,5,0.016450301399013604,0.04225623145469536,0.03925818589731415,0.03532166617817905,0.023235925925005795,0.028382696273424414
205,6,0.019486067422200697,0.03280645260836926,0.030894114849336306,0.03807171806470519,0.015044867487238323,0.027293024671119118
205,7,0.027440555357430424,0.027808111254724804,0.016979714726318505,0.015953219506016653,0.001241707494515595,0.036488414227236594
205,8,0.033660058938386646,0.028998599839806488,0.015738487308960776,0.02980807701749318,0.038628893878416753,0.02386783832484408
205,9,0.0385771586701786,0.022404579096702567,0.00778659131096633,0.023578023602410184,0.024177235632663892,0.00925192112963419
205,10,0.009304889671873309,0.01737235904400149,0.019636220036440766,0.0338855879506261,-0.007464923201675242,0.012886275319665517
206,1,0.04566010108080451,0.016817425154352392,0.01994780440676405,0.03213514558513382,0.03069351867546393,0.03216131973374118
206,2,0.04273519159084796,0.006208982417664025,0.03433575571185858,0.03100331294532796,0.015976916258517587,0.01820987772589301
206,3,0.018978432571737414,0.02957117498607013,0.04053853847628504,0.03871300455296095,0.025102299054057923,0.01190438342394326
206,4,0.041074126873194935,0.06105537051896732,0.01666415748687207,0.032872918007346257,0.01917854870768809,0.055100122670600916
206,5,0.01572559050283176,0.022976156395711475,0.04833180332923412,0.03657833837883396,0.026729591940954603,0.03662816759869815
206,6,0.015204622127623106,0.05349663896855797,0.00943221580896187,0.021734214768194156,0.0386526352058255,0.014650443688475758
206,7,-0.007781160068360398,0.02903509215704692,0.05646687868554164,0.023203021339357845,0.027095132115917978,0.03750051873533297
206,8,0.04831462885060244,0.021713194796845088,0.04081143185143453,0.0037715503809004503,0.024796666464261572,0.03179242718846497
206,9,0.033954335100668094,0.045974024814308796,0.02551285892323785,0.02853839025855617,0.02223863954054608,0.029219659497163448
206,10,0.033389949579626,-0.0012363904914316503,0.02867032080120179,0.03258394455824735,0.05155709349344198,0.03221254266741599
207,1,0.04050764163623676,0.03610145145666521,0.04640655416290202,0.012640640605306348,0.03909884645944106,0.01541138435492764
207,2,0.0204383485339235,0.049913423609062126,0.04166559911729542,0.013436000916424223,0.012907909067940768,0.04418899311809808
207,3,0.017412937510722974,0.005998553916645914,0.037703322482843436,0.028640575419743054,0.021352062908837496,0.027022742733569968
207,4,0.03122719260419195,0.008663239317052974,0.03895660569319204,0.026647987423021612,0.020006944980481348,0.025140977762978422
207,5,0.02881475458909185,0.02670168555899889,0.04177365787236899,0.02570199608205759,0.04363770910495421,0.030809383968529367
207,6,0.005849505758903198,0.040479142749909956,0.012744524053861167,0.024512003161951033,0.03553112901486313,0.0008057364546095887
207,7,0.006365195253634021,0.014775292524036754,0.03272687030560391,0.01565052371759006,0.029585716536160073,0.010860777829824772
207,8,0.015056059509410281,0.0057327022573612565,0.03947294479630167,0.018623626823729426,0.005277092375059295,0.026809864558794694
207,9,0.04044450330997892,0.01943634956117096,0.04843599633207151,0.018428888044713616,0.034130345573911175,0.0240354554932325
207,10,0.016603263226783717,0.026793983691721746,0.031145781157122455,0.020502611953950107,0.03238649233682788,0.0218501975639448
208,1,0.01626312951909526,-0.005607992886541462,0.02025083649549501,-0.011749732807849989,0.01704969546920222,-0.0014380011380175901
208,2,0.018693250494989537,0.007655286675523558,0.03426712422164256,0.021789308784367203,0.016117091027939567,0.015871659858175468
208,3,0.009260783895176615,-0.008901673896516128,0.01400791522546663,0.00607259468151834,0.03683300366223184,0.017025943207731608
208,4,0.023792933590326828,0.012676270161121463,0.0077711020571718985,0.007994806982564565,0.020125379679478535,0.013741306405928121
208,5,0.014783411405948308,0.012943324672651798,-0.016955273358296635,0.020278982355823517,0.017889992920993688,0.00956829779863796
208,6,0.03421832776936857,0.013085280453417773,0.027180210154903812,-0.005391408613609658,-0.009987470920902885,0.009488885612383776
208,7,-0.00797712495774678,0.01719237455249855,0.002444627752471208,-0.007967494486684771,0.02571400161266887,0.01736481430859093
208,8,0.011085247703433087,-0.0026390117721552305,0.025834952804846587,0.011297076100225732,-0.0029156875540607883,0.026173200344744223
208,9,0.008666300254758397,0.021200820392787745,0.047581339196482636,0.030612653006785357,0.011851638294810424,0.00951714710488253
208,10,0.042114678305176734,0.027764946229709257,0.015324127497844819,0.034608817998532264,-0.010737696343412203,0.013172237990723647
209,1,0.03461778121751929,0.04055560383070508,0.015082869710121315,0.016243196180905587,0.04694742243493136,0.005749788530510589
209,2,0.04944955025389506,0.052489894974073394,0.05087650476586004,0.004474253468721633,0.018082566181792534,0.04148046439651149
209,3,0.041082791961962094,0.039810155894879816,0.03569262019732625,0.031632092449412424,0.03059938794523958,0.030363938869486518
209,4,0.04301391213285885,0.03448451874474963,0.04870060784507387,0.04224178865716561,0.02699537998297731,0.018894042774395464
209,5,0.030608974792748447,0.037785340303790035,0.021473071157130215,0.03049906531708926,0.04577720749856923,0.011028968854416664
209,6,0.041531753260210955,0.042246876182391896,0.029494546832196933,0.03709553795638431,0.015363751422689368,0.040464351534194684
209,7,0.035478263389965035,0.0474162084421943,0.01883249425123843,0.02984417904582942,0.03931907167272505,0.028021450575962618
209,8,0.01752959752408502,0.047459589350165185,0.016283090494331645,0.0293406730851967,0.029441968935382947,0.010213631428117799
209,9,0.03365857604511623,0.06328428440683584,0.043644858439989005,0.03208132166212605,0.03824632300009116,0.022975513831810263
209,10,0.030550937282111626,0.04595327937815534,0.017388874611308773,0.018011920726223377,0.025973721762690617,0.010730203406051872
210,1,0.0638295723544906,0.025678976211833845,0.07087064347754231,0.012762403814874318,0.03726391717224168,0.049622380789381026
210,2,0.05592827594768127,0.040804087526408364,0.041898141816337275,0.05191558392944775,0.01753602561535946,0.04916530590866298
210,3,0.07034085363830103,0.05683436913307219,0.03950502113319681,0.059828244481629426,0.04434319655828562,0.049789474727322765
210,4,0.030477928635565775,0.0496452628963366,0.014395832581010808,0.04199372091892761,0.027420573900400844,0.04103657514849846
210,5,0.032181554272984296,0.03870555514062728,0.041667852018970275,0.04213572328158599,0.05477479079695779,0.04988880628239711
210,6,0.0357586460538308,0.05204764943531079,0.026222803020435444,0.026762056810349308,0.04782353095146061,0.03986605231075157
210,7,0.04832779588790058,0.03721687339660683,0.03942617919282393,0.039704773440236124,0.027862070731670817,0.04176507524743561
210,8,0.053879265324861696,0.07378509726886529,0.05192875830493248,0.02402094971770306,0.02455495173627341,0.06736659248582919
210,9,0.056607199849478984,0.026448632438339413,0.016092096992185126,0.04925249949433664,0.04948607141228236,0.04830400756341198
210,10,0.03122052779281379,0.04178092949742486,0.03687116777624337,0.034396605543993604,0.03582213088701069,0.05301714788141045
211,1,0.018765728059778254,0.06816107586011043,0.042271436624738805,0.05380919237504067,0.06157792182238673,0.06658728301189351
211,2,0.022002968003951753,0.03773678699680582,0.06333536411117142,0.020531656828434414,0.041053283710730686,0.03272348302142826
211,3,0.03439229454873498,0.033166710125294326,0.04660202236928431,0.03995087658482041,0.06860134218345122,0.05871096983264268
211,4,0.017151422420785538,0.037108673609145396,0.04303588819194804,0.055909612435729616,0.04480227286370242,0.0317827686138388
211,5,0.05943365730556766,0.02509998833957452,0.07244913770723513,0.022372680503876377,0.056917212071825735,0.07150744473615145
211,6,0.02252691789327088,0.04302657207818487,0.049206470276714674,0.03662905628863505,0.03876318644730732,0.06827166105088121
211,7,0.04173033852915844,0.014785663896499513,0.0544988583578641,0.036100663303489634,0.044047920690390124,0.062199095957272556
211,8,0.006585514454207562,0.05155147656412018,0.047350795350564405,0.03473118882044278,0.056305202442546914,0.06568040625183627
211,9,0.03734367621367736,0.054274529087691384,0.05481869850070277,0.030867349561312967,0.03837260544684884,0.05161755662247425
211,10,0.0371411738753062,0.03104458913462693,0.04145645771860074,0.048313890421113774,0.038028393063243716,0.047056634228283906
212,1,0.08770643961579988,0.0689244097296117,0.11130197216051488,0.08524840619501817,0.07611858886504122,0.09450226985660565
212,2,0.07235344848887248,0.06785493101522683,0.09899501445428899,0.04647496203218414,0.06341999728349669,0.06608193675884477
212,3,0.08261269212117123,0.0821868826562433,0.16481631157078347,0.06067882528910607,0.06613286635894783,0.0911727872996335
212,4,0.10378013772965854,0.07251943638656942,0.08787804831339538,0.0705739463061651,0.042097174327125994,0.12015480690536921
212,5,0.03695287249981821,0.07893062459169037,0.06987467787453505,0.050439907801621935,0.08646394541257052,0.09057239887348335
212,6,0.05224311845663984,0.059963775015590005,0.068429146057984,0.07915321619736587,0.0726890281357999,0.08444278347512625
212,7,0.05069818101166907,0.0646593224133304,0.06739551426605667,0.05360817940739219,0.08110381927261287,0.07806988979631484
212,8,0.08942113195013204,0.05329902645860645,0.049492681782308104,0.06804237366897252,0.07674525553540329,0.08234313626747344
212,9,0.061477335435123195,0.04585098960150337,0.07211594240751898,0.06373090236210764,0.06093247170672363,0.06348873632358545
212,10,0.05191872100765612,0.04968401960573995,0.06686043187634359,0.07615914965351811,0.04386880837287613,0.10333458319051642
213,1,0.006772550960503997,0.015303792790105205,0.021755679853582656,0.034682225622084256,0.045771188379865844,0.03714922666105498
213,2,0.008138260567919905,0.02629533521311814,0.018827814125996038,0.017530969742290573,0.03428089771477857,0.023532911823897988
213,3,0.012402212611731111,0.012301189200665046,0.0334317809195615,0.02066438290323365,0.024974265354873966,0.027078353347946622
213,4,-0.010710731246690428,0.025003694659793716,0.0004541602407945726,-0.006678160664923232,0.010463518364288405,0.02616981907041966
213,5,-0.012540480879549964,0.03957380480476825,-0.0038998411295717763,-0.0030654021816799142,0.025020029211868685,0.043495529590457306
213,6,0.009891206747813285,0.0027816929544014395,0.03230226907366473,0.006666072918186682,0.010852685668974184,0.027300329747803036
213,7,0.017375625129584096,0.020630250781764496,0.020312733090565905,0.0031896153384118626,0.008379646960738391,0.021057724466412558
213,8,0.04215241402081826,0.04210347723179584,0.022526277408859985,0.0416209072909539,0.047083376385711855,0.022178066667228935
213,9,0.024365379300192475,0.007652983186133905,0.021696844392670847,0.02803936760504034,0.05321954695877705,0.026860099972099108
213,10,0.02041530335679728,0.01801658571613278,0.021290331820788065,0.0031836562728140144,0.014783728031481428,0.024888872178793257
214,1,0.02651957796329474,0.020831874383555233,0.04925318435211386,0.028594188674678923,0.02626458597042382,0.021494066037836098
214,2,0.06035683409106927,0.05970308382132792,0.06335734602954196,-0.003544410414220572,0.042738973935800825,0.055045797895197604
214,3,0.03076194404281528,0.05054431909068237,0.0527063605066736,0.040046356275849536,0.0425629917968826,0.014291597079153019
214,4,0.025887699678378617,0.02416965905251446,0.045040919424395816,0.02716927098097225,0.026109672232424858,0.04394178147653497
214,5,0.03367516301739095,0.043037021976642324,0.06424880513430868,0.037246803146772596,0.018035344429059286,0.04108687995288252
214,6,0.018423427821062616,0.04379541640590201,0.041847372736376696,-0.0005174651204912955,0.028674929539318602,0.018326650383698587
214,7,0.034830156797268766,0.023193693400582933,0.03704757115535055,0.021903259904629182,-0.028375088565193857,0.012836148476974438
214,8,0.040674554442132145,0.05074352723146271,0.03726193429007474,-0.011907125088912344,0.002100485596961493,0.02115631565750046
214,9,0.029806253887981166,0.042876477788163184,0.02554748264544341,0.0008212555255354889,0.030813609850735134,0.017596326585757355
214,10,0.031173775827596163,0.03249549024044404,0.05326395566047276,-0.01319453872561482,0.005723988113517145,0.05164859563747853
215,1,0.03545550840658919,0.03680486113041724,0.04765936646201688,0.01941127721342133,0.013835020004118435,0.013825059857619539
215,2,0.02600281898483601,0.009148915078690596,0.047522017485542696,0.008469774765858903,0.026975648130698596,0.024691315201645983
215,3,0.04179191139141206,-0.014981179884626269,0.03359791262566826,0.023380317564914606,0.011949635928122503,0.03413933702926677
215,4,0.00955869746685848,0.038056274214732205,0.03659834214579973,0.0383280651096277,0.02352724177718954,0.012916697916228414
215,5,0.0009746207683404986,0.0001756160852279536,0.02651415705232566,0.02069244185340146,0.018000007870365053,0.035455300574874914
215,6,0.03064907010682024,0.025637048164650785,0.006796264191619346,0.0037143873270226034,0.02015205843808892,0.03914141545054887
215,7,0.014652183383519368,0.018828696489000717,0.006941283052343164,0.027282047073563243,0.008264679134803918,0.012926470277865719
215,8,0.03347396394976634,0.04815258944953824,0.028592782644592404,0.036035069639081554,0.05569216213451884,0.03338801474377428
215,9,0.02724014586996836,0.02099534142977869,0.034553807742570636,0.01741689419918102,0.029399826824524907,0.0015429162362061253
215,10,0.009065792383493818,0.06097606738140027,0.017935094333595532,-0.011341118670126342,0.013096946840192665,0.02750574431703661
216,1,0.015907374754626828,0.024354329884832663,-0.0035735301747370487,0.009433514397364642,0.05238248841153531,0.02264735108693177
216,2,0.018449544561842723,0.02590438604167244,0.0047864244825429735,0.021562065780949918,0.024291738999176946,0.03953249081145942
216,3,0.03263125694413448,0.024475504180295437,0.019598950722454208,0.010207404195783473,0.013766632045510032,0.04143194209298702
216,4,0.005951884585203864,-0.005354872499796624,0.047381449740519894,0.010517967460602906,0.019049519497184173,0.0319014264418366
216,5,0.031695124109043876,0.009516798710256855,0.0080923697740446,0.023648773772665433,0.04466085842308878,0.03947103503366768
216,6,0.029926974251048687,0.011600862097504487,0.0355638746013094,-0.005693035963335183,0.0180177043928372,0.037229831408683536
216,7,0.013770246393363827,0.028162160256660566,-0.0019263874024969133,0.010210625132303905,0.02333044441073652,0.03827229025635875
216,8,0.010899009279242002,0.04737761834884846,-0.0012589972472219558,0.017431929286752915,0.04753582406806481,0.03382894577803557
216,9,0.020398179908562374,0.013591912423899968,0.011931783143887814,0.016577777632587932,0.03770460617651527,0.012313800941862728
216,10,0.03911768280420674,0.006609215926853791,0.012900383182669178,0.013155493770106556,0.03388565521274624,0.010686399435343117
217,1,0.032392380126275086,0.03069421840170601,0.029558106551836164,0.01953003298484089,0.044807162593867446,0.03982136215369358
217,2,0.03184436266535826,0.03905914087716123,0.028892442852864488,0.03593625243705221,0.04886476767674845,0.01813120480169252
217,3,0.04220972448626793,0.011613499885049653,-0.0070538489435885915,0.04185261178989512,0.044823209804465,0.053099566791329295
217,4,0.03016905017731392,0.004088166597196246,-0.006911448138471193,0.04306353235082485,0.05090681160804863,0.03390723603705759
217,5,0.02737686554804901,0.05304223024563677,0.008019229915163906,0.04125293525052962,0.04139280610992284,0.03270296781323172
217,6,0.03714222517343903,0.03864026229782662,0.037742055033154316,0.03219986949155054,0.03564530623347738,0.03263405840742059
217,7,-0.002624833738353412,0.005402761336499249,-0.0017556084063286256,0.03171861247471709,0.033335846816260346,0.01317060098198157
217,8,0.01718405584501369,0.0362701835043864,0.024432023954982098,0.04360900020525639,0.02929128496891252,0.01895647325047288
217,9,0.04906129054350679,0.041375706964477885,0.037025503671792526,0.027829761965903376,0.05053583970764349,0.02378732939479131
217,10,0.06864494816575134,0.05431444652118142,0.01589434378972942,0.05268694164357955,0.028985498935029278,0.028496293690929434
218,1,-0.01814895950045952,0.018855468373589656,0.03146174592301477,-0.005385751212749071,0.008618523007955669,0.04142359242313398
218,2,0.024369009905057488,-0.0034247128478972527,0.0070585661532087925,0.02761543124440029,0.026215058880035853,0.016755261519727952
218,3,0.005044637617294398,0.026598695401876343,0.028322436831603983,0.006558400035579357,-0.012964767617711571,0.03211077834481668
218,4,0.013531396257886559,0.03801292367209269,0.024206637134160457,-0.005235142791874908,0.01004886513885595,0.021947954390757755
218,5,0.005042753189307787,0.011036307536937538,-0.010658161090463317,0.02040765365122874,0.04521433657657966,0.0384651730665395
218,6,0.02260402306269552,0.009668659922552317,0.004953484360988778,0.0334717336322057,0.02977236584300702,0.009790244545582888
218,7,0.012151115983573489,0.029716570494923936,0.02580781357215865,0.02828482330711389,0.02055424488330243,0.031178536180458478
218,8,0.014983351414964706,0.011756789129354175,0.008933277310309653,0.003455161254234247,-0.007241718816706676,0.009829114664801363
218,9,-0.003207744953437569,0.004727254048730072,0.03739918291600353,0.04016858024928321,-0.012920984805793286,0.02291327725819945
218,10,0.03303117533105464,0.0013519154888494448,0.00809605773181952,0.03419596907258385,-0.0012459647989018906,0.04252242225361115
219,1,-0.0032608457157480312,0.046336752640089976,0.02305838217943056,0.008073842678277314,0.01419991534155436,0.03042215416848642
219,2,0.011172375895350271,0.02175440881768121,0.034199209157528714,0.010496286751497278,0.027312387705649074,0.03552789240201646
219,3,0.04388765449921044,0.0038098176864994537,0.014992704860324004,0.017969589119595602,0.015994535805928762,0.02582596618305631
219,4,0.035785285628318814,-0.014911274308378877,0.017895715090387742,0.01472880810389871,0.0038625995006816823,0.03175528973898975
219,5,0.04319100662016789,0.048078767906815055,0.0001949285519133775,0.003582386619968971,0.0041992045191672975,0.03993834688710182
219,6,0.0411553014189019,0.039174592343047945,0.03122657498928799,0.021887895976770152,0.031141442015545195,0.029826860289505097
219,7,0.02258802752762995,0.015852996108658115,0.03470881056450829,0.017073790198836186,-0.03180704261723765,0.024572356404634354
219,8,0.030994829880678833,0.0011658302207299329,0.03576902148546721,0.029546210720863733,0.016811914900450906,0.03287417089815489
219,9,0.04188041387954828,0.016283095149074136,-0.000689191545187595,0.013784783374162606,-0.0036962490537822273,0.008104294060500235
219,10,0.016137644592508854,0.004142175319384603,0.0012134733621692944,0.01195781340426333,0.024983873338484584,0.021924632097235535
220,1,0.014059643517732921,0.004658732397274692,0.006692593780836102,0.008615274962621352,0.016231791806096917,0.007125172869053985
220,2,-0.01838610128171307,0.005920365996117843,-0.00861405910313651,-0.015163187569506159,0.014777343399802094,0.030326600890389865
220,3,0.008036463093436226,0.025332992857913652,-0.007199412243808457,0.01464021371120759,0.015821724039584255,-0.003507784733373546
220,4,0.03323588074678861,0.017638756553305747,0.023747854778320497,0.008142141690982251,0.014370765021196191,-0.011787026814457896
220,5,0.0075098267738692645,0.0046372064864339795,0.011195542910919915,-0.02623568483092973,-0.00048431688982181366,0.0019132450542111025
220,6,-0.009764506218706306,-0.004333995248178243,-0.002633482091722291,-0.007267369166911242,-0.012927468453961017,0.0018103822634949833
220,7,0.005532617298008383,-0.00484811542413928,-0.015470096805347335,0.022048592266901944,0.013280300224964393,0.006174743610503362
220,8,-0.005880378187162561,0.02673159301573878,-0.0034706694959590946,0.018251366383403033,-0.018134768137538722,0.007977412678034212
220,9,-0.0015845987245693346,-0.03357184893332633,-0.010242423930610855,-0.002375864206608404,-0.013241354750844531,0.02756263492334786
220,10,0.0069953397115023195,0.016953533832225746,0.012897600829534164,-0.020153858156406856,0.02216475038164129,-0.0005055885344053303
221,1,0.154019455599953,0.1402213598753732,0.10708625449932,0.16138924779575736,0.15056710407648904,0.1347267428146863
221,2,0.144059140399386,0.09485014946260159,0.12194668351830328,0.15391491671945784,0.1271832075647235,0.1352449077159403
221,3,0.08992319370215149,0.07621242043863358,0.10090515456328397,0.14310141661008635,0.12178341090889347,0.11407633623707712
221,4,0.11921201930436111,0.08658247088428193,0.08351111578346875,0.10990174688994511,0.08436033389694436,0.12358967582430098
221,5,0.1204719612026125,0.1129299500369551,0.09706414136796426,0.1106802601712793,0.10069250426354079,0.11283461813156888
221,6,0.10330575073953727,0.07763995119052015,0.08177891702823048,0.08951658704485622,0.08108002444513833,0.10030178345789023
221,7,0.09827167324268489,0.06510608029892274,0.08183908550038677,0.12120285075519441,0.1090243292421914,0.09084696149918409
221,8,0.08813655591152605,0.08272699824862356,0.11486257894452498,0.08521819332293704,0.0759043234391325,0.10187291201521004
221,9,0.10145221186835954,0.06737816798329604,0.12682319268553272,0.0889847787631446,0.08592749607436698,0.11638606847791033
221,10,0.06539262122343006,0.05467955316433372,0.09340837001581624,0.10785553979442415,0.06553862274004857,0.10707090775866475
222,1,0.005579262370510652,0.03694969125645036,0.0009620363983981161,0.004023704517620736,0.035484477323584104,0.008580427692769411
222,2,-0.002061783619674447,0.029529817996104022,0.011968051279168225,0.05300835542710576,0.021817840389448014,0.04342279883975882
222,3,0.011622450607382342,0.02102852142881773,0.020601444505869697,0.003965314204873524,0.03767514790406347,0.026553650592345362
222,4,-0.006334901045853501,0.009732373592230495,0.00069450430429865,0.0376301410388659,0.0010379205396861889,0.029379253997556528
222,5,0.018591331637524713,-0.0010837283570419324,0.033873473341711806,0.025607619406568506,0.018643087192473685,0.01258345564671426
222,6,0.012681655709180138,0.011260610732308912,0.012241937055980926,0.03266007778203973,0.01519345275604182,0.04849894722264388
222,7,0.007727350964860509,0.001570773720768562,-0.002957382826299801,0.019817056774188123,0.042996167286143035,0.048433414329327476
222,8,-0.004339056161626473,0.013253273371132038,0.024899493400577403,0.02395442046170694,0.04617343697229336,0.0018177008999047907
222,9,-0.013928468859080249,0.007981108313298315,-0.00484042977967062,0.024398779263558837,0.018421858164491045,0.02249617639770504
222,10,0.01926298289128995,-0.012119224908022181,0.032365662282994576,0.023802690642199212,0.0269614501053356,0.019104119089135403
223,1,0.045028799453543766,0.01154494687184333,0.04667028702592316,0.01293101874818765,-0.012207680704554582,0.04053717851000729
223,2,0.02793925646519048,0.051972350237832164,0.04411123275138566,0.0017055373825014012,0.018469470362286317,-0.004339195837257477
223,3,0.019541389580827854,0.018955456103529687,0.05464566467135112,0.04133798857210529,0.049420184306034856,0.05681518278198547
223,4,0.025870216278202268,0.011149265648589346,0.04905126082133034,0.02440556111016343,0.035928427821827626,0.01805939921035396
223,5,0.012288298724434484,0.017375758334416208,0.03653557928693285,0.002196737147003701,0.022340934384935077,0.048761790467494015
223,6,0.01256174578558983,0.029950014653599793,0.0399087244780814,0.027632734077573225,0.019477550783859498,0.034986457522207345
223,7,0.04403643489480299,0.02945446393092086,0.03011358888537265,-0.025116659497022673,0.029089655312105247,0.04060903321137294
223,8,0.027058306585358287,0.03609726831606822,0.047437453777197734,0.020224085545591634,0.019989034872849424,0.013516339775835974
223,9,0.013504228502128712,0.017499703324697375,0.029004717878268627,0.013899719307231781,0.035194296400542086,0.047017744798921055
223,10,0.03242706354729733,0.015528933588250464,0.016279342811169564,0.03652211275993905,0.013516113745216328,0.04357793023206865
224,1,0.015141665877577178,0.03723470837731001,0.04329975254142849,0.044001277085174095,0.023484050455971125,-0.002750178480328428
224,2,0.047146819990736256,0.039625632655706164,0.023091263593084214,0.014828941686731814,0.011163515607429406,0.0392240172370339
224,3,0.015620622742206129,0.047346444031597185,0.04666703622674841,-0.008447461608404448,0.024784297515254114,0.02733090225920647
224,4,0.02290104618343987,0.0196534457544025,0.0508239086442001,0.011959633458783004,0.019633718060082326,0.02033300226151147
224,5,0.00970908322859876,0.06769408459433765,0.009205716658119928,0.015324619395252558,0.03394750762633322,0.024310004085512683
224,6,0.03040764545072681,0.007383966429149387,0.013546805467792458,0.02891042523316514,0.03253934400894164,0.01027317371817312
224,7,0.01670226410709925,0.043530699390917554,0.02238655895618297,0.019759628617992492,0.017182633762481286,0.0249545196163218
224,8,0.034592849397566246,0.039308309524945816,0.016780701254889754,-0.0077112409133722045,0.04414111638584039,0.031538022266979535
224,9,0.03731832313088306,0.0368374169851513,0.04862816337686425,0.007665591697309749,0.03045870501481169,0.012795650351254082
224,10,0.009486550309177883,0.041395934491255476,0.04566305249853348,0.040036258791748505,0.030885287997017417,0.02488471365510681
225,1,0.02726930165842372,0.03974692801258141,0.03392468020329646,0.03287949326551592,0.03853063361398205,0.015456156852696277
225,2,0.017729739796667938,0.04242213721205473,0.02463667755375181,0.019110253782933184,0.07307682181314462,0.043460996786882436
225,3,0.0002041483114005929,0.008154436484272195,0.05295622517676505,0.033252812474542814,0.041799690777459216,0.03179295412644202
225,4,0.013509145907343222,0.027795789406132948,0.03940487592782758,0.03570792700117908,0.08434163259145064,0.031480816318802715
225,5,0.022024537918279734,0.028373241211765734,0.023149188119857427,0.01338236523418303,0.07185929063786028,0.02166240828188024
225,6,0.04294888412838781,0.021679873038413,0.016363814881104034,0.041748606035737955,0.04730900189941436,0.04507186805945395
225,7,0.02290577607845296,0.03692109150855494,0.020646729302435468,0.03645362683878245,0.03182387684836906,0.05117541154006184
225,8,0.010362867338985922,0.03165517629144828,0.03980695421915183,0.016634866282356078,0.0607435075628288,0.022894890420280027
225,9,0.037487553299324544,0.038449379861072566,0.028030272573636647,0.021060392831417557,0.046663936939448834,0.030200219830728667
225,10,-0.016229755511721712,0.015484395065599437,0.003742155227431141,0.01206842716003947,0.043835218500381835,0.0461003563419667
226,1,0.022822703426651072,0.0014506004625970414,0.01975012488964334,0.02352672857619063,0.008476873734649714,0.004031502208256507
226,2,-0.0061574838914126,0.014996328328879602,0.0016846550247615177,-0.013408325984757717,0.04112202449281029,0.025609201546038476
226,3,0.010431056082655828,-0.00453008142424396,0.00663434034675661,-0.0018629754640954131,0.001432055163907,0.032691319454110745
226,4,-0.0003681684612513034,0.027979139771349196,0.007610283159534971,-0.005379742411419399,0.015448189249899212,0.028580353988687923
226,5,0.01293682291388701,0.011188813881140345,0.03642056410548521,-0.003580055990644628,0.012915374383357752,-0.008040202571108641
226,6,0.0390139133856869,0.03887246605382806,0.015318870228455976,0.03976180370756485,-0.010371608714221617,0.01146162541905573
226,7,0.03626864915554905,0.02288728019731016,0.009648621045406943,0.026345769755888985,0.015760289030933655,0.01586709696518
226,8,0.018879910844115177,0.020156116244735667,0.02778420111952249,0.000553972479237813,0.014400008307164978,0.028034962624778358
226,9,0.017960711193954402,0.010824621722125213,9.187252736393135e-05,0.03965949167245824,0.027354584242513684,0.0099662288037293
226,10,0.00565591778756225,0.013418224115421845,0.008701761191328919,0.0368176295827089,-0.018304359638572607,-0.0033657370645518367
227,1,0.04647679860156207,0.02039359560001109,0.03560010251488993,0.02974534907432081,0.038742377635036324,0.02660261441299102
227,2,0.039334562864124296,0.028150293829454054,0.023372987465808435,0.03167040239802898,0.0034658581720376745,0.046005855031134295
227,3,0.05660290262716715,0.04041517995023934,0.018587184212369826,0.015199549913882084,0.03222194761801562,0.04020687630890078
227,4,0.03911326825734411,0.020400400778687062,0.03563998112774755,0.030898362187885345,0.022399702733680454,0.052970162814331
227,5,0.04281948530552267,0.033786439615350834,0.018052845042295707,0.05305211699846043,0.01811628886875655,0.02731271905913424
227,6,0.013311070892805437,0.019344126310321112,0.03121088758495189,0.04567042753921641,0.027974147515488733,0.029386080927808977
227,7,0.007514690787202175,0.03578171607938292,0.005817093153982125,0.02370414452732083,0.021791982827395362,0.02403424155079363
227,8,0.03989553784552287,0.039219795137939995,0.026602553096970856,-0.00638133117538018,0.02934202983756729,0.01002577202293719
227,9,0.039097238604939945,0.05259646227575535,0.022706586707384725,-0.006813893223757513,0.021556547996663362,0.010834841558559507
227,10,0.0018523226698313523,0.030420816432760473,0.01764505138029396,0.010606818649103832,0.020664231501544814,0.049078897943457774
228,1,0.031015915789978615,0.0590824249352434,0.01865279802384826,0.02155981600954494,0.03392542391946266,0.017834272328658755
228,2,0.021464020152310984,0.022002345225622402,0.0024660563445837347,-0.018988676647111985,0.010948743293866772,0.02522375737499082
228,3,0.006353529825720753,0.03199033126270765,0.01517854158432767,0.022791879403275882,-0.02816792316344235,-0.0019492748216746784
228,4,0.002752893339411839,0.01467518384202115,-0.014002986997304715,0.02572594094721584,0.01546048714323113,0.019903881276866462
228,5,0.049715109258511705,0.020584317840139227,0.012516874436976291,0.002790717815643215,-0.0014739299682477382,0.036284047594391695
228,6,0.03443142068360834,0.006104285103034432,0.034314335218699726,0.008188114887235346,0.0022172474424356327,-0.014456696254748108
228,7,0.016090681952853524,0.036407417863051364,0.05345951082920664,0.023127374322310223,-0.0006455436216613863,0.004303536658527264
228,8,0.014470283171351106,0.020304734704777762,0.010612584828603418,0.02060895333838468,-0.0007273029051503593,0.01816085385203444
228,9,0.031668642916202784,0.009443601774416069,0.017418290230101375,0.005174517425328258,0.018543417749991777,0.016374160780828383
228,10,0.03220095323628925,0.025023991532800768,0.0028684212358765114,0.0011035833730108804,0.02107858536631023,-0.004845607765462812
229,1,0.021020819391984656,-0.002891859646720604,0.009065044996728062,-0.0036052533356815443,0.01935889394680849,0.005977087339689521
229,2,0.028283395924630826,0.006351460346781407,0.009608340257630138,0.011504265485486621,0.011434343669423863,0.013275486945690135
229,3,0.010292656802614564,0.0012069117215239974,0.010187619158291117,0.017154203411726195,0.02952558077408975,0.02550351426333405
229,4,0.0036281486910239606,-0.0024895989377143727,0.012194029226466587,0.006936202003408422,0.018503118001042013,0.02876217971031763
229,5,-0.005612649932442026,0.03666423894281771,0.04436646775770104,-0.026894995933719777,0.0215064065567894,0.023091703968940693
229,6,0.024409681721704157,0.011907279386482639,0.015941540736021123,0.00688797090413162,0.02959109932215377,0.005248451258618794
229,7,0.016396830263100473,0.0005163253679218762,0.001351968408247405,0.04080591444367598,0.010270971287242475,0.00562683560781461
229,8,-0.009799948990426197,-0.00514375559750327,0.013152370864349937,-0.004556002818762901,0.023557126740091867,0.0068978139105182286
229,9,0.008906892303139728,0.017496377904841827,0.016248817030861635,0.032133857080290935,0.002453692063862791,0.023648607185898292
229,10,0.012640342357176426,0.018648101567406847,-0.004541611549228912,0.010212820058668977,0.02395072580377931,0.020236971160500557
230,1,0.03181197128138723,0.0017669278306800473,0.049860963569971266,0.00544270276889028,0.006641337473676922,0.03467577817765123
230,2,0.027989609254954768,0.006414683302906009,0.006454688512149287,0.02251014222387975,0.004719665426604514,0.00696090710078524
230,3,0.006561561537322398,0.018328857108652095,0.01006603842275633,0.018382326692313097,0.0030444155446717716,-0.008525564623887177
230,4,0.02594603894818136,0.04879253504164069,0.031495307472512495,0.03827296590966131,-0.01457611593740754,0.014853475972151092
230,5,0.010945212702759884,0.03084430741254524,-0.0033695142228559634,0.039089887736068474,0.005596616399552047,0.03996997296111083
230,6,0.028577868418386977,0.034854693267612036,0.021839631838339688,0.01536536478180496,0.008752526792059385,0.00797506772607306
230,7,0.022575870892247024,0.0361405803228259,0.0207228693117671,-0.011947174288260538,0.021639855551411902,0.005534010914049175
230,8,0.024954423530874188,0.014325842645755475,0.02972118195724285,0.02286945249729553,0.012961217951727493,-0.014497318333291691
230,9,0.01773478457584095,0.02808333354185817,-0.0007805767291779561,-0.007437618295201208,0.009284402654713704,0.00862847838151567
230,10,0.032397011378129864,0.015851031505522573,0.02387529964004465,-0.0132833675848172,0.012148516121715183,-0.002890573389449845
231,1,0.03516013877231145,0.018904806387439306,0.014052069235425478,0.028968735302596815,0.007434817958542958,0.04648095714476524
231,2,0.047688835308575095,0.04792274262539054,0.028509640533432787,0.00567434619616276,0.03134077823585616,0.02011819901157255
231,3,0.03564750140812965,0.02764800089552548,0.0007373716880232246,0.021762534825851935,0.017368135286281557,0.05166267571303515
231,4,0.018493295773990375,0.030314673680785668,-0.001431650900147102,0.06186529480290837,0.039867968328753556,0.03378615470252999
231,5,0.0417056553229887,0.03326155482948831,0.04435318713481045,0.025646420547523675,0.021443597949683844,0.006669074317039348
231,6,0.014945844565227934,0.03366622552313947,0.04297345179758177,-0.008638076538578813,0.028850823808254798,0.011361306669565087
231,7,0.03218247858451359,0.034217297695604734,0.016833512296858758,0.020027595009479655,0.0245979520846384,-6.5278394512941555e-06
231,8,0.004289090670519972,0.015579027739577474,0.055875329185113176,0.0475262136434463,0.020397317352169844,0.013910204534770135
231,9,0.012066818464744203,0.040981648502566324,0.015975521015433453,0.03086218035559436,0.015740922967778643,0.009804460965552458
231,10,0.03372148822829776,0.025592169255036133,0.009579564319905413,0.006454561976400946,0.03462245161881448,0.05155179431095334
232,1,0.030607347244221168,0.041625506793900646,0.02047895518815324,-0.0033155490057753378,0.01594571692559635,0.026882955891350216
232,2,0.02100058812804459,0.011292385902019378,0.016163268122190006,0.038755136257915164,0.020219636302310398,0.013196187203449611
232,3,0.0028766545639347515,0.044369239706992594,0.009733498773017895,0.013646807492092608,0.011479725330945685,0.01919655224677625
232,4,0.014864689389367657,0.002964501444346425,0.015154062210445027,0.007079921697496444,0.012173285494114665,0.022235260306079283
232,5,0.006113212322813292,0.00546815792337504,0.017548363274138803,0.05518036424389776,0.023692659077715596,0.0387868436461111
232,6,0.008281474336346158,0.026669608478670337,0.024712194771217486,0.026211210644787406,0.038781920545708296,0.012063561700285006
232,7,0.04359858089420856,0.04097182530245871,0.02085968662050765,0.04466715907916182,0.0044944700985623705,0.04268543086866033
232,8,0.0532023791726557,0.0366024799332421,0.01377397674652358,0.00256358804757447,0.026304346168349573,0.003736542774000456
232,9,0.028009696137973508,-0.007066813054177493,0.029008931311643837,0.02960033104177808,0.011683071443576684,0.02159115607384267
232,10,0.009698723537735708,0.030757964976304505,0.023761019717344827,0.033725815125519365,0.016809237643727215,0.018316020099525158
233,1,0.03101426844016462,0.023451908634495977,0.02521070258783829,0.030372117932146902,0.027411632954829332,-0.017168229734406765
233,2,0.03198389113720339,0.025140948445315166,0.04762765406244102,0.004085117091184515,0.03487531420342109,0.030435647451359356
233,3,0.034645009045410874,0.015182619591624359,0.030521739307255335,0.020037898911671907,0.04596814509621732,0.05676014591070686
233,4,0.013649882947011726,0.02006782585108249,0.02295361751371167,0.0019135578373197675,0.03876478094965593,0.03526186883129
233,5,0.01372149434606486,0.024216855779803946,0.025990712212834003,0.023812156573257342,0.0398194459528099,0.021223948961888055
233,6,0.023062072499469517,0.023937951219531628,0.0323751569107698,0.011176549899968965,0.0302827503353061,0.009029072901316014
233,7,0.03385808402121525,0.026462698727295886,0.00013069964423378653,0.024373265442940762,0.023158214182434113,0.030064935301551833
233,8,0.03620555148213926,0.009369382078685111,0.048325425803674146,0.029546807078613256,0.02414558692565238,0.012509884827243248
233,9,0.02077971794098674,0.017039820404099966,0.0244897582716214,0.06299962839960137,0.010995995816324652,-0.0016240971922517299
233,10,0.033149395322868175,0.030332215724963085,0.03163593042060947,0.022705768231491428,0.013592742446867326,0.024432376700618992
234,1,0.0051787083102410834,-0.009785826821393144,0.009047617150148264,0.017169815268819996,0.011179425668925951,0.005380745852455981
234,2,0.015872832303900287,0.04162279641793523,0.013190355527879949,0.04836459969159394,0.010311094945679375,0.03764202291249347
234,3,0.011354033266309632,-0.0014197884036300707,0.006264545726559412,0.01941520746575752,-0.002588062468571331,0.026732624127683832
234,4,-0.005301014731076375,0.003438220699287949,0.009265944647475079,-0.01942263036560383,0.029141150999809108,0.014008994045658535
234,5,-0.01589838919613961,0.015660475587855206,0.022922205747494522,0.04341554873317509,0.014874854398237504,0.030528625010274375
234,6,0.04046181001499323,-0.003345426488009855,0.0029217175401437963,-0.001408784708064938,0.03700308601787528,0.023305910451165535
234,7,0.01675622573649798,0.0038731819124475657,0.024112365591697566,0.013206167810287037,0.017207956681446552,-0.016358262069089885
234,8,-0.011680133330602466,0.009490554689839326,0.015341431844896633,0.019603702580977326,0.03708491864853525,0.010252021736924733
234,9,0.01475757818612028,0.01916404016924844,0.017076973416873985,0.007658369606643164,0.010696186589723534,0.03253313596366033
234,10,0.04117737203899817,0.04087216044933961,0.02189812510094238,0.03099639322999478,0.023253016204296456,0.008363155681698013
235,1,0.027780846187549484,0.004261402722889981,0.03232223800735324,0.03233734908525656,0.01730667799351569,0.030859832195786453
235,2,0.01270927112927857,0.04065064507332661,0.041674923579075616,0.02096584514715567,0.022932268959397182,0.009778946145216126
235,3,-0.00899258355131076,-0.005806345611170675,-0.0015089596484186185,-0.0018660771044531766,0.010508852671420531,0.004099914214902251
235,4,0.041179873236287,0.020167298498659083,0.02577199329360832,0.03388073827532439,0.059533275982516266,0.012353992218483996
235,5,0.011777432637650815,0.0036548322364918224,0.03735316919087387,0.028005371639608142,0.03674405030300255,0.04935104569829358
235,6,0.0036503978917767953,0.0370559621246114,0.00455815001804142,0.012380988849476839,0.010653456818235388,0.018806483506324394
235,7,0.031444947027601665,0.0356595615972858,0.01631545575887359,0.035513953303259155,0.06172177125171991,0.03417859518049138
235,8,0.011470063505848454,0.01565644933610229,0.04115777605143738,0.01981368070757359,0.005631710640691972,0.03998641523297193
235,9,0.007617163131745937,0.009314286447461973,0.012180066323959345,-0.0024255784618031897,0.029974446260433094,0.027487848939347314
235,10,0.02156589935265412,0.02929422327293504,-0.0018520974641125583,0.018480672598883446,0.00854245781713056,0.02506504096630027
236,1,0.005748920395498564,0.03326343252955268,-0.010622173977202732,0.01979884344264044,0.029846820837831377,0.03278659233748612
236,2,0.0436536437590961,-0.004139756787112112,0.040336989988505406,0.043246276226719074,0.006292637933677924,0.02499908364436001
236,3,0.013300856646996541,0.01670652430941944,0.004043317715236931,0.01801897069502182,0.011927249586384905,0.034296053104802667
236,4,0.01786198392183067,0.03915162253837847,0.005014642178747662,0.03107801058445865,0.03290085748583473,0.035152129013852465
236,5,0.010881930498294296,0.015136517205719053,-0.005848966452687897,0.0197644271017115,0.028335268782758983,0.0314711775198224
236,6,0.0007520152682284125,0.03795867529395112,-0.008293392365820506,0.0017221295713621527,0.011491869283815886,0.019794611423600606
236,7,0.012364263419925428,0.010280711199679573,0.03879399577481385,0.01236039691060926,0.01894600079407018,0.033377459804967036
236,8,0.011444070159662628,0.023315859370283153,0.009690496270218587,0.04387564201547558,0.010422056941507052,0.014008175600584694
236,9,-0.0007121874764951583,0.00654827593707761,0.014332274352543953,0.043209639286867586,0.03730034953860405,-0.006484064678719129
236,10,0.022037528240685642,0.008033212251057898,0.022877516506105686,-0.00685680227028895,0.042258170044161374,-0.0012634635245749443
237,1,0.025687593617612758,0.04077526128173112,0.027000859866925072,0.03927296813833307,0.007557085092736866,0.02398511870142683
237,2,0.013963133012977065,0.05603943346299684,0.039033177604378945,0.027591331629140226,-0.005512154813226074,0.037750946017915
237,3,0.03660594338379615,0.03190800537806372,0.03727851769358387,0.026258380407388884,0.036946727796213566,0.03482377346897055
237,4,0.019973007662559602,0.0277530442536173,0.02076405349844387,0.01016688672005168,0.025778923125365203,0.04664926453288537
237,5,0.026228357772532396,0.018385858640537496,0.021942107530762586,0.016822579223750973,0.004972125257273563,0.03815868233479397
237,6,0.03891219461218569,0.035566030157417265,0.028502534770894337,0.03444305775548919,0.0028421116651425726,0.027580239043473315
237,7,0.014139673342770219,0.005943953869558069,0.03724073254111677,0.023047472746902303,0.029774446466975895,0.03481743569136943
237,8,0.02887898298212225,0.021150433347963425,0.02336447988825344,0.00975307290886054,0.01198485370099939,0.025359415424867086
237,9,0.014220587150302295,0.037949385167988195,0.051682514639452816,0.03662391346624946,0.017641829456193484,0.03596581202074634
237,10,0.017303965323454983,0.0341310478239615,0.04126924468538606,0.027716030106925683,0.02020701581807361,0.007688974074553634
238,1,0.036405185651745595,0.03051000564767001,0.004104011379639117,0.044916508608231424,0.03540399393661452,0.03477420960940728
238,2,0.024258520175836174,0.026255767478875994,0.009887263984966487,0.042487681766281635,0.04761354441019657,0.018805682380345617
238,3,0.02496547025487814,0.015456508330856012,0.029202961116876425,0.01641631007913121,0.03447750272523542,0.038169784386776595
238,4,0.03024471265447411,0.037508740085472614,0.009420992621417336,0.03466401552307874,0.03254684827419711,0.05117404670250556
238,5,0.03749984310932961,0.024856434382149493,0.020442612693700173,0.034048813243584164,0.04868074819750123,0.027753748499378214
238,6,0.03096473182871948,0.015921302254991304,0.044236745600898915,0.013624777908929853,0.027538847720816113,0.03554156081643816
238,7,0.03411492135456981,0.025559817184422393,0.039455374231632305,0.034265772093238014,0.035830951121546176,0.03478534183273905
238,8,0.022086472747100485,0.02630420157440912,0.03136386912575199,0.04258465787656512,0.05133441074337439,-0.006315195853391761
238,9,0.01903148805072599,0.02073896683948007,0.02780650556877238,0.023397622315789145,0.04648869131471073,0.04505053883938843
238,10,0.02135794057800498,0.02923036071509784,0.03494646746246227,0.04324647160061916,0.034429075578586744,0.03994290821425052
239,1,0.04095897275633237,0.041042567625161085,0.028744956596008127,0.03575486015230898,0.05768110651890612,0.00915247753805627
239,2,0.035146916026348896,0.03438724799578873,0.0339206113960003,0.020294789087887465,0.02756426119265401,0.03672253569738054
239,3,0.056563424132368784,0.037232597880768666,0.03788416487379309,-0.0037184882677985883,0.02876529724632306,0.02582936702530794
239,4,0.04651290736296757,0.03767442173312656,0.018045801783907373,0.03726955043066555,0.06104445030675204,0.027395368266505696
239,5,0.026842316230393605,0.07099333044609472,0.04852924799807593,0.031411501457339445,0.016884424467164986,0.015857692544851674
239,6,0.0417766271662098,0.05091065090487055,0.017498536649640024,0.027384462392612944,0.05627627355476689,0.03305508144693359
239,7,0.007315959507716295,0.043324775150038346,0.041010881163497215,0.035188228703463414,0.018471472314607922,0.023507502293806805
239,8,0.02881638719439198,0.04491982931058627,0.04574023101212078,0.03721450736715799,0.03346280368402966,0.01669847919185101
239,9,0.024511084138720957,0.05408162801893397,0.05097360108208249,0.017216941353380814,0.04171631661186845,-0.011137103636345234
239,10,0.042896285604394596,0.04306384646169375,0.024546002886956006,0.011064333344949986,0.02583392669263358,0.03776521622170308
240,1,0.015054198129502518,-0.0008443712857425134,0.023237147078272614,0.0316120072711986,0.0009330659151692648,0.013403875404613593
240,2,0.015308484444006301,0.026158639100761213,0.006977635578127522,0.02721334684873119,0.0004177402413433344,0.04046596116573246
240,3,0.03468153786617366,0.021052876139532,0.029493816355206637,0.00827618467303662,0.013041311007428077,0.02809287847312195
240,4,0.006183284967726835,-0.010299073471535176,0.04354083715448897,0.007183231486376771,0.027370015896144434,0.017343511951839707
240,5,0.021668190617663063,0.024222615789204288,0.023297696579921014,0.021638821187141045,0.02370883647444935,0.01751450774603546
240,6,0.011120910094117477,0.01000317296389323,0.010314226561277012,0.020191702313406733,0.023964374552027927,0.017013225741979835
240,7,0.026314643346502666,0.01959759415141671,0.031150507172275133,0.03877978158382826,0.022923247519828452,0.021502260357324998
240,8,0.012788203182572065,0.008801319579997439,-0.006723780793351084,0.02034902467965416,0.020625854153569177,0.04890176823728065
240,9,0.010207849283607576,0.01854700847605869,0.015116603319368016,0.00765066046923788,0.029655554807975184,0.01254044802358838
240,10,0.016762360181192437,0.02310097396123053,0.020503650506465028,0.034000012506928766,0.012492176279601214,0.04989961900113642
241,1,0.0026469164853961356,0.019654663664535593,0.038127343889691065,0.009293792127139981,0.005604283482122674,0.027653361523136813
241,2,0.02374075562836338,-0.002619714655122789,0.027471421195251266,-0.014679174072765354,0.03491621060392486,0.028707100948827655
241,3,0.03781483995396195,0.012846761247365227,0.022278426681332803,0.022930345819472446,0.01891605935067211,0.013037071426773203
241,4,0.030960394382198657,-0.01224857502380293,0.01693651075908444,0.022808489412831874,0.015158992534789532,0.012858163516465525
241,5,0.04478340191339933,0.033166918664463335,0.027503328105169204,0.014986689900613578,0.012223635746193423,0.0021009541158191762
241,6,0.037497362994677125,0.012993639019070094,0.02702071522002591,0.02589008760264558,0.025044729691838987,0.02628302158477698
241,7,0.023991939382879777,0.013256769687359707,0.03452356362527542,0.03031231314987631,0.01896021503086013,0.007731211719881993
241,8,0.03268817647937911,-0.0074740062383021715,-0.0008705493499598265,0.015044469056436586,0.006406946543290398,0.029656487929266614
241,9,-0.0088234285023178,0.030008523987355148,0.033692402118785776,-0.01360063575824345,0.012509978570344494,0.03962389345593533
241,10,0.021336940284439956,0.020799363542306274,0.04942171269729577,0.05285580590093944,0.01833799419703215,0.014071654559337251
242,1,0.013550930539492469,-0.017646625042408468,0.0194362319578116,0.03657518308985126,0.02131104502594355,0.036789403762056715
242,2,0.03045176714931247,-0.01633508805596626,0.031747890851239524,0.025717139367376962,0.006693537907848092,0.02030477628411177
242,3,0.020465245145793284,0.012406385800669906,0.0100352777184589,0.02660912426600837,0.0414029799745633,0.02618964132861019
242,4,0.0031375401741712324,0.014196288742055422,0.043944854396335956,0.018841923817463,0.031629043577104415,0.021574672092139355
242,5,0.033512376145934566,0.01940606629488154,0.012200990466058392,0.015179938171451314,0.030708574295719795,0.02475336453639699
242,6,0.003929634966200953,0.034429762932833834,0.009095928697875576,0.01722750093076959,0.02549488448813209,0.033179234972010814
242,7,0.008510430415717087,0.014862419090761124,0.04579735970691464,0.03035063978411962,0.03758961717603102,0.04789616997984784
242,8,-0.0007156621344103803,0.02074543435592522,0.01612630250678442,0.025366191364931675,0.034960393002880515,0.027003343432006433
242,9,0.015691064822850962,0.004581932299600436,-0.0006416594213326492,0.01964458171901847,0.02717340253211488,0.029061982928688505
242,10,-0.00699500524269472,0.00023707765978791818,0.020499458425128802,0.025476969428807436,0.0255196245838235,0.03800771344138077
243,1,0.03462725400868939,0.02042250566642397,0.03168319561125937,0.03393308467310237,0.07051569887026043,-0.004009494991126574
243,2,0.016012120590197697,0.01991901240625417,0.032736271693319705,0.04578697452061771,0.031335273475333214,0.03096055956090425
243,3,0.026928668828116734,0.034857339057166384,0.016033936693594427,0.03032984505297316,0.06686146641720447,0.03290034212559798
243,4,0.04460300663268665,0.018099027900312162,0.04518605357013579,0.04364427259254698,0.03190847106504969,0.027160356891544998
243,5,0.017426466059892225,0.026637100555617695,0.0684189397250449,0.02038822217839329,0.005981938239049828,0.04020769210404936
243,6,0.009468184163437447,0.021216636306080162,0.024392735192256786,0.07570924194416065,0.01774748140288346,0.04353951044430773
243,7,0.01734109910756773,0.023708131589401136,0.05216096295439808,0.028685914197955978,0.029118358684966494,0.05091899522462363
243,8,0.027276907030154438,0.016307895000964193,0.04276387174866486,0.016862036876743425,0.0510648572766371,0.03286871997391447
243,9,0.051360224597994615,0.035143553313597656,0.04680693359356975,0.033691241667278944,0.031471226437774655,0.03480022848764124
243,10,0.035885711267361606,0.035598861459997626,0.03991338779424492,0.039033108554729315,0.028121921486337843,0.028413120484280904
244,1,0.1439741471549739,0.1305458476665433,0.17430366508448392,0.15448877571307973,0.1589342250805583,0.18012491202341413
244,2,0.07905422634892144,0.07535851463729615,0.11446240073909836,0.11920566501542407,0.1497337465256816,0.13692101961544037
244,3,0.11297248745427997,0.11164250263858728,0.1121281026101761,0.1494608459298978,0.13277980727384128,0.17953254786758496
244,4,0.09447501200308707,0.08222485861430802,0.08109470228657258,0.141162045927617,0.1375988480507954,0.1572709407118906
244,5,0.08473586910590951,0.10847126005630225,0.11877535041405057,0.15329648026280948,0.14357832296926798,0.18154715315181302
244,6,0.06452445091087833,0.0701988573739435,0.07489697507767443,0.12716359565421007,0.11033582537791259,0.16511936479927344
244,7,0.08238972495845044,0.09736129246382033,0.11973781699758758,0.12795253236756837,0.09148873285745796,0.12162127884345762
244,8,0.093687467445452,0.10692733033313045,0.11750909140567022,0.11065669898646113,0.12185792553932091,0.1505327934126233
244,9,0.07196841937694043,0.0797270401303283,0.07027938709058962,0.15217839990214696,0.1393290594180358,0.13659928230493112
244,10,0.043682378646707425,0.05545983964220537,0.06939272616923339,0.0916289854418579,0.11891556249558163,0.12481051129511794
245,1,0.0112185228892321,0.05805641923972932,0.02035156662964817,0.03043974405621772,0.03288069900111995,0.049250159656917585
245,2,0.03197483816262056,0.029743946731760847,0.005607900357195316,0.013117740780634475,0.007456190254904232,-0.009941397216975675
245,3,0.049300646486642286,0.017896714817149727,0.006198622348069072,0.007953885076933483,0.03365478426078669,0.03944385252352049
245,4,0.014048392975703561,0.04590052224618246,0.018400513620939876,0.017089103003460046,0.02612680973423211,0.017051588608802033
245,5,-0.006417547094332407,0.03297074752175607,0.03334871641882358,0.021865203635785844,0.01839661932613811,-0.0016528682309644045
245,6,-0.0028623394641734694,0.03751703760194876,0.04176489170379474,0.022302244653840897,0.009408302523472111,-0.0008937875816204685
245,7,0.00913904543502199,-0.006907651168496471,0.014445400273168835,0.004613815000285471,0.024558186649840247,0.007801462145667122
245,8,-0.001652236680752331,0.01688345600190465,0.014071788613901574,0.0319336445771248,0.04765772963720822,0.017405821258668307
245,9,0.011769394051522901,0.02092012210528771,0.023800497855975662,-0.005712218670435118,0.0027851558914785473,0.006560830237969514
245,10,0.03224444387798818,0.02592071561055125,-0.0030671708258216365,-0.011403464397948777,0.03380813964792653,0.03434598223134146
246,1,-0.02060321652505649,0.013401475345337331,0.019408809972259817,0.031072355526716104,0.03510347856704335,0.04637617286274966
246,2,0.03577742859107631,0.007966543022848925,0.0390276757522395,0.029419228892047424,0.0282106371272456,0.016306504290797053
246,3,0.03118734786067236,-0.011975758401383794,0.011626583203130102,0.02425403694118804,0.024194985195061275,0.029198270428431986
246,4,0.00220766356143806,0.007407576933169536,0.021870029172712867,0.01134155835966026,-0.004705109269182775,0.04292909515665247
246,5,0.037947630912814195,0.020546315143195007,0.03361328838751433,0.023295950531152156,0.007483567864602472,0.038542164944771674
246,6,0.018168280283213534,0.038042650396906845,0.028367909410700682,0.04349972497059509,0.055890452668930134,0.04028245046357672
246,7,0.02816539029994654,0.041748328719681316,0.013404839431351186,0.011984717666833627,0.021020207402123365,0.03253627968638766
246,8,0.021801063717114887,0.00025917952963222887,-0.006516100202032146,0.039674840511315326,0.016276092649968224,0.019455298022885894
246,9,-0.009407748656909475,0.014610273486628161,-0.009383101564977629,0.031095047359433366,0.006967931509049304,0.04984521893888236
246,10,0.022389558504383452,0.03766844318603016,0.013207690621135094,0.06098107722224931,0.021226289466270948,0.0008021003459802844
247,1,0.03806455426851185,0.025964818790132245,0.034245931961007996,-0.00951377691912238,0.013305419702259654,0.01723217170067643
247,2,0.03949550195597557,0.028202842198393606,0.011958817722363683,0.04884950417183198,0.029889513760580758,0.022499852131260895
247,3,0.024202670065504785,0.01605028021317068,0.041594899159458146,0.04855960063447395,0.02146992196266663,-0.010034597978879619
247,4,0.030603958619124346,0.024630369634037332,0.03234235202883128,0.03616073877962604,0.016515599848859735,0.04476764903087727
247,5,0.021221177960432987,-8.441390508806948e-05,-0.007370456430622107,0.015102272429921406,0.014883136648676827,0.03040269198773459
247,6,0.030042718965618904,0.006659857873658082,0.03541282899189287,0.01268649731827122,0.035047767839006344,-0.0005070770716321047
247,7,0.04192409994795194,0.01246703828616038,0.025139423002985547,0.010562718589327063,0.04063057481715898,0.003839386050272917
247,8,0.006898185771022529,0.02454255941174498,0.013572225068671208,0.01723924695928921,0.02076729055152463,-0.006159601069336147
247,9,0.0030763361351372484,0.006553243751659304,0.03318633915534515,0.021137943180995492,0.016037909827038364,0.03492890969388677
247,10,0.012002277726716366,0.034430525807096476,0.013541938465983299,0.04366011306220718,0.00874239511825107,0.005132055574281624
248,1,0.03287425804096184,0.01407068997079988,0.06426595157653135,0.024254992743570663,0.0446439409274755,0.04124291370711439
248,2,0.008261824850393815,0.02510555494575016,0.06849731666707731,0.021139218495549422,0.03231610387460733,0.019288034495205768
248,3,0.026586332076890908,0.030675503551318675,0.04823206283741211,0.028326448444227454,0.03601621249646598,0.016794996282317252
248,4,0.03840264355078615,0.05393812501274965,0.034115404294849494,0.054176111231481965,0.023895394152438004,0.017158955189821568
248,5,0.026360468108580302,0.025852528698134116,0.04153351507310416,0.013166861426546939,0.028804850866891232,-0.0061018980737909375
248,6,0.014796723436433656,0.038126871028244434,0.028226644668426577,0.021785137885797976,0.028335863407374463,0.02082569251567533
248,7,0.04122175888151977,0.04034629538697795,0.023212902948349816,0.029679649076343604,0.016848409144871155,0.04350558140285123
248,8,0.052027556706769715,0.040687880855124044,0.01272398761667676,0.004615843443935224,0.02381511550904996,0.02702843738816207
248,9,0.03740631933578318,0.00031636340929142476,0.029645309116551898,0.030900991487148376,0.013047770900386177,0.03143430982107902
248,10,0.026666932865406574,0.027814999769120562,0.03729113841892129,0.020256230838025416,0.001509772625514223,0.008900017055063292
249,1,-0.001546681212121693,0.005444663805662613,0.01597371550795218,0.02089150646839613,0.027729898841195696,0.003132998209338517
249,2,0.009895797843316593,-0.015475730938726532,-0.016680991368455397,-0.004477442996080648,-0.024506937015758647,-0.03248869510833277
249,3,-0.0031694573002057237,-0.014254743479004843,0.028640884451541677,0.029345226999021184,0.004193795067651244,0.0009911843856797796
249,4,0.0020159466620958194,0.007789169193291539,0.04600864975488474,-0.007009545252905641,0.018106522108510343,0.029046778216599844
249,5,-0.009727229965268121,0.016327234389423493,-0.006096586637795103,0.02530563058658541,0.007174590022220797,0.007040269955884835
249,6,0.020724397325994105,0.03118478808578825,0.004531128076686395,0.007288604027880194,0.020732103466572085,-0.009483398867493553
249,7,0.007921319671104838,0.024922040600767983,0.0037461147927316035,0.008914771872839088,0.05156935788276846,0.0023419874926764086
249,8,0.025595921923192235,0.01029944382029658,0.028819799865159354,0.010935522750524758,0.017730082693565328,0.006033969142118429
249,9,0.00999445007464855,-0.027711380173321115,0.016651926620683734,0.004444138801659244,0.007642241856730204,-0.0002732554138610931
249,10,0.0009787979190015786,-0.005579033618884643,0.005859453440788368,0.03201993306399541,0.010024147028533386,0.02179614687806814
250,1,0.004635448150175745,0.030599636042456014,0.007483550754250013,0.04840203725565873,0.03257318729578694,0.02025821284414881
250,2,0.012594312467800083,0.020671803114768794,-0.007232717762128893,0.013586373405328611,0.009548316537707725,0.036378155135754424
250,3,0.01460455266847895,0.010077654661857926,-0.002705234415744731,0.02811756241152911,0.04706399040768604,0.028089460862570453
250,4,0.02329624774380927,0.051880447375184914,-0.0037306427263152898,0.02506932416817664,0.05220090054010541,0.010119968145061244
250,5,0.004169157551024763,0.029578821602158842,0.03168082803130437,0.029958547287538214,0.046706419681384365,0.03287999744260636
250,6,0.019179251561670264,0.024395436421471583,0.030779063044285637,0.028645036298643175,0.052962811489383255,0.03235827128426399
250,7,0.0486852493244324,-0.005765493416188385,0.013597503871868501,0.020759697173307935,0.05243263609334764,0.02939683076105807
250,8,0.04823818633540333,0.051460288925113826,0.007817958356186164,0.034932621136862366,0.025853566444637016,0.03220069094999677
250,9,0.030127670164073157,0.013440800256752433,-0.02454287521493452,0.03468524329643246,0.048441708515896034,0.04192303856964974
250,10,-0.013605960468780421,0.03774893027128065,0.022644733224032834,0.035698252282662456,0.03745732675842287,0.0467212787521765
251,1,0.0029244171030870596,0.03988835105348606,0.0032685443393123213,0.040402333868145436,0.04420870969817056,0.02684763227995196
251,2,0.0036263844084296346,0.002368448792803599,0.021327907212918926,0.0008756862789197315,0.020721715837767763,-0.0004041294066394326
251,3,0.01767987334026166,0.0018208807505116155,0.03100890603298501,0.0013613563379329208,0.0160451068247653,0.017715985657164524
251,4,0.031193613352458884,-0.019343238738012962,0.01288574093045947,0.01782668041330822,0.013511871829587671,-0.010604571814728746
251,5,0.034422492756622416,0.0025561787664521224,0.03367138528212104,0.024995200049182435,0.030090399538175626,0.024470489499672114
251,6,0.0036367814380846497,0.0412657106799816,0.021780216270364756,-0.006693195449659467,0.010190145765784066,0.0007560566296696435
251,7,-0.004919619249033286,0.014318849673024013,0.0024769724312819087,0.001024258827519786,0.031706022373281885,0.03293030026917493
251,8,-0.0026161793556493296,0.007800926390003741,0.011153060306545802,0.041463571801091975,0.04332287486087361,0.014043223692932575
251,9,0.009176557703047258,-0.0001340884675188218,0.038827345157099555,0.022533402176726336,0.002117581767584363,0.014330587662515005
251,10,-0.003988714919562202,0.0051246990930252844,0.022379118130300236,0.01704410024165725,0.02238869554451774,0.020730346773518087
252,1,0.03389517244056748,0.026415618401615146,0.028720748968940186,0.03556997876145142,0.029346473341534,0.025021484603138203
252,2,0.06855690956541136,0.02467293986377881,0.02030167804213165,0.010275902976694541,0.04107181901068671,0.05943905347832489
252,3,0.0336640728600704,0.0030609561150872094,0.034083803654440754,0.02639547799273093,0.050038165004600274,0.048239358105891625
252,4,0.028107999238269024,0.0003313083004153657,0.019829955471509522,0.02886019340891969,0.03136328066673671,0.025690346070483032
252,5,0.03914803481644923,0.032166247123723075,0.019789027776162916,0.01757629235042912,0.023249632480756753,0.03202825221354069
252,6,0.007530505534421762,0.016308423149568537,0.03551434060864541,0.043173546964225616,0.025110300455610367,0.0001307469557554477
252,7,0.01902871648157413,0.018783553879169267,0.04164553756421293,0.011497856418234009,-0.012765975195979261,0.00960412926814255
252,8,0.032058071210306974,0.045826212134670335,0.05153791021376086,-0.0005593380878393198,0.019416689771740308,0.04375818042275699
252,9,0.024747523900696546,0.047501142028042134,0.01961160274100365,0.0021275451734033782,0.027768389666607007,0.029883214010919465
252,10,0.014189263370875145,0.030726934464217648,0.05204712630491117,0.032320492316746136,0.02153006268661829,0.0028500662333243902
253,1,0.015549053909314728,0.04983632754304259,0.010579768221463292,-0.003588450948864927,0.03903818075802991,0.014430307005601406
253,2,0.027824852641813738,0.027252330454756373,0.01285768677096446,0.008652880355413247,0.03541822364991399,0.03790004550073739
253,3,0.02320283090861947,0.008105253912095503,0.013671456480524122,0.020349750475893554,0.018819126786669332,0.0036081004988067888
253,4,0.006535147058189967,0.035995764703855924,0.025356882789586387,0.007969458583770104,0.018086513256933105,0.051037742403871704
253,5,0.021263208331430538,0.01435346462165106,0.02624030539304875,0.027696718773880077,-0.0023687212125153077,0.012183152613157198
253,6,0.013160156832697324,0.014446565540088325,0.012244534563341673,0.0067269606002906554,0.02076236549050192,0.028885631560680136
253,7,0.010779319261722972,0.04449561587553737,-0.004481217540795515,0.03042608801360875,0.020750003521961016,0.025657108143563565
253,8,-0.007232155272315123,0.030423001827503997,0.012270263257275425,0.01145251344415757,0.02715734953763561,0.014158805594036185
253,9,0.023991610599220062,0.017992602409447448,0.01900250282679229,-0.003381316975259866,0.029441612572617258,0.009507474299188946
253,10,0.021710115158093044,0.004385529803529813,0.007585341222845577,0.021372927866072925,0.029645184534240747,-0.004408139555467442
254,1,0.04367962549783295,0.04381896739989174,0.04093481379855104,0.04403006625483781,0.06606810220929475,0.05059820088515486
254,2,0.03333335835759197,0.0625018993856312,0.041389674765015844,0.029135466865205503,0.06259124787996122,0.04697488483794765
254,3,0.037853989120327954,0.043534638452556604,0.07512165613935513,0.03199714371314434,0.03304532298905125,0.056094421673414344
254,4,0.03793140939812659,0.05886071043027342,0.05469332559278842,0.020111497107680388,0.04756295598804695,0.041070174147392946
254,5,0.08592300064777714,0.09394922807759123,0.1126620978814729,0.07513506007410761,0.04252825689068341,0.01719473019777519
254,6,0.05720150025775209,0.05770793254048152,0.06544272355413357,0.03752877029446602,0.07400692000966119,0.0313291663917272
254,7,0.03621503513288931,0.059040479795566314,0.058209762947943555,0.0766257833157059,0.05975191028274719,0.05012500737722593
254,8,0.0443569429553531,0.03732518312791683,0.03172331921681213,0.03392767693840139,0.06248191124147604,0.04863410521514968
254,9,0.04197542708619113,0.07242384423083072,0.06774266600196199,0.025326076620211295,0.053710394751270374,0.0605299918520061
254,10,0.046145867451629054,0.06629423350837647,0.04988613036363756,0.04118595581872561,0.056716526913347005,0.07126817787259897
255,1,0.042119232128609574,0.03573597010653276,0.02425507902668999,0.007287558199556618,0.0469354597522802,0.026260883035659554
255,2,0.027050234629222583,0.024428654212047603,0.02631184005235086,0.01783392396085718,0.026334760503597395,0.021073335175611965
255,3,0.013707507617426035,0.04711901673045139,0.017329833379145915,0.014689460091204818,0.03484481268309674,0.015147897975669412
255,4,0.042555918298927714,-0.00291266369133999,0.022790971528979836,0.0062325047570620405,0.04848595998147811,0.03333041034150638
255,5,0.04487142412224332,0.06281206768516032,0.019904321675638978,0.03606595829788118,0.020308766970045775,0.019254220806929175
255,6,0.053283806775061136,0.04327568279260634,0.028849444385284525,0.02499371822135739,0.044620502731721294,0.03535373331804714
255,7,0.025397870609763954,0.0432368288850263,0.020403900242615354,0.0313543345855942,0.04065508805534209,0.04435886307444685
255,8,0.0461318090526952,0.03804131730144015,0.018430630534653127,0.006366950515813782,0.03106973958996028,0.013335742008737762
255,9,0.062260637890566024,0.057780707343966266,0.019999934859778697,0.026149031468155212,0.031304696208007673,-0.004669708376297166
255,10,0.03291888640196518,0.06996757329380787,0.017283814084300235,0.013322106857510554,0.027967778864950214,0.026282236632836353
256,1,0.014548616341996716,0.028132322261213167,0.033331529819533405,0.011874531732810403,0.045740174222563476,0.04627585916379464
256,2,0.03003983632292995,0.032607039851696155,0.04320024621547434,0.009337553887546179,0.022188964698905373,0.030863531021426527
256,3,0.029814932619884747,0.0165499469857692,0.024146246771522266,0.028586672386762782,0.02118089755266906,0.023640254521209474
256,4,0.04520284359965292,0.034388400510902445,0.015030803077402417,0.021560668300519562,0.014278429827894946,0.012714440745415102
256,5,0.01698064588634415,0.0611274208347592,0.012449640405605238,0.0018077343833290205,0.031883554053622205,0.00654773213424222
256,6,0.01971536141793028,0.03595057435842705,0.01796096898786385,0.03164639422721753,0.01394302271472017,0.05704203388989327
256,7,0.013664949468220253,0.041129277285274254,0.044247031587413437,0.02710900613841911,0.016107675994010393,0.012908306660988503
256,8,0.042034872363462455,0.016330371992625423,0.03947980472662131,0.04274573154921436,0.019639263224160503,0.010174947152770888
256,9,0.04291524253202065,0.035452640754486175,0.024311962906229535,0.008140837419637195,0.043416620280857805,0.03991871962688277
256,10,0.0374405235806383,0.04000424598208135,0.01689988849765418,0.0025271235118676347,0.029082676302771372,0.05016002662035767
257,1,-0.004082943662684943,-0.00739821072078202,0.01053071966050497,0.014228455726054294,0.007641931262909204,0.02207648237084154
257,2,0.017839305682393527,0.03368722479917403,0.02220295210245878,0.011494884921701268,0.007473825030232152,0.028367002083084337
257,3,0.018820744872987034,0.012836270134626565,0.028595997239565105,0.0008328626903492286,0.024019640296832637,0.04476160535932746
257,4,0.04203747452699631,0.05490112546504157,0.01849062973903957,0.008420630817109821,0.02191397882289025,0.020132123798128402
257,5,0.0024898976174889268,0.022534837124869426,0.026955432961043833,0.020949018063004445,0.0372820385692181,0.00065993855251016
257,6,-0.0067471303846613016,0.014624021244268292,-0.026836558525101428,0.0022675695573545407,0.033635276969553034,0.009903665682548161
257,7,0.0251449829421155,0.0015251019470656243,0.012820202498219888,0.00027377272483596066,0.00969278542883046,0.01912884003585263
257,8,0.04385065625097717,0.0006993948778325158,0.022159736930721284,0.01041232937098419,0.006009079998374417,0.013312660780527607
257,9,0.015139220943464916,0.018578780632183402,0.03821680056077053,0.01653194810329797,0.010620925297835796,0.016851581686326247
257,10,0.03507771713838559,0.035577544462105114,0.017772674602644138,0.011288394670314221,0.006080196241984407,0.02477421749794813
258,1,0.03523465020724923,0.029470441056970144,0.019208416927781642,8.181700826790278e-05,0.034149067582257595,0.013102033948924894
258,2,0.04432344282031436,0.021157444184451583,0.024920905755666335,0.018463301333227343,0.02062952099220653,0.015624897493724095
258,3,0.011954577185923035,0.0366872213402637,0.029409535038944144,0.02922873280632986,0.026789577167578172,0.0483050950182854
258,4,0.01838089318753217,0.006047240153610381,0.03411292106788796,0.05152352156769605,0.02495757808669141,0.01816033420888437
258,5,0.021661403253209408,0.03669963306700654,0.030533172849278152,0.013144823774634344,0.032438946337834854,0.03390749414327671
258,6,0.022946984082768948,0.017837860611384367,0.023148556142570144,0.027362634041265963,0.01843336232289627,0.028356907402030687
258,7,-0.014395721223872471,0.01927709375606487,0.024288396519804918,0.03298307752153277,0.02760708355646984,0.00835481705844368
258,8,0.01125389864093403,0.03394293347706485,0.02738036297919819,0.0007056076100314521,0.0038661086633385534,0.022838024510200734
258,9,0.02714082701207593,0.019379901190473083,0.014274380165705751,0.03880804435776003,0.04622275251578057,0.02427051368589533
258,10,0.025843506211605312,0.034830116937605335,0.038738085293010156,0.03989947959012861,0.024096520976701816,0.03703172617150343
259,1,0.021605158048066085,0.02411863206495857,0.01047167694924067,0.03424470360095799,0.019418419122813353,0.009095127367727291
259,2,0.030074489743757784,0.007640081288181028,0.010547524201656019,0.015497599033708566,0.016263841499189153,0.019112154045286645
259,3,0.03676927615424955,0.02310176252983514,0.004637931820882943,0.02662988636833778,0.0240512906029588,0.021496526247016673
259,4,-0.005107163803823107,-0.0004938784761676521,0.03772010439992836,0.0460899710288334,-0.0007420767519853318,0.01657569288536114
259,5,0.02745267729792351,0.045432053127698296,0.01608123699621271,0.01716966990405992,0.016514565122589402,0.024468584525022048
259,6,0.009209498067934644,0.01754428488328538,0.015438118299372958,0.010730551133222698,0.01582313088598106,0.03384814248247849
259,7,0.01831920048440157,-0.004944836947848556,0.006856932863219213,0.03160522151761308,0.010322101727274591,0.01632381563270728
259,8,0.0017061681570765773,-0.00957139670560441,0.006689350554976291,0.03473498937144389,0.03346289887567802,0.036867904831821376
259,9,0.010889107858291723,-0.011546665398214726,-0.004073801505720316,-0.0024806491958247814,0.04478182515422578,-0.013421605328065732
259,10,-0.004288577620427669,0.01082488517144455,0.019786736935652985,0.03368055827680626,-0.0035008155832272677,0.03727530583701237
260,1,0.01228354148114255,0.0027334212129389614,-0.0077255425873293876,0.04440124258213021,0.0144069593371241,0.02215274875309554
260,2,0.022446456754304414,0.001879164181173319,0.03567469856828264,0.02292630218611835,0.008455957156402067,0.04175730349969042
260,3,0.015388959148918788,0.016411088675799854,0.002977446894502534,0.025525589523281957,0.008381309512429783,0.01339626517266825
260,4,0.006061482299783656,0.012684030998701695,0.003932493274377864,0.025179695713267104,0.0076448802877681354,0.013804255322757336
260,5,-0.009291358393328121,0.03844292216029595,0.006841317026386641,-0.004911107305264866,0.03864410902152045,0.009205378123517377
260,6,0.02969680078873808,0.006996242493456376,0.007845089185556164,0.037199161561137575,0.0411837694552273,0.03219163559770266
260,7,0.019579350955678077,0.0005906738208859028,0.013412809047912365,0.009760828470002801,0.0027621313658652206,0.008974517215177053
260,8,0.009120907556948835,0.010353184644252795,0.027560931748301883,0.014490727574524345,0.005479953938991145,0.011195826823893421
260,9,0.035256291531034205,0.021900517442309312,0.014856576270590751,0.0389698432275921,0.02001558160411245,0.030277337003230362
260,10,0.024499330889664602,0.010701047165377557,0.015700820201553476,0.02156363031327818,0.021742342540162392,0.012786327484941445
261,1,0.01792920201649225,0.034976998694577155,0.013587107739952054,0.02580959466634925,0.009238428792796075,0.018945661163657524
261,2,0.018098684292787392,0.05271998970884896,0.010278227361263128,0.014987784190817087,0.028425264404911596,0.03337535923838586
261,3,0.04581015987583572,0.04343177926861262,0.041175370290572125,0.02990059205890434,0.02220348583086799,0.01416597683309294
261,4,0.041978704734115496,0.023446210201631866,0.031414999652102156,0.016295382598125685,0.02807181486800736,0.015940418071452023
261,5,0.013020995528332779,0.04250828266597487,0.03691644234726723,0.02442696459610759,0.014702029392115673,0.014764600525965774
261,6,0.0076485807781674995,0.029806998553529595,0.017767387857171812,0.028820712868069986,0.0007789020685910228,-0.009555305788997118
261,7,0.055238990040005306,0.03227061777759373,0.02124105801309719,0.019751367198998417,0.020401989217174066,0.04016316329027172
261,8,0.034986048845188245,0.0471342442163272,0.024699616499763054,0.009868611475184835,0.028933328927948553,0.007691583452160347
261,9,0.05302346345600911,0.0371701568036996,0.054595372057497975,0.04540198332370429,0.016023340588023065,0.022003971189805908
261,10,0.034424402598688404,0.04029781759183266,0.02889288414644319,0.03307854960947685,0.031414242160086134,0.025100523961647456
262,1,0.033854970127791484,0.06538676995268033,0.04059853129482782,0.016935419323393597,0.06104839348288509,0.014627501140176557
262,2,0.019771996920314904,0.04478538624068907,0.027935818106445506,0.013665861155959292,0.03907043593658914,0.02839109283729478
262,3,0.0352384843333176,0.06082549223714044,0.021953927668176144,0.01223593225871886,0.047689051114105305,0.07855330146319468
262,4,-0.018130639210623658,0.05188066064968565,0.029194677199622973,0.02350595693654188,0.028765775981962574,0.04802869898420278
262,5,0.02326148400000249,-0.001815894650885605,0.021551404115427664,0.04139410335644027,0.020913041304519663,0.02152150031652409
262,6,0.06035149902313282,0.03674393565721296,0.0499678722872808,0.03275079099386404,0.04538818298498887,0.042306412111161484
262,7,0.021790432338085513,0.013170783371341279,0.004706154770859104,0.0070246360107250605,0.03870695970890533,0.03240387916210357
262,8,0.029476816998885737,0.015114278152308524,0.028885731387637496,0.017358525465763837,0.06666265838304469,0.05998304497323978
262,9,0.02382831403195026,0.016596093904729714,0.01308024293609157,0.03933849707280531,0.0641645136590072,0.03453943837689799
262,10,0.017996723934544108,0.018284314056293473,0.025593355720641097,0.010467274673896701,0.06371479013185988,0.01868048223524464
263,1,0.02887051505052025,0.05622365164635212,0.03778007975330883,0.017326340089807137,0.07832486872848964,0.03489077224508505
263,2,0.027970655879538592,0.032378311059856967,0.05369583569293397,0.034639592816866,0.04446985259144943,0.05293744584084618
263,3,0.021665998869692726,0.03495194452578712,0.03084315034800635,0.01757965905461536,0.03971379131249255,0.04306370864199819
263,4,0.04482829003786923,0.012547123983340755,0.029090140998960547,0.01385195227276796,0.018216330497071963,0.050524540515632724
263,5,0.009047664328281671,0.019371282184469103,0.03804116802240102,0.019623914705152845,0.04934494915039921,0.01714603691944936
263,6,0.021421911736916956,0.015233939544168427,0.0396233050956864,0.019502829676246763,0.03976256113252918,0.024665034742271764
263,7,0.018821733610618237,0.03396472972016387,0.054864338066527144,0.0322409731356403,0.022637779382186075,0.04803120170422035
263,8,0.049410153752004804,0.02424391348407045,0.026346697944988083,0.01962029104045226,0.03082127928487492,0.025596652466057208
263,9,0.02995405378844335,0.04211883165434742,0.05006928384597101,0.011545015763453756,0.031161609710768257,0.039646355920238005
263,10,0.021518063844906364,0.03674072646661796,0.027932924163148475,-0.0036124196795357115,0.022973454938479555,0.04123884300453307
264,1,0.016420058621670768,0.01653098395220662,0.04098105576926038,0.015292724079284552,0.024003743394196288,0.02406292325047378
264,2,0.039600659765522156,0.02524772865804494,0.016378338321279298,0.05376756647543784,0.008662677156434064,0.022015779743068897
264,3,0.022693524993873882,0.04870497530039944,0.015621966622951058,0.017423236449113012,0.0362256381241597,-0.010464568812925085
264,4,0.03991269313570655,0.008684802157091972,0.0422891621189312,0.014872313406978886,0.018063322568470767,0.038635786324929054
264,5,0.02069617682346504,-0.005940413461944709,0.004492380840810625,0.00674522200204464,0.04217733881278881,0.017857168972979415
264,6,0.028401578472341683,0.010188329290443983,-0.009368813827834312,-0.0031427088804835013,0.025239023692851154,0.032898319716366885
264,7,0.02062693498666575,0.029741856330925118,0.031405307764243336,0.029780252457675,0.032146158007741364,0.024960497264030074
264,8,0.024633882108135375,0.022837460554533725,0.0074403276987569655,0.04462809910483385,0.016283499524548255,0.029387422673269138
264,9,0.02084570973772636,0.030877111802458636,0.020664896515324285,0.024002929308897143,0.0710376212415891,0.02153695928975811
264,10,0.01897998587821052,0.016501197839662966,0.026423323762982183,0.002776894718636002,0.0026046144501431063,0.004958900303633164
265,1,0.04807943680327143,0.040705731741720465,0.030609893800727248,0.06226348886931202,0.04114322829074627,0.05121823253551677
265,2,0.023762407187195644,3.802864694607349e-05,0.04077280192477799,0.05668412495170821,0.04078421707459782,0.04088061200956745
265,3,0.02500996695290357,0.05266828301283117,0.05687873705008907,0.0455402233881769,0.025875172030609354,0.029369863105757812
265,4,0.036967663956497886,0.04702179525133849,0.03441068847661162,0.03568887864893051,0.0436236191806317,0.07839712133111161
265,5,0.033433170522106787,0.03895024702376533,0.04362400034509338,0.01849340218219626,0.0402642164820505,0.06212710200872704
265,6,0.0028311790027925506,0.0402129635730671,0.02063142716266351,0.03350436427570089,0.010151951981424365,0.053634619418054474
265,7,0.01376901741092856,0.017813996700288548,0.03903739407579478,0.06415727806698557,0.03397452889934518,0.027799603674310773
265,8,0.0363968487654351,0.05254852621608901,0.033274154035351576,0.012688723572303362,0.03323880711043668,0.03749851989261684
265,9,0.028939110136595,0.026131950942773735,0.04969444731781217,0.03401489713273567,0.01954362957632662,0.04639105759019747
265,10,0.028122170945836175,0.026712004151385957,0.03291237836808476,0.02963298614014128,0.05187691162515959,0.032590267853779394
266,1,0.015423111532805501,0.02210023639381249,0.026066645649900525,0.041701076348640224,0.023872012025588113,-0.004273335673956847
266,2,0.01335047093770967,0.029120741996345827,-0.005829204382120527,0.019628552366303766,-0.021420166922641003,0.012358564314198192
266,3,0.01337448764156432,-0.0018949609397629066,0.02718029099649101,0.02598838944555855,0.01570471767114511,0.02079067512778381
266,4,0.028278568849145834,0.010906022304996627,0.03067999865078233,0.04059414156335033,0.04365067236198978,0.017170789891557226
266,5,-0.0069029904773820995,0.01061975609132595,0.011374246555452503,0.009910553260218419,0.0004306231225456863,0.026518782082457303
266,6,-0.0012858999075845824,-0.016164564789489706,0.031088972290358625,-0.0010988972533043536,-0.006725289320863626,0.016501304699521813
266,7,-0.005101189946335333,0.008018677448428954,0.031107562312977167,0.006385797404938209,0.009289907729037141,-0.0024674895328639116
266,8,0.038143516827697586,-0.01380340060617678,0.014203928149895104,0.003162211113339731,0.003883057846457202,0.011631799842685198
266,9,-0.01596522370831808,0.00143504682116776,0.012718797230518865,0.0032312822379466978,0.0201413930437172,0.02391307085068227
266,10,0.028909995891542296,0.028307629336777124,0.019603014727624365,0.04797885507057177,0.012497686638901957,0.00818221157416897
267,1,0.03019189812991347,0.016435133320981572,0.017107310914130553,-0.008102803561976114,0.02815515432948924,0.0479401002611359
267,2,0.01626543526324736,-0.005321441173374594,-0.002118229111120522,0.024202855964301412,0.001878469601968016,0.015429280813020517
267,3,0.003343202177333901,0.026154990296860598,-0.0005524327440527422,0.028058844988962484,0.013132531087384722,0.03344175225251788
267,4,0.027185398946149644,0.015191286636564919,0.02569994849591913,0.015188706616773455,0.04443269599831273,0.03890474512445495
267,5,0.029097301077154043,0.03794323594296447,0.027787864076045082,0.0010568475853547196,0.008047780181006126,0.019990124568624496
267,6,0.022872659081879576,0.014633547482506877,-0.004871151556447901,0.045344965917576786,0.007283111286414001,0.01054916200636998
267,7,0.014276054154576714,0.013147872230247416,0.02324476217340832,0.027668113265476656,0.007571994850193737,0.019281629454919253
267,8,0.008549358155953283,0.03623910913416494,0.00836350726857437,0.020561547473798826,0.0029464015404122414,0.03471368280278407
267,9,0.031942169088229166,0.02429573718289796,0.03479301065340908,-0.00578937454003656,0.04254028268250555,0.02678979184348532
267,10,0.006586909591452376,-0.0028046377776816504,0.028763085652801702,0.009358316250141042,0.025771526786890746,0.029946659327080512
268,1,0.01360404786442633,0.022376276239355213,0.013754011585094213,0.0013418929997016673,0.015917744359475034,0.025184841699620625
268,2,0.0040158537483452475,0.006074265505251592,0.015936471547039695,0.018460749619646697,0.011631295944254423,0.014523152727737763
268,3,0.008054269489039064,0.01500142792128564,0.011995493439277733,0.012691569113643466,0.016816734741420574,-0.00965897300925526
268,4,-0.012744947400148808,-0.003013735662064658,0.018291970947567748,-0.002254246262934109,0.02271246834129842,0.0013011333495759286
268,5,0.01762714370115492,0.012385620127899148,-0.0028877697825211816,0.013276858540519782,-0.02612236993031651,0.03282624889672954
268,6,-0.008061938922835413,0.030550767516031814,0.011696006731823133,0.009500482266968703,0.01651904148209274,0.0035632278843042518
268,7,0.02795420508546849,0.0033438670519484815,-0.006347033198618842,0.027854224120431596,-0.013847455355684256,0.03829792029786906
268,8,0.006658057217703655,0.017580373147403617,0.0019278539025415478,0.023834840188970995,0.002990380822583949,0.029167266374633214
268,9,-0.014666461328029793,0.012265375137883169,0.009273658475984567,0.022311373487565647,0.020906718358771375,0.04057581899192804
268,10,0.016114997143505044,-0.006911386403362017,-0.002138366844371746,0.015526301080917185,0.02526585199859279,0.005832938123779269
269,1,0.026797572852734944,0.01187449479617794,0.03982872429842118,0.011234062481368769,0.04377651606248381,0.010030271044828927
269,2,0.004023167158339385,0.0064842643965378295,0.04186455263080848,0.013142724236183081,0.015405899804901787,0.031273734563554124
269,3,0.039048961546041636,0.02941423353375169,0.01401709764816019,0.027287493054188466,-0.000107890433684571,0.0027151508621130094
269,4,0.027396637315015054,0.03822523693429402,0.03636316563834568,-0.00483206291106531,0.029730367341163105,0.007168755513375742
269,5,0.007524813069701886,0.02834802718962578,0.004668722089975446,-0.0022178701050890796,0.01692290738564966,0.042652394178949365
269,6,0.03136142231630039,0.009690204757028305,0.006132939033485885,0.01231713374358058,0.021459209759603033,0.016860062903280463
269,7,0.0150221379824549,0.03136405137214487,0.04184704449146925,0.0034697612357214203,0.03088772845895495,0.004220742168785287
269,8,0.02124783443888007,-0.0024566499336656457,0.021972366924167364,0.014578129163667462,0.0019334141441552572,0.02252293269772495
269,9,0.011466447251679585,0.018249728994124356,0.010776143401582465,0.014191715927025882,0.013684549496210527,0.02762942139172741
269,10,0.021333382725148318,0.038987756470577416,0.018245426759416677,0.01362500385811792,-0.001071592225281769,-0.0014375955271515863
270,1,0.015257347458192667,0.048057911383742415,-0.010743192952792108,0.028207492400724968,0.03794573296994105,0.011301974929520538
270,2,0.021434220759537468,0.012536248418204733,0.019198236728718805,0.009570757328159017,0.04013118386170256,-0.0004780490515647339
270,3,0.004909177626541036,0.02231241545167948,0.03188894200982619,0.02584493859734645,0.01065651406023211,0.019363684714807164
270,4,0.009153036072306331,0.0072069591654366,0.034048711259056556,-0.003575906984857514,0.004286441341222727,0.0407476788795522
270,5,0.018336370251794246,0.02212996140507842,0.025664829918434464,0.02955575607184451,0.010334153679773321,0.005406106487443189
270,6,0.018859278347504747,0.0161750307672725,0.0380264142324487,0.020743283697075433,-0.012120574374884818,0.004513755359084081
270,7,0.0010973181531403968,-0.003392225233632349,0.0036683672521108037,-0.011701576825896415,0.015317444040368023,0.03664448699180231
270,8,0.027771430622597192,0.009756494665370706,0.023204412928566457,0.020087949857499586,0.0008206837687713194,0.03514143360353969
270,9,-0.005490132717300748,0.02595484958007443,0.02249102140484238,0.028978143434276918,0.0031137693338516115,0.016419901370862224
270,10,0.01567196700096563,0.0336439870143328,0.020208500330908697,0.002981078429651619,0.01024088920177612,0.034914377037978075
271,1,0.0255787851981087,0.034755780278582685,0.031710060862483576,0.006319037272827111,0.021854178054129224,0.010626529860707782
271,2,0.04513094887201358,0.014431707319285976,0.04756654705182982,0.03584078921516366,0.01718835977571246,0.008990122148505426
271,3,0.054195107130028466,0.045771166849919095,-0.0014309075888783267,0.022340316684833283,0.03773365163736453,0.037463413756362175
271,4,0.03129468498794508,0.02547232120502483,0.013193411395294691,-0.011004426170129422,0.025265214020534537,0.022864407753373884
271,5,0.014476298922866358,0.040762773054848045,0.031539140559005883,0.03088135863792381,0.04921722381295156,0.015439713682627157
271,6,0.041532958555382235,0.014714172910693978,0.016041191872138667,0.010100044044762176,-0.0006734918763313311,0.026178748891164214
271,7,0.051169201465516755,0.03827242086247691,0.025158198242613183,0.029556151028180832,0.023385006637271975,0.03486951213303842
271,8,-0.008481988997253795,0.03138879703188412,0.012283924422130478,0.0096843018393178,0.03818699117113101,0.020604462338809016
271,9,0.04663417979360785,0.02831681131693141,0.013968974479495407,0.01551537779971079,0.011549360813657414,0.024567622999320828
271,10,0.01577021695009914,-0.001229182173855628,0.015847690111764914,-0.0051685613592930965,0.03314082263512017,0.006823613634790446
272,1,0.02420549901937056,0.034010431211637715,0.026027897964064576,0.0022759422492362982,0.004169058438348621,0.038845232098219704
272,2,0.01976245692359833,0.04067823957458856,0.036224697165073254,0.011023950883194467,0.029620349251246722,0.04227180557346973
272,3,-0.004934860539236388,0.0361306651490456,0.015373162437581356,0.027904999131588518,-0.005886915785097763,0.013237122897392475
272,4,0.038773644925830304,0.017488531690602105,0.033638511546630154,0.03124238585042875,0.025866440183573612,0.019065143367081178
272,5,0.03887405989206719,0.024329000870054854,0.020126415146610937,0.029742253108097163,0.025065186406008133,0.03392993317750348
272,6,0.03139270230820385,0.04584446271659067,0.024042523375249602,0.016567130163688094,0.008506991320161226,0.031688008181338385
272,7,0.03692737754952219,0.024527220022451956,0.005010918589417221,0.021969137418409834,0.04970083904740628,0.03443437628314031
272,8,0.00807488932355998,0.020360075372931816,0.038916485722572766,0.007056404610305105,0.004958289224242002,0.022459075553627087
272,9,0.030964942004413385,0.027905101934133432,0.022792095004173497,0.03732689008091354,0.026580617343316626,0.021794032119455083
272,10,0.029574097582610613,0.027132931159159754,0.019013489072666024,0.02746499821738797,0.01596415298760243,0.019122073517635854
273,1,0.024745484493036207,0.03066676925150902,0.04149473245558329,-0.0035230798815589974,0.013457178838324957,0.028582103106122348
273,2,0.0038607724718300825,-0.0016702354801124888,0.020760268746716073,0.03544038040989005,0.028145814641341353,0.04866198288367847
273,3,0.014668208555921618,0.03142645386078012,0.015635147558849285,-0.003190587616551284,0.03868350485701275,0.0263699718315713
273,4,0.006609596081972665,0.025530311197603846,0.026231708043480573,0.013577952819435022,0.011708365957652801,0.022438762277768292
273,5,0.037021882394483986,0.03358394659766698,0.03446899786721354,0.03396782984712806,0.012039876490333293,0.03128801573519784
273,6,0.007265455681280164,0.03230684151233265,0.016539915681173044,0.011596356491818968,0.023810649986262283,0.014339511326866332
273,7,0.005066418451047375,0.014885472048835937,0.01946718778370052,0.027926680956584803,0.029386842965935314,0.030709946632310376
273,8,0.010789598981709935,0.009584424173295036,0.03636293264233778,0.012250587426184264,0.02091806047078209,0.01750503187573369
273,9,0.025334190894763686,0.012581177241402121,0.027058443007789854,0.04041528552169158,0.020775612120923728,0.00508787219147336
273,10,0.012256385641700061,0.01643887705055557,0.029431847932018883,0.016441795565571335,-0.010012604392364791,0.012773927017690706
274,1,0.019204190700325027,0.04318983853469509,0.03153843025155248,0.011988836605303197,0.052239202494491925,0.0740290042506925
274,2,0.018305776202089317,0.015669078746203262,0.05049506300699364,0.06264352527559432,0.047689339209600286,0.049872259601611145
274,3,0.030854496725687013,0.04797111530220495,0.025881205153231977,0.010084377365950706,0.04909428440547651,0.034001742978159416
274,4,0.056501899736540184,0.03197358935841282,0.037173578632038344,0.007097311958633726,0.03612647287879716,0.03695567727915058
274,5,0.03680330366093645,0.03844801224118005,0.03630736747582027,0.025964754519196415,0.04364159636121014,0.03794107959930466
274,6,0.00021825535374897943,0.025600265432864058,0.040377276964838366,0.018121580526810697,0.01797788689545619,0.014822865969629739
274,7,0.018615944945333765,0.009310155789436668,0.04405535921986536,0.04726602263341494,0.002860599597536709,0.012373266747261896
274,8,0.042766551662673,0.02356529982427706,0.04297007615630552,0.021450820649254028,0.012334986073899606,0.016938786309609447
274,9,0.0038629617938343843,0.040804089462130294,0.019481335580355627,0.02699639683073865,0.0018464019328684074,0.05373799895882577
274,10,0.025608672898782978,0.016054140018823878,0.04408383081536281,0.03627118853137689,0.024582370854044137,0.026629263484410443
275,1,0.026073751269664793,0.01232058750406029,0.01524461874833656,0.04559599594505722,0.003738831467991867,0.01570278556812038
275,2,0.01451593464016483,0.0412520164580189,0.002238594008588133,0.028759429906288766,0.029229599443567306,0.003201137822381676
275,3,0.02474456564963265,0.012199319407891169,0.033267470938243296,0.032246395252786664,0.01617957539864475,0.019855813695631108
275,4,-0.0011087183499745173,0.0025138706012575256,0.024442021912367547,0.0250718772081464,0.002958911360175445,0.05021996128791392
275,5,0.009250660898473206,0.044463000385662754,0.03156682507185253,0.02194571985122272,0.034576977609863335,0.016787848196417515
275,6,0.04371230875386239,0.034342750881114104,0.02516955906457512,0.010070864183698269,0.007309084488488721,0.0360078787109628
275,7,0.025307892961967664,0.034478868051187384,0.0071042096680247425,0.025495218852531164,0.044923432438007796,0.013572295224974927
275,8,0.014152999345716172,0.04756014539631573,0.023587860934680967,0.00730397375453926,0.02021079916259392,0.06007492034486611
275,9,0.013132118927693075,0.04031240462507105,0.027078399120039964,0.012928297639253227,0.04272197094474368,0.04246166730037314
275,10,0.04410352524809215,0.010511461099021308,0.039075092644011114,0.02974633892892355,0.018457438346320094,0.025896403953808753
276,1,-0.0011392635133993135,0.007212750518717562,0.03369062092544621,0.019034201933818187,0.025754124744485483,-0.027628726026747662
276,2,0.03244834764045255,0.01560711227110301,0.04031412923957459,0.03067328900115754,-0.004866887040495422,0.02302137868455313
276,3,0.03715753640464087,0.045980108176757566,0.007749498692825601,-0.0026281140913007504,0.012361633891232683,0.009512798766140633
276,4,0.010925070044018685,-0.009340735993324755,0.00626504365461117,0.012547731310471544,0.015649576017552277,0.01810239291986517
276,5,0.021445057120611188,0.03846953056851757,0.036512509359356245,0.005569124779076753,0.015907833442548182,0.04367396637816339
276,6,0.011789355668131211,0.02302005944612641,0.0231901055145333,-0.00041954767955018147,0.03214944328671382,0.006953777720639269
276,7,-0.004508440117414425,0.029659666272189293,0.022778893465100373,-0.0024772507407556173,0.012719976287435545,0.024450196453634575
276,8,0.00048476647641090587,0.0227403722539352,0.015704507321344662,0.0021882891912268134,0.029423924461438693,-0.010281135266966786
276,9,0.018290309417617064,0.01756434264909203,0.047091819351839134,0.03141067475984148,0.024495258598107507,0.01773943108451889
276,10,0.03917625545007206,0.03200541781802312,0.02473487796775525,0.040066309493803895,0.05918965331802314,0.020457047610750567
277,1,0.018605384679038908,0.034311699062364975,0.031050827289572296,0.036682478094873856,0.014102863927116575,0.01982733187443992
277,2,0.027946722987878102,0.0322098963577787,0.015974784111651916,0.012675542366451218,-0.010822522854006023,0.021927602195584636
277,3,0.017163920845937427,0.04480488832033691,0.014247635575939945,0.02280068017480143,0.027194277693837768,0.00932325628483104
277,4,0.030601251045442663,0.02381006413216674,0.03604734844967584,0.028267869893439615,-0.005660000877840375,0.029244337523220084
277,5,-0.0050310888800183026,0.009137724399486619,0.014516886900598361,0.03490366876056872,0.013867380708602588,0.020618700760575325
277,6,0.02742316070386484,0.008905538004401728,0.02055544345587058,0.014336188947845824,0.018325568949818922,0.0036293029671209493
277,7,0.02647588052770604,0.02593422561348736,0.028428788715049454,0.011405592822068556,0.02449941727463037,0.02531196523787709
277,8,0.027772783673467215,0.043631434354369024,0.02607311807473245,0.008035105680096893,0.029876519136987058,0.025657417387216806
277,9,0.004052971666568345,0.010506924034194625,0.03541359073336537,0.0018228597946227266,0.027916435700015316,0.004081837438519787
277,10,0.01090875799703514,0.0316254111091241,0.04177610354038098,0.030129011348617868,0.01296810634699367,0.06046126958752146
278,1,0.013081739318188143,0.008310318977298852,0.019874332405885493,0.02630888027136391,0.004321661911862765,0.004322833289484909
278,2,0.0303465846225547,-0.011522757146997634,0.018087898560136716,0.013059172732419107,0.021932816631151823,0.015462281829163876
278,3,0.010998850981128924,0.025863013685062407,0.00923608895560139,0.017168153735907892,-0.002543270084563981,0.006014225524063849
278,4,0.012608969163195302,0.01908464103474878,0.010461841532055425,0.02592892848613036,0.015388419810588555,0.00024201402872159965
278,5,0.01039585845462414,0.03883263724809069,0.016653693004476094,0.0008305637326670683,0.025574517109850443,0.03612267074043346
278,6,-0.0009738835322615121,0.01555125461363145,0.00017927644931301477,-0.00860060934891184,0.0009021427167468885,0.0392125075417588
278,7,-0.0007128083469971108,0.03552975816696508,0.03700385097588068,-0.004135989273743259,0.01638775882656474,3.196988527862342e-05
278,8,0.012295780701743352,0.024963705949425565,0.039709889983348186,-0.018347118194496127,0.04322011506156352,0.025295268411044684
278,9,0.02794529053513685,0.004485506924189398,0.01557193086187805,0.017233240128617454,0.01758042075057495,0.019045746685418856
278,10,0.029067735370037345,0.026374161452858102,0.031313349867829514,0.005652508667272814,-0.0008429739990476367,-0.02504345320158266
279,1,0.022765026059892248,-0.004014922919630449,0.027722682622650055,0.007412822937977816,0.012523376221369297,0.032047857942639174
279,2,0.02660087569800488,0.03671638286924149,0.04078331332986871,0.034907484187455755,0.004039316464837511,-0.0007785570858963313
279,3,0.04029816056004808,0.03785729367318307,0.05670070781025147,0.0034433786607435046,0.03710850764724375,0.017287662840256332
279,4,0.029069566059464362,0.05942578215638967,0.028232058368461942,0.012553111921457305,0.035720045216027105,0.0463093236190193
279,5,0.02505430687733037,0.04410777043963376,0.03348913561001609,0.015986893651146184,0.010618636571205467,0.01794584891397818
279,6,-0.0017686991748539528,0.038393841665754866,0.02275068781871091,0.02558169558031138,0.015261499311188174,-0.0038078612111312215
279,7,0.04864930406141533,0.02054698992451066,0.026972795519322718,0.014739327216223331,0.01439698660030807,0.021894562921924477
279,8,0.016585056337788617,0.040242653290446385,0.026368102884411982,-0.001649944495176798,0.03723966517324316,0.01227046066848332
279,9,0.01735353257968551,0.018828557583498034,0.02113076883752191,0.016049677103923913,0.020537646490138995,0.02537555265100639
279,10,0.003993815026816701,0.013964039976473813,0.04479149610672172,0.0245757622102924,0.019413883572342076,0.03657106361126099
280,1,0.07802299478134705,0.05864448060037125,0.08363130834236952,0.10841728019580504,0.05594330811799831,0.08885436132797557
280,2,0.07640971372157411,0.08115355031897471,0.06471890851727218,0.07887585083463516,0.08173584499990977,0.08705493990960565
280,3,0.09104765360236178,0.037279686524644105,0.05816912047495359,0.09250218529830512,0.04991912044142564,0.07424440601134968
280,4,0.04427110137452031,0.047073229241880545,0.053788330522990466,0.07597891940625473,0.07800801654341896,0.059647941144372364
280,5,0.05028812931803721,0.052656018425549254,0.07344250141334625,0.05649033569630545,0.06251836349431657,0.06763850836615835
280,6,0.03818163379512411,0.06078228678021644,0.0521370014855047,0.07388238802525944,0.04837871902437642,0.07476178339115515
280,7,0.038251096993913,0.02199768426246784,0.058722096790308605,0.05708551564603644,0.04550089810802792,0.068803499193754
280,8,0.034932493860100076,0.022712019174812057,0.044924326585422766,0.061582545218608016,0.05232121977454511,0.08424474587673234
280,9,0.041767912738439744,0.06287879296003317,0.06291342224929804,0.05143181751493329,0.058987581114128766,0.08025880671644596
280,10,0.07859991683343372,0.053950167975191844,0.04623916275831807,0.0633501142811912,0.040651803370291034,0.09208381586121334
281,1,0.02189832970810122,0.018072655753309116,0.015389576405991673,0.018197698039508464,0.039395857417783536,0.031128430836819494
281,2,0.02897117798733907,0.042930168800480145,0.04275817226060222,0.06156470042418153,0.04755767466247281,0.045338971917945725
281,3,0.0349211682356451,0.05232041103518296,0.019167780142865125,0.03381603517892744,0.04235491179584906,0.038878966397540786
281,4,-0.0028883900979936547,0.02330224791344553,0.02731968486606119,0.045087618612732264,0.03385754728290311,0.05662105577279288
281,5,0.04332997877012831,0.032111292741971796,0.03251174454126119,0.033732664531989844,0.025090508872630674,0.006198980231682501
281,6,0.019088130503720078,0.04316516544289597,0.051190222498609224,0.05134867417649714,0.04015879749969198,0.06665940434399598
281,7,0.009464234523296006,0.030864184372922043,0.034553545171556455,0.05607568573923956,0.005128800577587607,0.03142693579643019
281,8,0.011253428645798608,-0.0018008881383864777,0.027913350564739873,0.004829994131485374,0.029356988887958287,0.03668300506895797
281,9,0.04836952350458818,0.022631506733934312,0.020588521750432777,0.023984246056286736,0.030719854978861153,0.036970921989134875
281,10,0.06421502354133427,0.0022878838068190657,0.03705420928467383,0.04352172536445891,0.01134241885489057,0.060302201583953004
282,1,0.12046934364789942,0.12423321278256752,0.23530627925032088,0.15476832579818856,0.14312270770373278,0.2054606290145825
282,2,0.15821516039303768,0.1312372904532784,0.19242140025233073,0.133112550367302,0.08777995756002022,0.21713786629526097
282,3,0.09944878182864711,0.08245341398473631,0.14181784619734622,0.11311530084485384,0.11469923796463852,0.19492109928345747
282,4,0.07597940327097605,0.08682923181159732,0.12084248173749196,0.08286269295043351,0.07515352180002768,0.12630077083831046
282,5,0.10632778299681242,0.13221410436954534,0.16775691589187453,0.10343154444334035,0.10098843141105585,0.20226978823261224
282,6,0.07943786562449384,0.08420862424183297,0.14275523013564498,0.08875139280247431,0.11307122676290486,0.13494204205209553
282,7,0.09796169421031742,0.09497738875949704,0.14582800326299244,0.07841676784961649,0.07438299297390878,0.09121215396901972
282,8,0.09232421893502232,0.10067969511255749,0.14450670505335653,0.10018204256373277,0.08291761357278475,0.11810120580793552
282,9,0.07646152446367788,0.040021674520316554,0.1167757731152207,0.12450714557914495,0.0915211349870537,0.12035888066362414
282,10,0.07773511754724126,0.05485354964438919,0.14635290915918553,0.08320207531079148,0.09166252384347341,0.15616132201543148
283,1,0.011626764137905954,0.04533702081378605,0.056011800423656874,0.028428037052539074,0.024215435078163598,0.04535844042859148
283,2,0.021068121945295386,0.05163502493694592,0.06387333522900823,0.046508825497344836,0.048624208902821583,0.05937702568311568
283,3,0.04893553169843209,0.03846550753649445,0.03818277640215305,-0.0037787927997679866,0.051358819640614214,0.028568941141624823
283,4,0.01940759114203204,0.054255682539986576,0.05821081325978353,0.0102367897892727,0.0402681833742617,0.03263249959527071
283,5,0.02000265158162185,0.015489996218680817,0.026483267356329502,0.011966483922441309,0.015676287594163476,0.01675949364509514
283,6,0.030823995505906424,0.03798827378271915,0.04113786726967783,0.02606698607427606,0.01427883776227417,0.03298903186504675
283,7,0.022191714276370674,0.05431708203645106,0.03412574150357753,0.012908870929532096,0.04381149082127115,0.02761153584270895
283,8,0.02678986015330657,0.03511938381465741,0.03083577484325326,0.02285730527118082,0.05887267082717825,0.008773486352878621
283,9,0.012106212548720198,0.02113409832395546,0.05318815132728677,-0.017196799195554537,0.020486139874148667,0.004373964446362202
283,10,0.03213916342767311,0.043047667217792566,0.03591296894521128,0.01740631855892805,0.03947170083273147,0.03681084335077606
284,1,0.004123829592690524,0.010797681153048666,0.016004547337445666,0.04202006656344864,0.045933397708546556,0.007573229945837327
284,2,0.046142331116771296,0.024029764482297284,0.00139633707697209,0.022629493308912237,0.021748464331450664,0.011251877527367456
284,3,-0.0037255832187367485,0.006681151860074977,-0.0008515433867760611,0.05311687863195843,0.01372527734595844,-0.017770514342719174
284,4,0.06579671748406243,0.013526353943927406,0.02271152128686966,0.030603324744506322,0.0330812995631224,0.020560154098924383
284,5,0.014806572283950652,0.02537252458137045,0.02658767713721985,0.008933882692336428,0.01984895502849073,0.016309445874600745
284,6,0.0034265315468030013,-0.005319171953862027,0.04119549987122573,0.024366874358610246,0.026266418280844663,0.03458365818617393
284,7,0.01613290991463777,0.018437397573724784,0.015210958352482084,0.013416296913381028,0.03834956249702818,0.009475251736033892
284,8,0.013827684241846026,0.015344074602859784,0.008384281991991616,0.025758286664480642,0.03581655695384376,0.01756770091216301
284,9,-0.012972778336776524,0.00991617125016348,0.023852184933132577,0.007546708152033068,0.02744510389565428,-0.0021985138530694758
284,10,0.02423947271439442,0.020831383030594952,0.021942546403963262,0.01927180102367222,0.03395088377872201,0.024931784110605943
285,1,0.015708306469331353,0.027200235854959263,0.05032727181186276,0.03719568694847535,0.03418783376104755,0.030975687643954516
285,2,0.021852230525793125,0.041720238766266585,0.039309078745402695,0.021770563954619793,0.020919129860592436,0.04148045569161674
285,3,0.024245665070958565,0.022702673908824626,0.042450837847917464,0.009386555903442248,0.005394065342413255,0.016868857402973763
285,4,0.01959576795426391,0.042510962010170635,0.029050707953741477,0.006524670924476544,-0.009215425244591022,0.017945581662913223
285,5,0.05428947662383111,-0.011831782959779812,0.010034471628742285,0.020399646551433382,0.023882100530062678,0.01835362930548837
285,6,0.027147482560708005,0.04658009273976667,0.030567317320240036,0.017439646071698307,0.00972022260212314,0.03813079241419917
285,7,0.0181252776783614,0.029540731811298706,0.03335395173974133,0.025532313456817668,0.01745832800664813,0.01753874152964862
285,8,0.03829905035906472,0.03559165189470067,0.0066041981446046776,0.011925618715720466,0.005898465212752512,0.0339671649370435
285,9,0.013896029075543357,0.054515913339690865,0.029184260925600745,0.022373851460190677,0.02091004188130178,0.017966476630348633
285,10,0.03413347921988363,0.0242924296046887,0.041222057081303116,0.00823509308284796,0.020706842832364382,0.025652198789879007
286,1,0.04053355188118667,0.029125131564724318,0.018849561977402313,0.018426160018305375,0.020382723989645128,0.020233268835813067
286,2,-0.004579586245104779,0.04380978461310433,0.007439506439845211,0.031990412112966674,0.023743328698263032,0.036790768389219936
286,3,0.03496091130789132,0.017110952718681564,0.022701734686242217,0.049607844930856515,0.041319851859216,0.04609651274137793
286,4,0.005868765260812915,0.023167843171125312,0.00034160505250990954,0.03983888863021257,0.03260641944575434,0.006020669168139003
286,5,0.013328328103552325,0.027706306821636432,0.027193367771009752,0.03332711012545513,0.04536281885392313,0.03701715249290229
286,6,-0.015414200556331335,0.043631259217817214,0.01665027842171915,0.017087049320196893,0.03565348688860302,0.03440448247346141
286,7,0.011608025862413593,0.020666200089319874,0.02166909489673232,0.02820252722087191,0.018841278324030476,0.02867089623831929
286,8,0.005341746228788641,0.03315535724326895,-0.004440577620359453,0.0201922247407924,0.02417161863643011,0.03573496028134674
286,9,0.03029560453224665,0.02129186091885645,-0.005316212187965446,0.03088035225426195,0.026645364732892373,0.04918845763084722
286,10,0.017406459932455896,0.0363834966943052,0.004425093492198522,0.002731089735067609,0.021784518193432575,0.026076773819431107
287,1,0.03473609764486456,0.042142950812441626,0.009102452877571993,0.012942476590391603,0.045941457385059316,0.06905763171443705
287,2,0.02578149824836755,0.014725075241700004,0.036246099545342275,0.02046510576732987,0.04458402098192111,0.03703064031528648
287,3,-0.0011939084529934314,0.03606552364056119,0.03957489064622182,0.05292515507346973,0.03832285560663399,0.03427797411568109
287,4,0.029358006408649634,0.012495509505406666,0.02282968737578852,0.05692827017797182,0.04763446153496784,0.02500095335827454
287,5,0.04378100815226083,-0.01660875140980288,0.02759376850663512,0.04724233159948705,0.07309477335654592,0.04858351344295365
287,6,0.0034421092178310653,0.037130635942667044,0.03623200926563905,0.048476170315436655,0.030082772667987836,0.03285194011416685
287,7,0.03216605562328119,0.02044619410085532,0.007189308031884911,0.02222801222199589,0.030597223537572923,0.041937469727587245
287,8,0.00951423290491645,0.013906557165221522,0.02477069182166077,0.043634693384793664,0.04561684244266145,0.040231471724775904
287,9,0.02492380195585805,0.03858361317654899,0.03511554141035416,0.032986565766359104,0.03222655634165436,0.03817751733173314
287,10,0.012873713713930559,0.0011484534988611377,0.027934860508212752,0.03594564856894874,0.045427203051566174,0.0675351800341861
288,1,0.016175771488744283,0.018102834754209027,0.003365541881153058,0.04484620937723257,0.036112106255527916,0.02643806588282071
288,2,0.01813810471726814,0.0055217884314166885,0.045116624335427534,0.04205718066644882,0.038313284012206905,0.04878958561180388
288,3,0.01778224878460151,0.0332152017216645,0.014332833919951741,0.022987062066270093,0.012399972549349386,0.02904405651624633
288,4,0.03389264215561356,0.025557834905116265,0.02372904664363436,0.024466475570312996,0.02687788415276574,0.007607081512092542
288,5,0.035575353976311404,0.03629655402775063,0.030516209061333146,0.041306722097791945,0.019818834054172514,0.01829250155235755
288,6,0.0015787001312235415,0.02538380216242011,-0.006804162140421469,0.05078928810247087,0.013452426902468216,0.03261841602058277
288,7,0.04778919746612338,0.013650091663594648,0.02066391363492782,0.03650572591604425,0.020207279346632072,0.049395313291760494
288,8,0.014521609819361788,-0.004802427789299401,0.019941529745845895,0.03200888265300276,0.0550659513353669,0.02995410484115684
288,9,0.022783332329576397,0.03432556419498896,0.017988706432057928,0.031091919831269757,0.042072389232529005,0.023756750984514886
288,10,0.01145988439071502,0.04152176972705136,0.020220738833670492,0.03217199145923623,0.022383873128844548,0.0218252214779164
289,1,-0.0076104565386416285,0.051928661153872055,0.01660160147338829,0.019748220709467232,0.025148772979568496,0.02591145130722185
289,2,0.00842570050230032,-0.022004656499616325,0.005668824353425988,0.014460672021270084,-0.0015791847873054357,0.03323344201928815
289,3,0.03395135802371925,0.04482230691595069,0.021941240504663524,0.025558943983930542,0.0618106489804337,0.05477550560330844
289,4,0.01519826547423614,0.016700606152981304,0.007103932875449884,0.024328609790683808,0.02427914799563393,0.015313771066961647
289,5,0.0038520917138632855,-0.005092861432679335,0.011633290428709414,0.018290215393794104,0.03182527346514902,0.007797528891877126
289,6,0.008866457774380936,0.04391962479503682,0.014258922157177677,0.025050898926117768,0.02334655939999612,0.017567779812895246
289,7,0.00945417413967766,0.014545576041879789,0.027840216340125658,0.004739525475533561,-0.00654520405921735,0.0465362985866926
289,8,0.020495060507153242,0.0017401830195155293,0.03701653998396735,-0.00016710612833340449,0.00682260484326591,0.03700290363264563
289,9,0.013774460018391006,0.018510355152020076,0.0336945716270249,0.03577573886275688,0.02398949513777547,0.02721448585064907
289,10,0.0026216911318996325,0.017028754027919646,0.0335312463916699,0.012383211400056998,0.018505278873362986,-0.005808960176843378
290,1,0.033725953742681745,0.049360949401729234,0.05637506355677526,0.019933509528622592,0.04064593535350358,0.022501951758272937
290,2,0.02302612909065959,0.02475075489331476,0.028579776439460268,0.040419167308153155,0.04098328460107422,0.024263871918834588
290,3,0.022785916729141993,0.024429944602557933,0.0263183773180267,0.03740158114019009,0.0323826232354774,0.013914125329138197
290,4,0.05381281964327338,0.02913725418266571,0.020470327603166368,0.005039792122387291,0.03384848044020073,0.04119860246985061
290,5,0.028761332076062796,0.053260345303076675,0.05571595585999098,0.009955953508684947,0.04089294130573533,0.037059220748685624
290,6,0.036053486901918896,0.04363519079905295,0.049278040644300455,0.04235240093770944,0.04007782945154566,0.04911312014993641
290,7,0.056352047877743915,0.039690913710249125,0.030231651725683494,0.01737959971182253,0.046431975956523895,0.036851906613040046
290,8,0.03384727455060383,0.037103084421434736,0.04078529481781826,0.03475579235669706,0.04606873989411457,0.04281147069001199
290,9,0.03143380672271994,0.046853847115702285,0.03584363169421323,0.026503151287332345,0.032393313948770465,0.03722547294007871
290,10,0.040200726782253886,0.01956527254623662,0.026250889192293736,0.032745256392288966,0.040577371068303204,0.03307927089381573
291,1,0.01841989962327483,3.621210618712754e-05,0.020635519702570732,-0.007757163476690801,0.020820230393723712,0.016920682255916458
291,2,0.011693162342463754,-0.0075941773625057395,-0.02392501140772272,0.0027934733522971674,0.038317636872253334,0.012470082559030713
291,3,0.024541186387076912,0.020210358212492688,0.006282747014067657,0.044305784611567055,0.02534329216657661,0.049334664764627625
291,4,0.0036793650689692465,0.0006871665839698706,0.014005609633148685,0.01917211422198956,0.020020356267600133,-0.00889317455765925
291,5,0.009413150740543861,0.01728824270815973,0.041116867467158355,0.020401713458400677,0.029589198119305535,-0.006034738995474275
291,6,0.011407749157157511,0.013718023385233043,0.04740922741836882,0.035763217078614705,0.007685700460574276,0.017690371125028335
291,7,0.018852642366733827,0.019003644431112098,0.028237086942553006,0.04432367251534334,0.026825972292197006,0.008605080134208432
291,8,0.029326561802082523,-0.0015824959380447738,0.0018252962282150433,0.016985072100647425,0.03191385991437784,0.015026559844777312
291,9,0.0013973869552015897,-0.01185894169105302,-0.00829056030709053,0.023982925011935104,0.010644105084561598,0.03261754880530976
291,10,-0.005740527726703371,0.036696170265620054,0.005138773523518329,0.005111850208003069,-0.010918239572079843,0.017977110781488156
292,1,0.03980860236351869,0.034290673050867845,0.044429372940830485,0.019184078727138346,0.001416404776011426,0.006100998063034562
292,2,0.005756119388836344,0.03437229546106218,0.031643079900165814,-0.010154848717711414,0.048013313513526196,0.012559575697373667
292,3,0.009114907146844462,0.022133554627676567,0.031190837509062326,0.020889073740209926,0.015623609660253848,0.02798127799996996
292,4,0.021512762178941533,-0.009456595709831137,0.016817671210652762,0.020127113209491704,0.011741273615265654,0.021269095602476914
292,5,-0.0006059833571208923,0.00997601422153981,0.003942607936457466,0.03441332737036321,0.026748405556966955,-0.01053378440105858
292,6,0.027915666971447522,0.008159235720256095,0.007644160782048163,0.0053898392604018125,0.0438206334625488,0.017383372555961948
292,7,0.018438278542293525,0.02694235523133293,0.023425473435304614,0.047924183201583294,0.02149030425539376,0.01698908155703119
292,8,0.025258900930565053,0.021164262398714027,0.055586250484717666,0.02771264352379941,0.0222309838152992,0.015158756445413653
292,9,0.022749041809528716,0.01186064957715237,0.016783727992452282,0.037443173380186205,0.024626816732311124,-0.007011205586202294
292,10,0.022075094199491798,0.051435983100911624,0.046450823456065465,0.020101247949645823,0.020741096861814072,0.029516677836833677
293,1,0.09255943139871933,0.0893096074072968,0.11630169929469601,0.09817040624015727,0.08201611728429004,0.10143035973471415
293,2,0.05877331948279604,0.06519206862830722,0.0934728650248449,0.0854537324542479,0.07734338617454417,0.12451123425257583
293,3,0.07882659312084468,0.09262932475023632,0.08683168687836715,0.07500579803932178,0.09747676004119928,0.11781990669021569
293,4,0.0728997161800483,0.0554251106443038,0.04936584634127109,0.09010746186891787,0.08466600962433103,0.11348928490100695
293,5,0.07100556674008238,0.07172057684461992,0.09577548699370617,0.04416960810207364,0.07956271635299234,0.092153132976852
293,6,0.04906667565965698,0.08954475231394092,0.11090552073425068,0.054497524878369466,0.08382375829845776,0.09888925894083686
293,7,0.04267655390970109,0.05707159672286171,0.05053853543633374,0.058608806775353815,0.06742459192329445,0.08513286912891196
293,8,0.05140975771880496,0.048440177561329505,0.06141637202211759,0.07247909273479072,0.08712917462546337,0.10656565381557292
293,9,0.036996014774451254,0.06401621174151564,0.07578184923668428,0.06267038879108294,0.06817734320806008,0.0783130907731511
293,10,0.05121722940546389,0.06720477982499701,0.0535482298286581,0.03976745111803876,0.04792097569529355,0.09359496347816193
294,1,0.07173718873112868,0.047091554904106256,0.06118891395998761,0.0645702495359415,0.05428534164232573,0.08832399029951778
294,2,0.043397074637499165,0.0319584542615273,0.039129149169506806,0.060046918566679035,0.031440657389567035,0.06852824070663434
294,3,0.0443007701839227,0.02280038044318838,0.03558578812555177,0.056664154406966774,0.058279716644227694,0.0332091852272729
294,4,0.04445138121597357,0.04964311446418276,0.04169190749691939,0.03287952381051423,0.018176576812441628,0.025987754640727834
294,5,0.019075011531172283,0.03992650176739389,0.042634090681474945,0.027838571943197773,0.026151103333586015,0.0608116674161945
294,6,0.03231823786175437,0.0022291250419029488,0.009917863792333483,0.03037260118014912,0.027553291107290392,0.029405337059288442
294,7,0.03499919518858197,0.03535156604723985,0.0392131145430108,0.03914953877558038,0.025554438340401605,0.03828390748343019
294,8,0.023742435875756935,0.029601973339422726,0.03521103659464917,0.04598271771545836,0.026113843841350955,0.04406410074489948
294,9,0.02077448880989433,0.010690609159912049,0.01258746361735298,0.006387046217253175,0.016188153517110903,0.04481594781702896
294,10,0.015707383562945855,-0.00534906004903136,0.023866206496933728,0.024047373601141654,0.03941991176646043,0.005372463401310322
295,1,0.03531084815039792,0.07029619513121894,0.07367227890067414,0.06281890458542103,0.07366942973344452,0.09910512597519305
295,2,0.06277628386959107,0.06638960678694068,0.08648459116216052,0.04915093259239667,0.046124808632170174,0.059338625675038316
295,3,0.06363620616225384,0.02941564236324457,0.0666793873303262,0.040528919219306535,0.06093023647250672,0.0911622166018666
295,4,0.03668399171474831,0.025975606983269686,0.06817890796238173,0.06219584235897953,0.05030483025481029,0.07500924790930545
295,5,0.016451715398416427,0.043103857279874126,0.0668424366701676,0.06092082348023365,0.04178678430167523,0.11675711910973752
295,6,0.03955457271902847,0.03992336454707974,0.0672179823751904,0.0536300632400441,0.06564534834329636,0.09070042056526388
295,7,0.044567960802161743,0.053705761087288424,0.06642015753108037,0.06536711942756353,0.08223220539681024,0.08705386937412438
295,8,0.0008934128221157005,0.007007544584017075,0.06101615618417199,0.019591336336906063,0.0429740277670694,0.036048001629148244
295,9,0.03188879798085932,0.03700003363294207,0.07181560005246727,0.05109503553675127,0.07200911786994672,0.07567285708356795
295,10,0.01671361329707537,0.01900462670402248,0.0449622478966125,0.0633202080705878,0.027839707087094545,0.09040399759240397
296,1,0.04616420470764599,0.02846733723749841,0.020451193519714753,0.05052727892577633,0.03243936998859137,0.030748653972256963
296,2,0.0010213446103332572,0.03963093433723747,0.02221939803547578,0.013490919655286763,0.015673272131866315,0.05322951953424766
296,3,0.005544815194688077,0.03407256981556281,0.040568573792070795,0.02482392060143853,0.03308799969498739,0.02021720296237382
296,4,0.029008003187853848,0.03855484597012553,0.024974736719958125,0.0010058347861349776,0.0338124258986556,0.04270008457673832
296,5,0.02495766726866809,0.038338009496196285,0.03701778493876237,0.04379735533734993,0.03621484181359698,0.02918571348480034
296,6,-0.002143987639518854,0.043022233035468,0.03827986289001862,0.028410515224986155,0.04484616934085546,0.03412304358560334
296,7,0.0006648425771623238,0.030660555857993363,0.012814926473880087,0.04926364073626265,0.03406265993495014,0.052461351784843874
296,8,0.03184499381127398,0.03796922355697982,0.022751452497600955,0.002916987835067467,0.05512144226577367,0.05865157641165697
296,9,0.013837519560154981,0.029732310771490772,0.01203138197361623,0.04536402212875683,0.011385505679819826,0.04389788725661097
296,10,0.03972114714358202,0.02442206834769724,0.03672563819966449,0.02086435112243011,0.01381706172277939,0.03936755406915346
297,1,0.01390030137607313,0.018266308082805546,-0.0038945469702767284,0.01420941248642693,0.029619549992081783,0.02382087495143463
297,2,0.03609842748024406,0.03250198747180661,0.006971870779924786,0.021836771104460483,0.027521865895421913,0.0323072449442081
297,3,0.012236474140723208,0.008110832502948436,-0.006782359461289974,0.03332221642940583,0.022285801776164404,0.02381200041165034
297,4,0.02085918756639114,0.021720875064434327,0.018402321898414026,0.032805653381880774,0.03893916466378199,0.012916947598312883
297,5,0.023221534751432658,-0.01083693629684596,0.011597196174414315,0.027948492374892265,0.024010908480601546,0.009023070886246338
297,6,0.01351464197309678,0.0277683935035973,0.013389207904390833,0.019892275522724552,0.011564699483161795,0.016805286122387304
297,7,0.017229120828727646,0.019492256992243582,0.005892126852873611,0.024394797090334198,0.019571504949952714,0.011180005623706949
297,8,0.023605863307531783,0.02099642055783224,-0.00036390336533868064,0.028276022072056713,0.021079886302441744,0.0062459025162891505
297,9,0.011153709575545765,-0.011782607820999458,0.010002307545590675,0.021470633188254862,0.040484815119832,0.008293483541359914
297,10,0.040528024561694305,0.003231091100518468,0.03238158894275085,0.023801267676211525,0.02113921749926637,0.005430632196609503
298,1,0.0865472678221039,0.11802584887828907,0.14891441972622227,0.12121058756271014,0.12142734612962794,0.1686030619385602
298,2,0.10298549615808797,0.11884149273260952,0.14150815246813625,0.11599075691498918,0.09042375073315001,0.12424888680915619
298,3,0.10503358374606411,0.08418554853251405,0.1196809723335107,0.09364907205938904,0.08192220481132409,0.11794405007811506
298,4,0.07440756425793993,0.11083147721433817,0.11731126771817305,0.09653431203900963,0.07726873411987972,0.11179226725970742
298,5,0.0806667073541054,0.09032016993953915,0.12481109596486846,0.07160003407699778,0.061434049858899754,0.06306181090248918
298,6,0.08995493498926821,0.05078030838715309,0.09206743840681958,0.07701587231382026,0.09520397278545407,0.11476522525424206
298,7,0.08560118050678629,0.10882109006096954,0.0958673025636829,0.08066176174510334,0.08172109003295104,0.08914425673455506
298,8,0.07508926789388878,0.06710185780159225,0.09228695008716634,0.08001216899264518,0.07886187836047036,0.12292887733971856
298,9,0.07467441256214222,0.06783772126154643,0.08075529267364304,0.0748296365789354,0.07211185641575472,0.11369981414266292
298,10,0.04485034935468942,0.06131345697508171,0.08629870872230444,0.07297603968817312,0.07177997315695327,0.06850136274554892
299,1,0.017302181053802677,0.01302886850814032,0.02064679333576685,0.004666879436246378,0.020439184291501624,0.04361503891141918
299,2,0.024902307673052345,0.005979506854562426,0.018791932298168064,0.030034999095085273,0.03526709436827689,0.009647599048160474
299,3,0.037086289385144286,0.01255067821358884,0.018057013493139224,0.025920226380473886,0.03175766736380522,0.016899788526444803
299,4,0.014175405361217149,0.04027304694598833,0.018524147041094077,0.03018283965936934,0.03222811844586459,0.021143515307163595
299,5,0.0015722671926166588,0.012381377047364348,-0.00020110182095968177,0.01350510162930959,0.043462078198372944,0.018042983586291975
299,6,0.04718159744460578,0.02887569445195804,0.041600963817004386,0.010664855989638782,0.026990606647210147,0.033826092454870255
299,7,0.010436191768029277,0.027466004351990887,0.018800393688290513,0.023019104328076946,0.026379267420832707,0.04744984453104972
299,8,0.02515960754958899,0.013471787182238846,0.009348549861247116,0.005180529363516154,0.025222624513040987,0.014488433545167784
299,9,0.0019000817152890295,0.034812229073599404,0.016317230473422026,0.02407860101251947,0.011208143260575,0.032686482440094075
299,10,0.024669522704573767,0.019171483490645843,0.01663636959480161,0.015098470367061424,0.015049993325276489,0.031159421115226134
300,1,0.019119677858482707,0.036206743422121775,0.03552154595385252,0.006309764906749395,0.03673707470681951,0.0331915660662142
300,2,0.02278291572704155,0.01936352847255524,0.02656682973955054,0.015793361511348875,0.027043065039499645,0.032644590189007026
300,3,0.019710858353741027,0.026303544247075435,0.029569792036223307,0.019680896957904565,0.027527656679524237,0.01420723053773444
300,4,0.004765095499420765,0.02680394211046631,0.02804654801785949,0.040929756360231,0.02999631647913835,0.0214720484517745
300,5,0.04162494560936309,0.045076409640043905,0.03112385834241527,0.027481797645236523,0.06259749155959185,0.015690935326538515
300,6,0.027875400629918144,0.0018563148810707584,0.017384563273098237,0.004255437374326247,0.032461133593955464,0.023338531611971337
300,7,0.01880559289260367,-7.728274947700622e-05,0.016349159624314748,0.017780210753780817,0.02320291193627707,0.023164043951747974
300,8,0.018203413813002625,0.015171559259177516,0.01878609723743995,0.0184597613870556,0.03723552142165555,0.02148561735260838
300,9,0.029666041344026377,0.023496915036656928,0.01520117228744786,2.414796135995227e-05,0.028682065844237024,0.025710099365930297
300,10,0.012083200164463489,0.031614379183236715,0.03993452814450742,0.012829942272135854,0.015713547559271682,0.027969365768518335
301,1,0.00046464940497257433,0.03047537001059882,0.02170821522902233,0.033174275133704516,0.06221216608570526,0.029947197789069697
301,2,0.04008704444616115,0.053280659433591546,0.03233619652626218,0.008812325605662764,0.05215424557436032,0.049884370316740465
301,3,0.06821276839938173,0.03712772559275374,0.03094829013386865,0.021937982463809513,0.04202500884794431,0.04765915067456504
301,4,0.059949406711909584,0.03787254244513404,0.024823115590353544,0.04177097219336992,0.061972002835107495,0.014403896474017951
301,5,0.057590628060179894,0.041773619612821715,0.06676235924082306,0.012875910947264108,0.05276647481794005,0.026943584424208515
301,6,0.058012183098215375,0.07332113828042809,0.040420986406240735,0.04089638865734727,0.04425554606074407,0.04039963860522038
301,7,0.05813883314787031,0.08485368921369095,0.04558142786847739,0.05614028417770401,0.039269411250612,0.05096314689389581
301,8,0.04200379351064223,0.057444923042787165,0.03050864580890928,0.05455800423342666,0.07168886338178514,0.042237247162236306
301,9,0.03460476178818444,0.06610809948282217,0.03595997107635966,0.029420011074125764,0.03622136814291683,0.04684390696779249
301,10,0.04721610191934727,0.05052821730374685,0.044418830289370416,0.03136526432353386,0.03902511833277706,0.04725820109829073
302,1,0.02920681545989895,0.005472722778958674,0.022052526061567674,0.02908319432689168,0.05632483310248186,0.03544320799457439
302,2,0.0057685709732983,0.009984387641509404,0.018294801284521805,0.045123777962543125,0.025136916072898367,0.03855880074157853
302,3,0.0447587085278103,0.012783084104669221,0.015560233423576077,0.057429162389081564,0.05616488879410641,0.06445973980678588
302,4,0.027586650474679897,0.020597402006136047,0.0009257869956756987,0.03160540337489894,0.04436744440940657,0.04979184614976748
302,5,0.02082138410532618,-0.014545374037872148,0.025578352578314385,0.052941338671663764,0.021741502729986786,0.037295562948956036
302,6,-0.009010005170451895,0.028494223108410495,0.014588666328194548,0.013032707428741243,0.006474722961932839,0.019812479276896635
302,7,0.007733103092712818,0.021624380987121904,0.012092038099747779,0.03051875631478251,0.022783446905124776,0.05639280698827309
302,8,0.00930855623674006,-0.00010125041361357305,-0.010106642987724618,0.008562758170536092,0.015366628666024292,0.04928854911510085
302,9,0.00827879130486147,0.0016960296953033949,0.024570522114973996,0.030093752905914036,0.011304682920074886,0.036238561874281414
302,10,0.018377975279215416,0.00456001100952677,0.02286460504957748,0.010524653117429355,0.043836771816729854,0.04314842531986328
303,1,0.0422719864114586,0.029363869227334024,0.021127147631120995,0.0007523891844765886,-0.01358209337653206,-0.00511030833920685
303,2,0.014502841433397373,0.01754872373678015,0.03705529918547028,0.0010602166897082964,0.02781834746387996,-0.005940583933540764
303,3,0.009457760071408456,0.004842507976910696,0.005178071894975789,-0.001369998826132036,0.0010850103887535384,-0.0023809336949357977
303,4,0.015088485582377681,0.02527766491364016,0.011110115675911891,0.02416689716772223,0.003087345189902956,0.016093882864476623
303,5,0.01953233119664017,0.0055786741724290255,0.026558810976423354,0.012383467325522856,0.009271559827335274,0.012800929546122629
303,6,0.025261811934976647,0.03316303433442877,0.013182446940134524,0.04327794438984708,0.033170065817670166,-1.8814849718459294e-05
303,7,0.016615973607126952,0.010725473268168884,0.03566442571164946,0.032768332781226754,0.0038326471634576357,0.0005590716627613655
303,8,0.021053666255488507,0.025631387956350338,-0.0031792142151720894,0.027106735861622086,0.03323455412393219,0.02287031243113527
303,9,0.03336190625064893,0.028556623607330082,0.028368873975590445,0.021184332017506743,0.018295102068918892,0.007740058821041562
303,10,0.006288143754960592,0.006753532831367936,-0.0036933502528695,0.016189081242723835,0.017218916733333908,0.03459260491430588
304,1,0.036645212211052665,0.046671260153322264,0.04197667641534388,0.009074017353643705,-0.005599959085753923,0.03996530327014004
304,2,0.024305727164034036,0.062405815866044566,0.03160164094103845,-0.003830226156035761,0.006772648684404496,0.020418312690330655
304,3,0.025718047840532034,0.03373842610768809,0.029327914729147773,-0.00948759941404035,0.03097950401204709,0.022010560524398762
304,4,0.033043926050193156,0.04167541799944464,0.00425740508915913,0.024235447004322404,0.016087067654884168,0.016359272724700828
304,5,0.019492540334889442,0.028950621144169846,0.036537374984463314,0.023929137036967283,0.0461356724542254,0.01246601916460082
304,6,0.012027269266414398,0.039479633443073016,0.02952074481495527,-0.003943218978437469,0.03598384917782278,0.001622144425090045
304,7,0.04006871147375497,0.03634163812101266,0.019527571446342807,-0.001855398500363158,0.014673751501133375,0.006466214296848484
304,8,0.01765340876015974,0.06665175591038598,0.029916175344752015,-0.008052503607999755,0.01660152226507158,0.015321966979083923
304,9,0.02544349828444192,0.024036563252106517,0.03943804391092424,-0.008239420460760148,0.031503449720173014,0.004677682969372061
304,10,0.038517377321454785,0.04439798668945496,0.023530001351183986,0.023976514680196393,0.01468388465888229,0.00915816064032313
305,1,0.04240978436051066,0.022445121064179598,0.05519197776572922,0.04947330139718795,0.05389473045838464,0.0735305059505694
305,2,0.0384837687832275,0.02033823787806162,0.05637316829357544,0.040390331643112405,0.05275881196297064,0.052049821553901844
305,3,-0.008340175668862936,0.025990078744194553,0.07094137229675487,0.03750297453496337,0.018428956898102075,0.07699595620343494
305,4,0.03919994031521733,0.013104239009143617,0.0423804372558819,0.05434867849103736,0.039247874945785216,0.0933943441819558
305,5,0.023326331131249076,-0.03773422832226039,0.0467829845075592,0.01682803616894664,0.03488344059205212,0.07001604306940164
305,6,0.029806990270595548,0.005660119845886216,0.05939115401730052,0.0072142339912676535,0.026528698452791273,0.04969906933347732
305,7,0.024022121569876962,0.01398241368896688,0.053480589127952144,0.024715078395317475,0.02725176426307976,0.0740846073817166
305,8,0.031835643733142086,0.006982050537890374,0.05417936556649309,0.03096262737695094,0.029070697495396883,0.03028068553555138
305,9,0.002885103857866387,0.024425804916796176,0.04929704718332714,0.03387278878479088,0.02817844945867102,0.07561073077411376
305,10,0.031478081856114816,0.009245870340297238,0.046317976644509505,0.03950369591159046,0.010582919190917571,0.03771703421495135
306,1,0.011665643331814761,0.024914319768797974,0.03000267989676557,0.032092842316108455,0.03247530722070532,0.019794050569008063
306,2,0.020150984209737238,0.01462517636918377,0.023776031192524617,-0.0022851460068320163,0.019280567947452847,-0.0001336695373032756
306,3,0.012202121892447954,0.014792726877569058,0.033030635835774376,0.04943038889599722,0.01449917112331505,0.0181502435893491
306,4,0.015524348085200814,0.03816381949366582,0.023844075040580594,0.015048513556715047,0.03243878938762535,0.015257016247683058
306,5,-0.009476284864220258,0.036905680675015144,0.04632082691923797,0.003147736300348368,0.029990354700109495,0.017047881631648668
306,6,-0.009299336692395455,0.024203796564273513,0.017444806443577567,0.045457517548577416,-0.00613719181625694,0.044316551228416025
306,7,-0.0013469987274510999,0.030527783726304842,0.022286710464580452,0.028004736849685886,0.06416588055626946,0.013125251480402642
306,8,0.011761272277703716,-0.003179982411106217,-0.011774152420205956,0.027632553050594873,0.023418001692698483,0.014525793540885084
306,9,0.020077693818633106,0.023386148170528163,0.003402001309382981,0.016633818443820544,0.011212386135013977,0.016864815223338415
306,10,0.018976402555616684,0.021348210176154854,0.029088608957653035,0.015361527070898627,0.005952646546942181,0.017537618084661498
307,1,0.02803661390725993,0.015452687250610716,0.026990552054352957,0.01329469120099005,-0.01795873852069511,0.011535209066882088
307,2,0.032645864243776065,0.01887728513490272,0.003449083813135909,0.03845256482527175,-0.008154267485497413,0.021516044356128736
307,3,0.0018647470368526522,-0.013628478045630417,0.017288844811793616,0.01425083908216638,0.014706752327120159,0.006101795094095322
307,4,0.01370471300167345,0.020267190016828116,-0.0075459577565665445,0.029426778835340228,0.005559360188375579,0.00692940276455567
307,5,0.026963584591079136,0.006548803676789916,0.03201472831968085,0.009022247693979123,0.029482988433262393,-0.007813477275808297
307,6,0.004057620579197452,0.010465582053369931,0.03525060394597446,0.00044714092902794805,0.042882455214044,0.015591819513205776
307,7,0.018949881929343354,0.0452518116118301,0.014306331391734449,-0.006682176954313363,0.0340227640486645,0.020196957550200925
307,8,0.014781705748955608,0.008803858761053565,-0.006037634442647294,0.004270626413592507,0.03840127290476767,0.005643921693717127
307,9,0.037262606720764264,0.022142164806182148,0.0012417455945861293,0.0322838405597118,0.0022263357543872925,0.0029119105713684076
307,10,0.024789598338961456,0.02264276470702671,-0.01415952749252355,0.00983818555641705,-0.0011617183238986479,0.005085818914620064
308,1,0.011011552886938926,-0.0009461376860924123,0.02060122632526416,0.02121050742790254,0.040848660368400125,0.017103893990566905
308,2,0.006710094986845,0.014534656023739904,-0.002181956779997768,0.031125954785422235,0.002185042367621792,0.011718764269723752
308,3,0.04283784928130547,0.02228058777315119,0.026657494487956544,0.01442125006767409,0.012432258802640232,0.0032306600784091787
308,4,0.037376901490619854,0.025944497539390272,0.011003258117759223,0.01966509823316723,0.0226235906202617,0.012555184342928552
308,5,0.012645982583046462,0.03790508199612974,0.012288775949555967,0.01659072252419498,0.01649845403383201,0.018576419139099156
308,6,0.04573271065193484,0.013976047198752376,0.004615414993536353,-0.0027441887135735868,0.04395196911804728,0.036353176550730795
308,7,0.03878137069287597,0.037276937439895734,0.02299591980798531,-0.009674541026645687,0.03437643860344195,0.03288795983687912
308,8,0.013147572854572348,0.043155966188213005,0.04355889568250618,0.0025572786166589002,0.010701234154534589,0.007619098084053109
308,9,0.0017391752595325735,0.00030603399095619735,0.0038051771006598,0.01893521395926474,0.019818734858071996,0.026617804517402133
308,10,0.005657172447251275,0.036153426516503356,0.04279297905050232,0.004655325483036648,0.014416831095734444,0.016451131104379974
309,1,0.025732984475693523,0.025530570861476733,0.029632385455647187,0.036638612938652775,0.02919271699684363,0.016085816083272267
309,2,0.014630721174978649,0.025519924996379735,0.018379018638138792,0.027035550265284022,0.008349715184496958,0.04055994753139518
309,3,0.014671582801975674,0.0034932118070414506,0.00904213280043201,0.03163776389737401,0.024677039300817757,0.007213109323769455
309,4,0.006159107501122569,0.016897402216279583,0.0170217275066706,0.026147566049360187,0.05083958188131805,0.02386953731099546
309,5,-0.001608531196264317,0.019457611308294268,0.008960516426732542,0.03698209999569222,0.039380506114581444,0.01622767203984725
309,6,0.04044630650934709,0.03524024898625876,0.01192668946367398,0.012217826568818127,0.025218467664514226,0.022823647393042955
309,7,0.024622215612691845,0.032765511009973776,0.0029295118720431474,0.011291501329745332,0.026026537844354748,0.029779539716932577
309,8,0.03211808520220936,0.007248373110831979,0.017479208104301563,0.034862922297197334,0.030966795835186134,0.018674609662893502
309,9,0.022793048072706386,0.02716638385528173,0.021346904752311463,0.008987594096464935,-0.0028953221425306094,0.025222698175449306
309,10,0.02207339177153912,0.025833223503347765,0.029461375595892274,0.03127062808393077,0.02646211821854308,0.01449628341963569
310,1,0.037303151890892464,-0.004459321124560986,0.02578819122708229,0.03410004693573957,-0.0007150222814134685,0.024766137882852236
310,2,0.01793013333400011,0.006599623898546206,0.031224293595809534,0.05033448812435105,0.04360555904641323,0.06766796394435594
310,3,0.024427750798391323,0.04203884126738313,0.028957449710743745,0.01180433160558612,0.05281399584164943,0.02448357899393991
310,4,0.01813152270165988,0.023699407055999506,0.03583329507137414,0.03485269503562748,0.04908536668731833,0.018187748708537083
310,5,0.03507704392131474,0.005896313696979567,0.02454538713233871,0.01718493412739741,0.0384871745919645,0.03966871792861963
310,6,0.03266754454150085,0.007325866466335441,0.002694186478219404,0.05171606531558619,0.03807632555548848,0.019155714191314843
310,7,0.019487865572020098,0.03296080896051938,0.04557060828484454,0.017591205048818014,-0.007036871175663019,0.04198279017862489
310,8,0.01789357100107841,0.018022922314657006,0.021821271152520715,0.03993710095184784,0.01879504308802479,0.03918436961211108
310,9,0.015888753580732246,0.054321784642408735,0.03967557482287557,0.014911736765809178,0.0016863312207159844,0.035380118092902695
310,10,0.01321023890371516,0.00959525867934078,0.0309099032979537,0.02634838927221333,0.034069158981845954,0.03164121319873421
311,1,-0.0018491734691811522,0.022522226748650093,-0.014885502319989198,0.0444339619181291,0.02788032342383113,0.014870745261751701
311,2,0.02220590525043133,0.014071868917144077,-0.00633573640834564,0.009127954848003814,0.0045550434208742625,0.032935939515530976
311,3,0.008606160933063102,0.0013623845410273413,0.007059603222491624,0.01725518268029542,0.03288503835896871,0.01155298241848708
311,4,0.010577692340509417,0.008206385364442133,0.010502537908366655,-0.017239606830651844,0.02627092680579145,0.025430220425052347
311,5,0.018364262588997093,0.0006656531312665592,0.02338874545036246,0.034465443309788873,-0.01379631766135842,0.013627704828515073
311,6,-0.017988552751815604,0.014668846361980872,-0.0013194423826565832,0.016820754376067268,0.016067967128514476,0.023841224777617732
311,7,0.0017402168288513922,0.012903751033591327,0.01155837090910999,0.04246687693335207,0.0024569749542840426,-0.008461100901917804
311,8,0.030825664758092387,0.02334038709669047,0.0069371147887081815,0.014059590010608244,0.009774701087629097,0.004570033854532966
311,9,0.033058345960107635,0.007085581285575043,0.009603175757109747,0.0283905488003938,0.014258077793400376,0.02290088009672646
311,10,-0.002307842012160074,0.006365252157629321,0.0038929012883121947,0.026301793839586706,0.00060274891273109,-0.007980725060544699
312,1,0.009205018830757932,0.03628461388372406,0.005109167647580449,0.009875979010062087,-0.007599105653094211,0.01663890447328664
312,2,0.00957235164378512,0.0442971717437565,0.020918525923250105,-0.021447098260893086,0.0039270097538556545,0.0026889134461077326
312,3,0.009360397235819959,-0.010221446097115715,0.01165557124911752,0.024757146712197444,-0.020711708523301647,0.03672222171541992
312,4,0.023622353671085856,-0.003441268905310239,0.02229612982022209,0.018697070904403895,0.021129876534551607,0.029889949684638772
312,5,0.013059636742520267,0.005471471985818189,0.025759428523614274,0.019936492800036804,0.015459068092797025,0.0058817654045578765
312,6,0.04444329543655451,0.0013129535267819414,0.023853155428798935,0.008325755070686417,0.006186014781475307,0.01840893479833522
312,7,-0.006646210581976233,-0.004319401161022968,0.04940126487399315,-0.004915469036122369,0.02380418096099229,0.01259636804901968
312,8,0.026320149591817103,0.005232438203411511,0.01186479337092236,-0.012069688632345374,0.009878984536055508,0.01581663393928159
312,9,0.0030956756872318626,0.018768235559733854,0.04051127657122617,0.016493672154661524,-0.0038287212160388086,0.0356972565720378
312,10,0.002587981945723178,0.03475592438164818,0.0002773434156144448,0.010685991409387252,0.026004782401743785,0.03923057411586801
313,1,0.021782214863894766,0.046336732891009196,0.0075751251176208205,0.01869714307262939,-0.010227170660645489,0.0037419187477240054
313,2,0.03181124376794814,0.0210167818431573,0.01437106838583918,0.009266766057956722,0.01593754627630322,0.01776110643249759
313,3,0.009866873775246539,0.019766179976727628,0.018749479596327844,0.032206805716978176,0.006705721204274584,0.02308953701512703
313,4,0.021233428545671416,0.014848606199681773,0.07173117412439865,0.038339056862371254,0.051292414254643814,0.011437569140276162
313,5,0.005368448163232884,0.02557128960024635,-0.00142550513577091,-0.019988718329984882,0.019763208829787396,0.015655684120812686
313,6,0.012574360044013763,0.030845146038146743,0.024524095448756913,-0.0007021390724147745,0.0006877593934983244,0.03238510293221212
313,7,0.02000545351068816,0.006538415517189426,0.03451475378366238,0.0020104754510929927,0.04302401797870251,0.02277503576720767
313,8,0.031041164604304717,0.033892968306195516,0.020293789835414217,0.02356297313654027,0.02275740124255706,0.028599674011367447
313,9,0.02116491187193744,-0.005000839642669455,0.01505758228409409,0.001898054683770675,0.024042240771256253,0.01696788625353776
313,10,0.021951153335855227,0.007316014802579554,0.016510622141867767,0.028619230509612962,0.004218148998128999,-0.0022496656674100765
314,1,0.01899208732137018,0.017783354638500455,0.02904655033952347,0.02239443002870493,0.044244507712185174,0.023831072680952886
314,2,0.03250212859091547,0.051198827778458356,-0.006764762014440626,0.026444112650681344,0.0009207369028140835,0.018667521299259224
314,3,-0.0031328133509702038,0.004189055356974673,0.03682901907783733,0.01723758994940234,0.03451668317039858,0.031215362226259438
314,4,1.71470254289512e-05,0.014175312062618683,-0.002355925814377102,-0.0018360705880205474,0.00441012887974118,0.01817959830054764
314,5,0.023874482950094995,0.014469904256293785,0.03956916623630564,-0.02630666671994775,0.013291871245224273,0.0422750581826146
314,6,-0.006768203390304791,0.029791306559820045,0.0017274720007866666,0.006894797658124089,0.023702204429207507,0.03746994593978021
314,7,0.03789195297103341,0.016335355628683365,0.029065024954562882,0.012856377715078266,0.018797523658033926,0.029103001279921388
314,8,0.024200135815091565,-9.078777780218649e-05,0.01409701603102441,0.024739711043133317,0.029381636007675963,0.02636616366018602
314,9,-0.011379811628093912,0.03309216970545915,0.008443459487551536,0.026344499179687172,0.03668137459714622,0.02487788506037947
314,10,0.02547196393975792,0.01689945991198874,0.034255767211024336,0.0060440159874841325,0.04575888198625055,-0.004403082133227981
315,1,0.03641062552094359,0.0384899069743305,0.018699966663671352,0.02082927740384404,0.05932019319913204,0.0762644385771411
315,2,0.025483829340635693,0.05151319770082143,0.04908094297970487,0.04346245329779692,0.027142919520547273,0.07183183100524197
315,3,0.044801991833274074,0.03875177372283381,0.01645482383787181,0.012896329178658529,0.035725045620431245,0.06274456406364763
315,4,0.017776083867714926,0.0281883591301528,0.02023168376461292,0.03405727695244701,0.02685792116375146,0.04649792742454911
315,5,0.01596610187213298,0.045536174006928276,0.019111213335462552,0.055923950490631515,0.03972739448340614,0.01626489651896241
315,6,0.018094064132523655,0.02916887890644023,-0.015557718126087135,0.015375103181933606,0.0737393455629859,0.06805626857272794
315,7,0.02956376415987906,0.03783864810510272,-0.015765717856171365,0.053005107784624604,0.029175249043845917,0.03806973018763326
315,8,0.033596476366058683,0.05449357630724946,0.031678529164438814,0.04608298531152428,0.007250643990475226,0.03461027759467971
315,9,0.01602688393088951,0.02875303959343729,0.035857610130924936,0.08009429527015277,0.07323525034128978,0.05130887760299823
315,10,0.02399852868618586,0.014019452237628821,0.03133344152526679,0.05887981457462189,0.02067481040187668,0.0407705326157473
316,1,0.03071599368183015,0.005963304917582324,0.00965016204926089,0.04787749465496333,0.05473977719087295,0.04649746917936686
316,2,0.02121171033123022,0.04940432298206099,0.03207785376937185,0.03506956678913067,0.022453505066673974,0.027463253549543175
316,3,0.022117913885783925,0.02050057109266439,0.02958302539232167,0.02859141076471465,0.03986779740603508,0.036863159504223766
316,4,0.03207976845375022,0.005604299324051157,0.0163762515208463,0.0390717359702428,0.051388773967419456,0.04362567121308134
316,5,0.021554583160086124,0.0354810643175012,0.028685832391585984,0.059940746438941206,0.06530834602277182,0.0535710889928064
316,6,0.019514989229163573,0.03766328706833707,0.04847763346975474,0.051137064187471416,0.037378011275281904,0.035222522208337055
316,7,0.04594432071961976,0.01674893470484311,0.051765912100388445,0.04098944369279238,0.04614089983533797,0.06857463919899102
316,8,0.02142271842355814,0.006852762208681577,0.004586147957627022,0.04561041350585851,0.06478345321253777,0.07338888119880857
316,9,0.010309934376922248,0.05039209421707577,0.039083049149258704,0.0701117904406466,0.04069048417566964,0.01002708887996048
316,10,0.02396086333026867,0.05210532429909613,0.04213271176667759,0.038984501315156225,0.045651684383050624,0.03883158345291529
317,1,0.017139572120560297,-0.012818458482695366,0.015414054292385555,0.04120269405178591,0.003829402855354325,0.0027748238136719276
317,2,0.012681134177322062,0.016461041450194263,0.03246409411734854,-0.014214844280591702,0.009873191118721843,0.016464806110778805
317,3,0.025942436964513444,0.021526855952737664,0.03221961174793659,0.02552138824092183,0.0062929885665082485,-0.0004417882932974728
317,4,0.0154598391715465,0.006628506074264927,0.012742267394655513,0.01572261144112498,-0.008523689131444906,0.014486431914896137
317,5,0.0097715012222026,0.01737468687696259,0.02901738056548926,-0.0008352055521046875,-0.0021165337679387064,0.018723730208465975
317,6,0.014704424909823117,-0.007012197653150878,0.009421495491639653,0.02852180062897389,0.021106651010023358,0.004228923683472038
317,7,0.033460901601999056,-0.0008663515399589947,-0.006734021806134063,0.0072266980997547975,0.03668701157739151,0.018561663019824547
317,8,0.00027394650833024184,0.003190542597312556,0.03090141537102238,-0.004004362140454892,0.013372902389631952,0.025586894274345465
317,9,0.0012363949617475976,-0.019186911199834768,0.030004296068527735,-0.001698222545203015,-0.002144954924381477,-0.008125316276107316
317,10,0.003344662756962904,0.006938174808882181,0.027419386188218965,0.027428079059356448,0.0077172793800911925,0.007999483178117144
318,1,0.035205559028554725,0.06174852057890372,0.04638637193087276,0.019783829580046382,0.025199647617063857,0.01693425019577308
318,2,0.01858981988718816,0.07674634653513138,0.0592033454040958,0.03542173718496389,0.0565804250897159,0.05854202332940026
318,3,0.04023382996358338,0.022469538566774888,0.044164596991796416,0.041694626972171876,0.023007057655220278,0.03664349691677805
318,4,0.0014086865162388736,0.07270567462196639,0.05218959019934382,-0.006449393875125242,0.053098680283985886,0.03258597619455009
318,5,0.008054472636177151,0.06439368015969962,0.06753486849554327,0.03931107007627963,0.00864467152799153,0.028096819290175355
318,6,0.04364870923634084,0.05966262048414559,0.06141368531029437,0.010834426837162993,0.05111266044216349,0.024724814710287753
318,7,0.0354036006221189,0.08504203218298342,0.03312067862863639,0.023064427596167118,0.039085122991399816,0.03925685268527218
318,8,0.03514785933982124,0.03377724688996523,0.04819941607455494,0.019889324157119304,0.02413043680850662,0.046277388959701175
318,9,0.019743304841493402,0.05018128467947874,0.05270681663346271,0.02358118259813071,0.03623100839457422,0.019575661347538808
318,10,0.03348812264830535,0.0629283070088291,0.03372808120419879,0.043230221062297514,0.023499301302606596,0.01826858789679406
319,1,0.03191565052205227,0.007463619959953574,-0.002889234965111754,-0.0011743699097102758,0.01616165949244439,0.011359022625739838
319,2,0.006475872756473231,0.03328049423554147,0.003944252106963533,0.021069071078881594,0.015909720833621487,0.015583394185863804
319,3,0.00026689853475793455,0.036270627638905366,0.014395177365404131,0.031144656488162743,0.009187061087845396,0.023103281545530353
319,4,0.04115292138037326,0.007179341117427716,0.02570408533692382,0.021191316118841196,-0.00027410986097928876,-0.005951242046084009
319,5,0.029140317920022422,0.02887513359868841,0.019181948979030937,0.0159695152614342,0.034784185041681515,0.013214307685555813
319,6,0.01698375367006749,0.043025696644311974,0.03478508665521258,0.020990065298706014,0.02511562062503799,0.02180691845500318
319,7,0.03148577470642083,0.035123335502448706,0.039725026302362416,0.02206711084127597,0.012594196177879862,0.001234845849398033
319,8,0.017673473544231377,0.05019997490299425,0.006792313588057052,0.011288292185571933,0.022260231237231386,0.011061136315191865
319,9,-0.010370014453966835,0.021248107216725483,-0.001504260449036339,0.010732328057666234,0.024386604198899348,0.011060079898117314
319,10,0.02832801933094509,0.023045347972937294,0.03545382683304611,-0.006509860791832584,0.03678472046875887,0.01262359018452076
320,1,0.00040208927869671204,0.008780071623181139,-0.006186392724233683,0.022213744943229388,0.04593139398551754,-0.006091057359224052
320,2,0.029683782267277165,-0.005713398639411138,0.01265078019393499,0.0028488628042168357,0.017804187563400343,-0.0020513632653330976
320,3,-0.0025295909781011903,0.000534557827221581,0.0304997371647341,-0.007153517937493106,-0.0024813025538516073,0.024913024618198158
320,4,0.012841076452695452,0.0054833434277268955,0.01015149931754238,0.02858923257944739,0.011343119546977294,0.017204978451536658
320,5,0.01356186631386995,-0.008384114564062201,0.03606239682654002,-0.0006091428818561631,-0.013317974910187012,-0.005646234108541721
320,6,0.007920061284624818,0.0069116632280256845,0.01770253546440151,0.005860977555022664,0.008167782819858964,0.021393666931199797
320,7,0.008490735942490835,0.00869270612236871,0.025329924344632368,0.03019750696524242,0.013102695508540024,-0.016279445759304498
320,8,0.002976007046469873,0.00348007731335484,0.03765301183232266,0.011287575920011545,-0.004654353411423817,-0.015050295403753824
320,9,0.008963504904704926,0.00010826604589113206,-0.01455795290652667,0.01147485562136187,0.020386366973166266,-0.012298102747256592
320,10,0.014241818908507769,0.005358596048218085,0.005064547182417797,0.02096409571014166,0.011282809057307577,-0.0013453962730714006
321,1,0.06975140047345589,0.06577241075522673,0.036594717371062416,0.025078074179302797,0.05225294271505031,0.03371183600264555
321,2,0.05064811469936893,0.06286383071549421,0.060574824196506366,0.061751334090741586,0.05389900652072798,0.03243539564323796
321,3,0.03098094414896694,0.05634090289233498,0.06551191120096275,0.04134987298369368,0.05360380539539731,-0.00202431143420546
321,4,0.044886001452478876,0.06502214601095228,0.03487620433066293,0.04847658461874134,0.08047200864197152,0.047182803164463466
321,5,0.0641066550608686,0.048039490744495324,0.027710161253740283,0.05424697973302158,0.04259765940709183,0.019866051303158806
321,6,0.057116008654302164,0.05322728281017832,0.03423528564877489,0.03657850098186709,0.05495409442168632,0.02077082004035624
321,7,0.040787002944547485,0.06328928599483427,0.04385303872160027,0.031588589718229886,0.06696793744639636,0.02165598112979849
321,8,0.03402589176276123,0.04396065063825974,0.015103699455604967,0.03255823403987553,0.04796492429355601,0.059646426590830234
321,9,0.04100849639653471,0.06020483250857548,0.025833975455949253,0.04642163037339061,0.04472178734815265,0.0066707588870988255
321,10,0.04992674239681393,0.04433001536111552,0.02113174758306211,0.04570374377151253,0.04198525983680436,0.023121835722575798
322,1,0.13541483815601474,0.12100978332388312,0.10703502752485107,0.17415814306959723,0.22489110398663348,0.20205443908761922
322,2,0.11507513789110539,0.14320470361123078,0.09196413106205927,0.19921011588489893,0.2461502572277418,0.2024093099988678
322,3,0.12095624437283073,0.1357693512657509,0.13194630282979145,0.15888759032669644,0.16263485207654657,0.1446921642272753
322,4,0.1154131989510034,0.15116441612635845,0.13945582526806827,0.13158106253580204,0.1640966567911027,0.1386119017553084
322,5,0.1026767827670724,0.1223775393779377,0.12165924428907965,0.1295169837357807,0.14647235195337652,0.11183502711308593
322,6,0.1340710051449237,0.10720133110551744,0.11319304155363119,0.12699673754395527,0.14469220329519436,0.11786843357364768
322,7,0.11386454731910915,0.1000915570117463,0.09409951522508501,0.11647713278645988,0.1338066099740216,0.10509493253197627
322,8,0.1441823346527728,0.13913977842787686,0.16673727194979454,0.11515783499096659,0.11611946647109203,0.11562243114211401
322,9,0.12012697634553363,0.11880474502299337,0.1249908131789575,0.11809339602194391,0.12931658746420222,0.13813341512290178
322,10,0.1370816980097843,0.0990808729771325,0.09830856790907508,0.11863179203298849,0.10621905291364436,0.1031456395462538
323,1,0.026373485828033054,0.04233751728579275,0.043811717208699724,0.001281333838457047,0.02496043802514512,0.016870523199125027
323,2,-0.003635560695249086,0.00364704682366652,0.025505526219175914,0.016756701401859954,0.04956163245900817,-0.0005775539373404462
323,3,0.014059023051901131,0.011540376467360561,0.037982519373457306,0.008415942702757903,-0.008488581970233555,0.041349423625591755
323,4,0.0049273847725025645,-0.023391343851700646,0.01570236055588202,0.041504286755109525,-0.0269337553654729,0.016800540355782392
323,5,0.008651276112806718,-0.008329428419325486,0.03443867881399771,0.028842941776328384,0.006049050517608037,0.00025385376225144253
323,6,-0.015819888494670996,0.01295028006957748,0.044051974284259644,0.01496322273714678,0.011658189847663645,0.018545960892590845
323,7,0.014072197208813465,0.013520362257925378,0.014642236850562342,0.023612176928864578,-0.00021001061344562617,0.052584688385207023
323,8,-0.023921736501855483,-0.001443119186297179,0.02797928775977453,0.010894499990381274,0.012130307727919589,0.02284783023902215
323,9,-0.011610037241366318,0.015664544650247674,0.0014753166897252575,0.0002928687142082558,0.00445172881352836,0.03501109512163994
323,10,0.003772449911108893,-0.007519869645342452,0.002225886195114871,0.03083659356714116,0.01199384385972761,0.0246123130118937
324,1,0.027758950793883446,0.03954051452587568,0.007155833797529305,0.025769145892931677,0.030432852195412505,0.026747295829393076
324,2,0.03984742890494285,0.039209609808236824,0.03719643892380726,0.04433024662575968,-0.0007044366257264278,0.05116373260799722
324,3,0.041369127588889915,0.024235062933542603,0.01884997758519176,0.042160436446065264,0.04001229006577209,0.03407535484626695
324,4,0.023194318261269657,0.003163139154399212,-0.008251561058915785,0.05460385547205514,0.027534216520982563,0.05037549840783505
324,5,0.018541802001807436,0.029943550657145483,0.03786449745123492,0.04441223310373531,0.0008472559279010201,0.05825695796745781
324,6,0.03172137236012942,0.030796852614804394,0.005757189624234105,0.046107688120758945,0.03401805324358464,0.04296496020725625
324,7,0.015359167656407501,0.01938472009681143,-0.005849206394110401,0.03436377782383088,0.03867884999392022,0.027604293847238663
324,8,0.03603045386547142,0.01723178399459525,0.028219200552519964,0.008539316447068148,0.029589765687676475,0.021295662510888144
324,9,0.01256473889914316,0.01368009650751285,0.027215143574700656,0.03204881100180253,0.050844186975296614,0.023263342979827784
324,10,-0.008188503801769187,0.03683925063488216,0.04476739078478284,0.042769637179035924,0.03553967743543278,0.05606998816863788
325,1,0.004197204609936447,0.013570443238592366,0.0020303605579285113,0.021700882525079932,0.01491103964349518,0.042105711393553485
325,2,0.011820722105437389,0.03536584564332848,0.025434094265443716,0.031706300737319455,0.05222489268944957,0.03837285491069271
325,3,-0.014885206384565967,0.03669267962418794,0.031797845825471543,0.016263731878042993,0.060398762751621406,0.022655660254639342
325,4,0.002301145025307647,0.026229470587944406,0.040825133199941376,0.02225911389426975,0.026272739309502652,0.02369839432665268
325,5,0.011826128890923219,0.008069873623368095,0.0266987265034636,0.01968306100103191,0.028194477154681652,0.04446027627644355
325,6,0.00933139087067867,0.011477015693385878,0.019235933270861892,0.015668173824882087,0.046697982435594844,0.05454309781228966
325,7,0.06350126906510566,-0.0001995049281614605,0.021606707004917198,0.02130820126790504,0.018419794173298115,0.03565908006880822
325,8,0.02897403679684061,0.03932285643263677,0.011224801014165021,0.011315780263850755,0.003410240999212677,0.04282784182877732
325,9,0.003093850127604119,0.026370451688700645,0.03164525012635995,0.0005837272416694037,0.05866982600306359,0.03280939236815111
325,10,0.007973180135827594,0.013107138209956454,0.022294850975696924,0.02624696548904297,0.01577318016005086,0.02124278101420165
326,1,0.043467749642876655,0.04752252723822257,-0.015715118315846276,0.01075335533055985,0.0380019977046773,0.044763194436689045
326,2,0.023174803786455027,0.02808809091858882,0.0058070029189266886,0.0059174455641834885,0.02910712106415291,0.01104816143687352
326,3,0.03459788908709836,0.044591056724227585,-0.0006338424166492773,0.007340087225965392,0.022751618777177705,0.01977348540443714
326,4,0.036211730671003584,0.024097739332222534,0.0011739215265537497,0.0527888339636092,0.03796449473670957,0.022377510131531917
326,5,0.026939501790956458,0.02058871933341913,0.04141538285351336,0.03811410330841788,0.022966334945948387,0.04428931518501836
326,6,0.020054131358443146,0.029250059109620304,0.030237882592750225,0.02723649782802017,0.04343693483460197,0.01610908279456415
326,7,0.02964407941508704,0.026437505694651843,0.04115759110988235,0.032194651836328234,0.04663669675849114,0.029608998273204536
326,8,0.010032815790089116,0.01664863364605311,0.023717480611432425,0.01282547492443031,0.03610094808167919,0.013171525851629973
326,9,0.029163374942750883,0.03766110594142495,0.03076336099717725,0.019642507277884805,0.020381511016888194,-0.0102998494671901
326,10,0.019670815361052797,0.014525355075603423,0.030040209554084273,0.03294820383662625,0.025581236648194713,0.024220257837623303
327,1,0.021712943786218977,0.028198632544699353,0.00966899574565612,0.03897295718108569,0.012919587088557822,-0.0025307620492807438
327,2,0.026606085704596747,0.02718531856700966,0.03825166477982915,0.008118606282428142,0.003879258833771726,0.019267776431661082
327,3,0.017483189418274404,0.030134363961159292,0.013364177422817617,0.02201355747392803,-0.004060713376155108,0.023707825534949063
327,4,0.027563597555694378,0.030550057876154873,0.032787697830740176,0.03838467417960477,0.03662070261887603,0.03577823966111577
327,5,0.029175639018851143,-0.0077304011292762325,0.02266002072436306,0.02150910993250437,0.03610668538620395,0.012249956023334245
327,6,0.04479786579863576,0.010643545215688261,0.007008868404589644,0.02551321954970969,-0.0003751169770051278,0.014056709896997383
327,7,0.039654122363209976,0.03995866626080984,0.005344715864000869,0.013703116379298025,0.03251778816841244,0.019548682368821558
327,8,0.0556899865129496,0.013089045578994039,0.0418902374271772,0.006868480101379376,0.029199674606523677,0.01547337268963768
327,9,0.014000806676727033,0.022646387875168143,0.021384789897304385,0.03908680887427483,0.023274989771155975,0.024009047473355964
327,10,0.018079822546725695,-0.002659614180774525,0.028722545496654164,0.02299007521218577,0.022886296906361847,0.013535761451193687
328,1,0.0007818148525121715,0.0250662864501054,0.02412169632719689,0.020194436703860907,0.028313112947867515,0.02727529608515331
328,2,0.032121079893378764,0.031762007642862126,0.012075485535044997,0.029701430475698305,0.039192562125164,0.008556616894762286
328,3,0.014720907992350653,0.029796567395734157,0.006036391580284044,0.010025482042652223,0.02536942756815648,0.04336990443615612
328,4,0.028452801776037026,0.028084879004156914,0.03174853787264299,0.025752195226460908,0.012249151321772204,0.018090124260386496
328,5,0.026681127617646825,0.02810523215890273,0.0077138267977191555,0.032918206024024954,0.015164863082985515,0.016070050618366
328,6,0.014940305247494534,0.02476960763992045,0.011824551074458721,0.0048290164013594546,0.0348112886511334,-0.002495194158909551
328,7,0.0025759749742725927,0.010697910239334162,0.02384143610269411,0.014358123011438996,0.020958292993464977,0.05434680116908917
328,8,0.022216936978738378,-0.0011504139937902893,0.017198967195159606,0.014554030349759049,0.035782543933777514,0.001955202857882682
328,9,0.015313217058431845,0.019970715227082356,-0.00013104283537380173,0.03342043132067356,0.026948444131989897,0.029631917187479442
328,10,0.017467634277818514,0.03361881170994611,0.005759981523289206,0.0027669068102155604,0.024587546621695655,0.027310563198353004
329,1,0.013420057994288168,0.048863085767034346,0.018154689503399817,0.05556870264411418,0.01687515962024595,0.04458401103226503
329,2,0.009881208983833037,-0.0037316990895714156,0.03759718543472554,0.03546427133589964,0.031751602184757304,0.048814116348973514
329,3,0.011984478127368223,0.012898787926313191,0.033700713086619136,0.047618676634435524,0.0610793422121207,0.030391394837318213
329,4,0.04121547965800884,0.03658774434299536,0.036733713847352634,0.04402757630160987,0.009996234033999256,0.04734823489325423
329,5,0.016810263404826737,0.021807537281607663,0.032065429165842256,0.0301666383336998,0.03638326293987258,0.04835352554505743
329,6,0.007441683962664735,0.04807849094579353,0.06944939353692743,0.036399422318898034,0.026444202767146437,0.018899110285679723
329,7,0.023492270981542687,0.03313745190707503,0.04585984838894461,0.042563531458646324,0.029079559237985088,0.04154868559634923
329,8,0.03669313302819631,0.04142336466164735,0.04829181696176866,0.056680291123018894,0.047351875111800834,0.02679981840622957
329,9,0.04159577586603724,0.04910677006476231,0.02409508726568143,0.04844374823911906,0.0479718600211755,0.035334252704309885
329,10,0.015307624606318218,0.03841664272514904,0.02914293436502664,0.03597486280025634,0.02572164104848332,0.04910803001668418
330,1,0.012777765104106385,0.020106974063112994,0.03718525586289443,-0.0004259695248874157,0.03143914153944373,-0.0010411288284428132
330,2,0.024817017101000108,0.035077820271933645,0.03006576290393391,0.02404720211916544,0.034156467180694594,0.03265984194615219
330,3,0.031442635034838226,0.029257856975802146,0.02569019345373399,0.03308815459783597,0.03763260784842224,0.00615212948791639
330,4,0.028867909689918207,0.019742169882726583,0.03535011946857264,0.01293022137131301,0.0230776208628101,0.01765518812670274
330,5,0.015781525938979177,0.019121867619626674,0.03557263601161097,0.02382285348843377,0.05198874703414414,0.05963357756659323
330,6,0.036533662109210566,0.006252672612632349,0.042506873476675595,0.024162585942921668,0.011768287201219585,0.06020392944996329
330,7,0.026371953768993702,0.010990770944345932,0.02536959347239381,0.009900703099869882,0.0242308470194604,0.041667491121878876
330,8,0.012629260452587365,0.016120110197458945,0.03515864045195013,0.004493289914091424,0.03082465838122298,0.034691734871272424
330,9,0.020938127960250966,0.05055186198789078,0.03747608628651018,0.022113162127905442,0.012464520042551497,0.02143817584472858
330,10,0.013405006864264648,0.03178720265112988,0.006307995973966779,0.02876273755954725,0.010683229846858973,0.0151523068069617
331,1,0.026854232733083922,0.013806918546686742,0.011178611222839108,-0.0019440172210675366,0.028841374556751107,0.020287442097513306
331,2,0.04652802703118502,0.023950301429313838,0.005278117009790411,0.005740374679264387,0.023892438455929085,0.00951887228086408
331,3,0.008745327579477997,0.017998473279354502,0.0002595035088777143,0.0023019415248603185,0.027207967800255885,-0.0001658595227997349
331,4,-0.005169143666155,0.03711766802840017,0.03553216983224236,0.005705652790215272,0.039421152534694616,0.0009952587755281466
331,5,0.03370305353436897,0.041524458587524515,0.0024596290630433796,0.02571094296649101,0.04540537469824989,0.022338092374947344
331,6,0.010854156409108525,0.03614513250876037,0.019802123926712337,0.020834974998610915,0.01859019084489017,0.006455037640326055
331,7,0.01359099910541122,0.018352581584771783,0.006486991077952023,0.01865995582914234,6.868719891601959e-05,0.017408422843706625
331,8,0.0010807460567684429,0.017949782425418972,0.029301861400202998,0.026131742789948176,0.04164795328385165,0.0033939547467154462
331,9,0.008987485452737677,0.02699191655363926,0.011792644797934989,0.015098362605229957,0.03544234935109534,0.006619178835917455
331,10,0.019376802905449162,0.029737125575724936,0.00510436377956545,0.0321266816209514,0.03226271105657819,-0.00031611973140226684
332,1,0.01816090642704088,0.01211099082353692,0.01483570344133879,0.011031780008564364,0.028446719509340038,0.030519104422224535
332,2,0.041902035445987224,0.03075313755762212,0.012648350573815192,0.01246939452242356,0.021361093971153662,0.00624075833526737
332,3,0.0034429011302346824,0.024675689805666288,0.023662747223326286,0.011678101258475227,0.03836595061386324,0.04974827862704695
332,4,0.006907230790862023,0.003575634011138175,0.02565140779172009,0.02226912693645325,0.018657120259037367,0.007805410444772923
332,5,0.030403218480131704,0.016327884881620406,0.018926787964320804,0.023935248585201557,0.027491469029420047,0.006203279839801396
332,6,0.017092107789862934,0.024126283848425755,0.012386405335073937,0.022728039362105504,0.030154975970748524,0.04466336218776038
332,7,0.013212765101758447,0.0023594859827278094,0.012062546762308692,0.007220374794297147,0.0023443207395912194,0.007479011682582877
332,8,0.023211681329485305,0.009956248051013705,0.0025627194552523126,0.02029398111139788,0.02259030522134832,0.019616282414605935
332,9,-0.013251118552605119,0.016163403506971843,0.010405581927925876,0.02196663929407481,0.030742482283538815,0.00319733075454473
332,10,-0.025121783298850144,0.023956808531620247,0.020859403764382497,0.02845702380851246,0.02504271762696638,0.011585712231446395
333,1,-0.01298723752130962,0.04913240664790873,0.03473929502622053,0.040612686289926966,0.03355316760110229,0.05215987182900366
333,2,0.02202233860481959,0.041203407685162736,0.010269603313237705,0.005661735620818645,0.018979018186416233,0.038023691463636475
333,3,0.030646420553402106,0.028118193463337007,0.039410140653743084,0.002009981930554326,0.03209134544856041,0.005378447423910491
333,4,0.03894971903306964,0.00716197787732588,0.04332368793951733,0.00944488415177804,0.007250800500771307,0.02772298596040988
333,5,0.02220079957492667,0.021645900084081467,0.014628901441913093,0.02085380792924585,0.030306356453209327,0.028525776142912292
333,6,0.030676983614319305,0.008410177528010583,0.034322044246165744,0.025624135949470814,0.026162661365896435,0.03244379318610535
333,7,0.04451851710839834,-0.01628151900385806,0.0004264297655197239,0.024069376640169043,0.015215950712093798,-0.0015760417329662524
333,8,0.026525613623427646,0.02400510216842964,0.022989175461936982,0.012801716501063775,0.03620870322792583,0.019201075165498734
333,9,0.030447843999001332,0.04455991423744728,0.032069656945133834,0.011876818879035248,0.03048499033896942,0.02670093207106297
333,10,-0.0070668871477392,0.005907219773583081,0.03627634459936408,0.0020153621072686477,0.023192283152846476,0.011909126269814958
334,1,0.012528370183031315,-0.0008864194529004726,0.007009945590818866,0.0032399448572928732,-0.0007162862006342616,0.014839707291045381
334,2,0.006685070638345627,0.02324206994062804,0.0010955755593556368,0.023666899301296954,0.01852169549586964,0.02547251371614187
334,3,0.012596567214499367,0.023158764705163183,0.022733883985316106,-0.0001165907809082558,-0.013466196370736955,-0.0053496938921249884
334,4,-0.0037736880632231215,0.0058914096369691955,0.014092071667888263,-0.012658207270279873,0.046522312657835456,0.009580935123194646
334,5,-0.006646512102472503,0.02131416954519407,0.012564070001201567,0.03530770719603479,0.011724216272144048,0.02882243020710488
334,6,-0.007147568127809244,-0.0015101684342558482,0.013290510407481934,0.003969147215027793,0.024636362867271836,0.024319348166522408
334,7,-0.004968083757600897,0.022309430563662774,0.011284689989684987,0.004229066849936689,0.007184940801330822,0.026603250574885485
334,8,-0.004446226096644919,0.04982084621513403,0.0026701964525826286,0.002706027869591135,0.011155062306809932,0.008461551125811968
334,9,0.010609780067134492,0.02644648573020134,0.029231335728324984,0.022604543258152088,0.013947531811387718,0.016381583967651506
334,10,0.015997459378078935,-0.0027800041473509973,0.009373758396257549,0.012215655246434613,0.010895765553540077,0.019802402553705318
335,1,0.03517937491137106,0.033471395069743254,0.022304808337219338,0.012426702713063129,0.012640170727516208,0.008191727485728557
335,2,0.039584453251018954,0.04881407260018746,0.043503561320521016,0.022106555682428638,0.03303758972802602,-0.0022427060351551706
335,3,0.05078065901988174,0.02638793322454416,0.031586280323026274,0.0411813953983186,0.01571892657751134,0.013700119476676756
335,4,0.029999705717466747,0.03685380387959802,0.04170927440564346,0.03878099396190129,0.037590626905074774,0.020652146200083953
335,5,0.03511358525798559,0.029719947154875363,0.044805906020908774,0.04767861001653923,0.024943661428701303,0.05305377571518251
335,6,0.02554297191370851,0.049696189885513206,0.02989541136900299,-0.0016253932433506492,0.03488068239654909,-0.008127031793429737
335,7,0.03257942733394236,0.02873310491421899,0.06532196852058571,-0.00023501676921362322,0.027543694422687923,0.035178515778699015
335,8,0.03622682854164398,0.060220076678942774,0.025592313409226707,0.005414757547545425,0.007363051892460843,0.012888154228323368
335,9,0.03134015161353213,0.022092592936989643,0.02806028282559621,0.03529267363983982,0.014260295373019843,0.02695510900967217
335,10,0.048368276956116604,0.027033884763699643,0.03218285782477132,0.027658346066397582,0.027927795611831643,0.04714878990307468
336,1,0.0046043710360280585,0.02453379915931098,0.006643318470577076,0.04103330708478503,0.018056798525942733,0.016798430578550554
336,2,0.023309169316118816,0.024181752446066785,0.05101190010460757,0.013675131291136077,-0.002251791330010641,0.018227181541259515
336,3,0.022485198470973893,0.021479468434186213,0.05204033653573305,0.02566603003636745,0.007102366561193394,0.05842316941090664
336,4,0.018709140708263215,0.010936753325735935,0.020850504572511877,0.03328062709921789,0.029236954440226944,0.0035389124384709518
336,5,0.008909240100747406,-0.004952930189566843,-0.0010926821229053133,0.012215141724441311,0.032056647547706714,0.004382209624069871
336,6,0.028382665846845696,0.013030307954694457,0.00806902281235192,0.021332213982503703,0.021840350903396005,0.006067134956043194
336,7,0.018527683490072288,0.05194961113362541,0.031523932266909416,0.023600775944543285,0.0014570540920906673,0.02341871448366503
336,8,0.02887232204689978,0.036937015992264316,0.03845340859470515,0.013650241901861817,0.013229573996564629,0.03818935817467556
336,9,0.01504757704807055,0.02644834100690984,0.02279760656648726,0.021165596001337807,0.0240322097424501,0.03959881285697571
336,10,0.00363396650329804,-0.009392646145964325,-0.006402000407725935,0.03833267203587982,0.001960357233818252,0.00895273377002305
337,1,0.03203878897558464,0.026658331514044207,0.032636617924872074,0.0045386215615551475,-0.014833749127918948,0.023816617631823266
337,2,0.013244720572385843,0.018686326322034614,0.03763649100704787,0.014730100419354285,0.03161925809118649,-0.007399523814962744
337,3,0.02326475561344431,0.038009773036378335,0.030506864811706263,0.01701244106553851,0.013236883849562125,0.0026895032093431697
337,4,-0.0005222759462329981,0.016162215837576918,0.005666070615619303,0.04142825446930042,0.004313440215120815,0.027489544965494703
337,5,0.01712167493255977,0.03082653085652601,0.04673921213053054,0.02315117676725147,0.00902191980627876,0.0028276935842335674
337,6,-0.010976623439656302,0.0357580926678774,0.014466290733689503,0.026956351818366676,-0.0005455055461442183,0.014484461947794142
337,7,0.010889460678993294,0.05723110707738022,0.035958286976158015,0.002205153954043266,0.046442750944966193,0.018376260977919803
337,8,0.018654147047909186,0.018199378788858925,0.009720231510360297,0.02410646042638735,0.04334243141237495,0.0176850715514951
337,9,0.025804376027166852,-0.0005213639249051159,0.0234803655013922,0.024402235775723927,0.008685086414027472,0.02575419593209863
337,10,0.022676388479661438,0.03957156325553964,0.014244562936098219,0.019769070548290284,0.0028553463508940074,0.0238388673389442
338,1,0.04640739668003177,0.012785452030860598,0.03174879893420909,0.021265239572728474,0.019266635329711408,0.014228725235808289
338,2,0.05255289452521321,0.05532173744797699,0.02878088207178044,0.02899523751146315,0.052729996306262704,0.052911091975411995
338,3,0.03800749723913719,0.03743364292572149,0.05063488313972623,0.025102784807184957,0.023497682637930548,0.027359296990177327
338,4,0.024428154231530087,0.021303550078256628,0.026492126773986248,0.03833366923181153,0.022740963638423314,0.060472750863530184
338,5,0.028182290616554993,0.056044707582754844,0.0622554373492094,0.023483741292437056,0.03782267061872514,0.05188675681209813
338,6,0.044511993199429126,0.028115325986634538,0.04324656119379493,0.024842314035946975,0.044558185202580085,0.03945273361528026
338,7,0.0478456737108581,0.07170681239480756,0.0529393740251338,0.027173501531861658,0.03082849979180472,0.02790123863584955
338,8,0.02258525986928774,0.02072398454719775,0.05807333062955767,0.02193946083835723,0.014442601230842136,0.03562863546473943
338,9,0.00852780776842232,0.04212972793799286,0.054631566918573043,0.02679497226052527,0.038413887854519754,0.038283029475609846
338,10,0.03297112692666935,0.05475639960150093,0.029123156328278794,0.05219713225780187,-0.00047607773391636636,0.02133358440011928
339,1,0.029184585912461113,0.05019905266556167,0.03647999352209489,0.0394946440285965,0.06987988284823782,-0.004310276173787017
339,2,0.02495102756047966,0.0581145307667732,0.02880784918353382,0.030000504763727426,0.05733326890563676,0.039751379626522115
339,3,0.034346679157999,0.061276394203502324,0.0268806414472401,0.030271542614118616,0.04622297120910375,0.008355284183776228
339,4,0.0387202397197404,0.028035333553352523,0.0237299620180734,0.023899221437077026,0.049151773297772386,0.019193100581306386
339,5,0.00843829813613392,0.0410294085418981,0.052112586733606,0.05105742649017137,0.032633510729732106,0.006060335221751157
339,6,0.01823424924241713,0.05649917204624107,0.024084201558231953,0.022249149887284294,0.047805174750197264,0.042327737668375734
339,7,0.010631127092002295,0.04024261151600071,0.022078366798173075,0.014386306217930654,0.043899887756847666,0.006421085806855416
339,8,0.021601809429178373,0.05238080184739353,0.03301786232337965,0.010748050935000083,0.04443732304445555,0.03266265440708864
339,9,0.0010956470778944688,0.07045951947074756,0.014752803671888108,0.003641867706321433,0.035050084330669175,0.032884615130286
339,10,0.039087892631596226,0.03422090649416341,0.02171813491759102,0.04854433503768678,0.040656568578715475,0.03794024207167651
340,1,0.039529114548260025,0.02570556383679675,0.029100646417476107,0.03060542844435648,-0.001724956829339156,0.028348117958001202
340,2,0.03043087997817576,-0.004196301996850163,0.025354834190663738,0.03612280065949539,0.004661288900854506,0.05281671273644605
340,3,0.012375426816387617,-0.0009398918180888799,0.01258176885209489,0.03534191931031159,0.02265654667539233,0.01288462011208353
340,4,0.020012494829404148,0.022462195866732666,0.03661130841179281,0.01593070090011973,0.01823590788453178,0.04286384682041376
340,5,0.027671442116592573,0.021746040724662984,0.026853475363958983,0.016890145567436628,0.019767610709418487,0.03245567984216078
340,6,0.022296030775628924,0.004090148090397023,0.03765411982823464,0.008287362899295249,0.025018868930369507,0.008987544084413997
340,7,0.029049114369705146,0.04019159006557226,0.012450380699382554,0.014294982009656355,0.035974657350397336,0.020218890380935897
340,8,0.022730269266695732,0.00705144557424752,-0.001286716120464706,0.02339548407333052,0.054545362168418716,0.012174509414282516
340,9,0.03334041972250267,0.025645531176972852,0.01347958854224675,0.03129102940088833,0.013345549476145286,0.032958673380956816
340,10,0.017062301443913446,0.01310869332193411,0.031085201462056403,0.02102944962603052,0.036129431356755164,0.030703253532723296
341,1,0.0651155766749474,0.023157226602448455,0.010759706281262698,0.06558020236609648,0.007391794607920921,0.03291439651951689
341,2,-0.005279720505757534,0.014944223992211696,0.0058590351683188435,0.01814501505071287,0.011062105496078303,0.03349329115021844
341,3,0.03237112697838568,0.008125232883774404,-0.016707988228632117,0.044262752660101976,0.020462920776564225,0.018020978119509687
341,4,0.005780113077916193,0.00288514684747058,0.02492817725926605,0.028547637474052742,0.023554596412597596,0.026301186597891744
341,5,0.03015334542908912,0.018073502683004842,0.018114752873507986,0.03166338762034922,0.024440420831484788,0.01276401910187571
341,6,0.01890077979731383,0.024209214560242224,0.022484788834465266,0.026967985049126886,0.011649847904227989,0.006087530173142308
341,7,0.036329880204602025,0.014255716075990299,0.02108218267162662,0.04357132785590425,-0.0018293057286271521,6.858253668448087e-05
341,8,0.003804625637255261,0.026995691254284443,0.01507320214726326,0.003216415046216804,0.013280695867670653,0.016324266688229006
341,9,0.002118331601936908,0.0203176183506072,0.011927643473080424,0.014857090685361748,0.03453453456942543,0.023008208548685787
341,10,0.016384507081455803,0.023552988719970504,0.030218303627992937,0.010998213578839108,0.021682305625432982,0.001495558474440521
342,1,0.030197697228524088,0.03393508755656072,0.03236888008288189,0.04245287588513648,0.03389959308304074,0.017901984102418635
342,2,0.01704841627378694,0.05621758371731952,0.020798974067771075,0.02963056855388308,0.008129809884408262,0.032337904587242734
342,3,0.030983097136120238,0.010703150150511256,0.010007884375120716,0.029728339745266525,0.02598617177523506,0.00824707218808267
342,4,0.03155164904458098,0.019424525114494086,0.01676343334434192,0.007721655049898673,0.0011520264747146161,0.02365693209935068
342,5,0.001010033199281831,0.03468764639476489,0.009502518353065648,0.02523163337732236,0.028003677563755824,0.025805446151369597
342,6,0.00015720067004543052,0.04145683964330313,0.062173426526052254,0.023017026865623326,0.01590372223407438,0.004382670717411538
342,7,0.0376912331099152,0.009962411297041144,0.022775231637074952,0.03807534498533549,0.04517483076470714,0.041297211775792896
342,8,0.03432333671769537,0.04639760721635682,0.018877469385890182,0.026013136231323158,0.033374605932310626,0.006012504974648639
342,9,0.04302367463314179,0.026786030690333154,0.025086182075259384,0.03649605773949048,0.028582305729233762,0.058835151234505514
342,10,0.01155924347039678,-0.008603422521131148,0.036392243209953885,0.029095419360374145,0.04924953466233061,0.03593032229691374
343,1,-0.018822509222663233,0.029100841166085367,0.03849628161789621,0.026399925242761472,-0.0026817696369279744,0.038986007811552106
343,2,0.016991239829712942,0.02199771437814532,0.053073542851612455,0.03676026415770013,0.038322834536528995,0.04437725022356603
343,3,0.005401161382323419,0.049950250607904464,0.021425699365285343,0.009468339382812994,0.03810681776279298,0.028467097158827243
343,4,-0.004276600190493594,0.007506121672390848,0.015685012497741433,0.017533851844305233,0.016595480409270984,0.021003965088939414
343,5,0.021917439714374203,0.01961963196520527,0.016609980287001475,0.017130786480272393,0.04014255817811622,0.024192696429800632
343,6,-0.00943620428881706,0.003426915383047376,0.03625382438283669,0.017494238283160844,0.001997701210490542,0.018047970815885883
343,7,0.01386388991446495,0.030210993933850534,0.042189750828066246,0.005263423525915908,-0.0058504848575083495,0.0030987160729027546
343,8,0.015190051502915549,0.0079390537647188,0.035947344134901915,0.015766434292191666,0.027740074147199673,0.005900691768495039
343,9,-0.017680536726802556,0.02132701318475451,0.009166168772784955,0.011965211635247655,0.05663302606397366,0.028417894812433675
343,10,0.036745320726019534,0.009720844266593427,0.055135972451581285,0.0010985403079617191,0.03334756824460216,0.020044684342743556
344,1,0.020333977833887424,0.018529803894678894,0.03391280518732259,0.020391085329157028,0.028086415231667373,0.01790874012014665
344,2,0.03676102452594902,0.03365458363954456,0.01973491001088116,0.004273313401515776,0.02091837712464775,0.024451902200267668
344,3,0.03954946175519537,0.03037652334678533,0.031669575521208096,0.024718980903812113,0.02394219260046963,0.02206658070927905
344,4,-0.0019393518244315206,0.031097455421861854,0.017749172471391145,0.05536464206059821,0.013306072011369399,0.04113017997938201
344,5,0.02885045837858195,0.033763778097137306,-0.0008691997907055692,0.010057509437249526,0.036973331913023336,0.025196986322270055
344,6,0.02219788023957653,0.022097344818094545,0.025496406027518948,0.0072168361930967165,0.06143880751598864,0.013158937686555171
344,7,0.01779730198939272,0.019344631804612166,0.05374674870245282,0.03506878771850044,0.026097372979153512,0.02969657643523803
344,8,0.03991814889710058,0.025701151730566116,-0.002371769898097019,0.02829994919112139,0.03682317373625739,0.01676630153587251
344,9,0.0026288156873112254,0.011109231353964799,0.021365744339923616,0.030016117281982776,-0.001579728685626152,0.020581889589022066
344,10,0.008837542985683743,0.034858169974545224,0.033342005693661136,0.00012888438163287003,0.026758294647153437,0.021146355426719582
345,1,0.037454153502420796,0.048927240679098996,0.012453883934809704,0.04676803958757298,0.025316213115178288,0.05289301394906018
345,2,-0.010475892717396408,0.03255416770960788,0.05050142100356025,0.03785621362896683,0.014024785186478326,0.013637348355404531
345,3,0.03555935775831938,0.003606956717816281,0.026409555839378047,0.024809277114687448,0.024751177472130206,0.014464404633496677
345,4,0.00588315546182552,0.01899515521252686,0.018282801177814525,0.044979949601710464,0.03665265758314847,0.02801596042147978
345,5,0.004340755516373186,0.04129272612354494,0.036727903592379554,0.021950945900692583,-0.0008647245339463065,0.04035455377534633
345,6,0.01657612500841614,0.011143759015020401,0.01506206855323615,0.03704641721838711,0.02674624321929375,0.05921106418528193
345,7,0.04763323583446319,0.046347699274926935,0.022785188952750845,0.01782067026119291,0.03975978964313091,0.044418296882878586
345,8,0.027226216339196592,0.03744553599213001,0.03211226567112092,0.04286406622839357,0.04220521904662879,0.043057300551670584
345,9,0.02507072403105933,0.00012064283214412652,0.029138430188825747,0.052157183843945285,0.01777711544688092,0.020185369078875946
345,10,0.03260493503195345,0.024910794417804614,0.034051491023944086,0.029274897980976,0.017787174637741383,0.03418493492686248
346,1,0.03879936965089358,0.031247176940836528,0.03274812321975073,-0.002606403991572818,0.03289193522625387,0.03541503538129832
346,2,0.016407938052062008,0.002367543931935937,0.03362987172334367,-0.0003262394904040311,-0.0014068878306607406,0.029252075531867525
346,3,0.03233391403816307,0.036696624605885186,0.034981969040288406,0.031507706852619936,0.0037350897053956703,0.03161123285564833
346,4,0.0449688579465973,0.0318369541231282,0.04913616439890633,0.03057494990407516,0.0024673395043692268,0.011555477837915183
346,5,0.004399894723581333,0.020804347426643954,0.04899288525756093,-0.004648147680025213,0.010058642453664859,0.019285330263927786
346,6,-0.003628800284169755,0.027063439096540323,0.015035868047135494,0.010522474504288072,0.031339437948535075,0.007459357949315541
346,7,0.04392556856826297,0.021195782555176967,0.043241301222908965,0.03121800270648801,0.013241022115942067,0.02528916507787124
346,8,0.041272817879149236,0.03911202701682301,0.023763332040993127,0.03199237700072512,0.015474029608337476,-0.011204689786062441
346,9,0.025861659638873352,0.020675490001843575,0.03776704545045753,0.005969619993823868,0.008061557407388951,0.018077368022319986
346,10,0.029287661061792074,0.040773837213123526,0.028858275383430818,0.004663331553219167,0.00788099313877699,0.014801849210478911
347,1,0.005052918947032393,0.021871364238587775,0.01780716623467247,0.041644722348135314,0.044651022163457295,0.03291902138938219
347,2,0.04631897177469994,0.02337340798881675,0.0228699018171784,0.012897219695501973,0.04993804190709818,0.016633294625146313
347,3,0.04207830822890474,0.025302555555924207,0.02104761818613646,0.019883451018033516,0.011470405325895506,0.03802905999319843
347,4,0.01171201553379387,0.027363350087689996,0.019907405687023438,0.020702423384605175,0.027704521212451528,0.008926334423732045
347,5,0.024312087817029433,0.005290827247823582,0.02337907763046131,0.022265027829748645,0.0191696475792456,0.03572264045033332
347,6,0.04434280235430412,0.04111592419158391,0.006735998316717108,0.0292255161351186,0.00946175070259204,0.005096461749333233
347,7,0.030662497516974092,0.06462177463828472,0.03708807376594871,0.04149727027427712,0.0475966426231062,0.019806269189825018
347,8,0.04492853593564182,0.042056928327066874,0.043651274866178875,0.018417738508825596,0.02449542711661961,0.02590914282820276
347,9,0.01504731931158995,0.05771455276442212,0.023693576134644158,0.022682053876159836,0.030056302570554756,0.024407796838147162
347,10,0.025513758244224312,0.03015205326869788,0.03575791732696079,0.03173081710198049,0.04599405911017096,0.024588774061638684
348,1,0.03188321027943471,0.02570791040573968,0.013224378223568936,0.023433501549137647,0.05386697199937753,0.021237197827367226
348,2,0.024463844859373866,0.027106271989673986,0.007183200639390821,-0.013194192528480883,0.01975982355608819,0.03271601347605928
348,3,0.029214481087749933,0.00840707150258115,0.025545169161029946,0.04124587225938858,0.01072098577920057,0.02545970623121088
348,4,5.725981749319422e-05,0.03181562931552935,0.04952115595168607,0.028700960649615775,0.026737569391358275,0.0006248151742725254
348,5,0.017112707738105484,0.03256761971055678,0.03502404530856684,0.010262223832915486,0.00816923195297231,0.016108333478973388
348,6,0.032009222258661936,0.036795282962591894,0.022304265372647184,0.01900061998152148,0.01711664237934055,0.009211985416018505
348,7,0.03433292422307359,0.029450714468243877,0.010111088362065016,0.0010642320652318256,-0.005206054356803057,0.03300675981577947
348,8,0.025178540837778218,0.021508243007613097,0.03231530139903925,0.03328410766106346,0.03878829521428099,0.005849537704238676
348,9,0.03332836917868077,0.02137393249008921,0.02452957518906515,0.014498440898629596,-0.0020392234200577756,0.007959578909839397
348,10,0.0199343575762984,0.017358499185790164,0.020548101086116856,0.029893966109974555,-0.007852878555412694,0.023852063162871234
349,1,0.015685935004520542,0.0354153236821706,0.02963238440379345,0.012395489454711436,0.02028004960453097,0.01551087025945616
349,2,0.0223047501061552,0.024907475914234076,0.02079131102409625,0.020858484824484002,-0.020527621284435957,0.02910178998226335
349,3,0.029219888692962798,0.03489219071699265,0.019339680151460516,0.01638622309847064,0.0001523117869192088,0.017147597845801582
349,4,-0.015827670420139956,0.018714722271996484,0.034495364775317505,0.012222876130314165,0.01366385835655944,0.02745255208187046
349,5,0.017370666583421752,0.030091805324148367,0.021379360457566204,0.007687659627553778,0.020070582407400842,0.031967331647387055
349,6,0.019123352297073917,0.021529866373103678,0.03258424919596596,0.02025543021772089,0.037490539024226104,0.0011228258944419715
349,7,0.042369216613081156,0.025551038302340547,0.06143163694417354,0.02658851427863442,0.012914481350023672,0.031730316770900095
349,8,0.030209211756564127,0.024180464477279326,0.004685208358916552,-0.0028976750451805986,0.026317776617205173,0.006274374049305244
349,9,0.053425087458735955,0.03219742683074056,0.014191399430310824,-0.019026958233241263,0.01325843039283664,0.01841279841372773
349,10,0.026920965768745114,0.04333284268488111,0.03706233220297435,0.02133257260803963,0.03109704563920512,-0.006061225530299716
350,1,0.02071133410620409,0.014450390750120138,0.023560787420687603,0.022886199803870466,-0.003540111057792603,0.02757932832842628
350,2,0.00966040048059173,0.02967432392408617,0.021838669795781192,0.021595216770278786,0.021297998692271593,0.03166833589942193
350,3,0.03412918960303217,0.046554648647471636,0.012776509729445476,0.05418825176742377,0.029491247639502637,0.02151923423914147
350,4,0.016234420632865343,0.03730857623463206,0.03286900048804916,0.02289973173372782,0.006774408006250889,0.014408527271729464
350,5,0.030684499153721307,0.007515899277871894,0.02362703474091689,0.02913719886840895,0.036497968936387744,-0.008382478807865522
350,6,0.04321154267893493,0.06331033389481888,0.04122575290361892,0.030173753160449224,0.008259376523258853,0.0397821987376073
350,7,0.028529275654850604,0.0213166011238364,0.03788372005720746,0.031300012819441225,0.03967154026301399,0.03606275686172343
350,8,0.04492808915633573,0.011267310365474343,0.035228682984570894,0.028066070324935494,0.028854260652879906,0.01566333641094249
350,9,0.021010997250984185,0.02141510448787277,0.021183067168052568,0.018090390402526857,0.017391334160784883,0.02614434595602541
350,10,0.032606231360963384,0.02305521338480287,0.033702273450829934,0.05087259471054377,0.028484031977434345,0.016881138597415173
351,1,-0.0023198467724053966,0.012604696713227488,0.031312314002126564,0.05201464160892736,0.03243004645050273,-0.0016007340655049434
351,2,0.027294284817359668,0.003315891743879378,-0.0006384822588796236,0.030195809023069023,0.024842755040129852,0.02647308533249933
351,3,0.004490609509706313,0.021227570166507805,0.0028490571350185535,0.027270809028531556,0.010214172506478526,-0.014629162051800104
351,4,0.01268533189571215,0.009626381599613806,0.02231843559566515,0.016761103232327042,0.06055255167577568,0.008378887756760836
351,5,0.023660869975060617,0.008172383787578012,-0.011939265839429237,0.03194272768687417,0.011936388096358854,0.024780277603178826
351,6,0.012752833049596722,0.01726888147774779,0.028932156307919142,0.01452613705658759,0.0035443688280161942,0.015419072341908873
351,7,0.024875908612560994,0.012036708839203993,0.01367331486530837,0.03896841289384419,-0.011639524958897621,0.005183510817848782
351,8,0.027921564423367354,0.024440684585939017,0.017466318757035342,0.0094618228622702,0.008150267847659588,0.029516365606232903
351,9,0.00247233863022296,0.00898103186683585,0.021775125834063633,0.013698663801912201,0.029354361543464682,0.03303193063563627
351,10,0.010033550126735742,0.03769173106821209,0.02495661131856037,0.014670471039250064,0.04069511963233508,0.010637299762434665
352,1,0.027540948610193412,0.05100284020331081,0.04364433564009251,0.001990779117326412,0.03129756368728792,0.028076730046175682
352,2,0.025975951454468554,0.03119351096062589,0.016913402345511697,0.0405032391312713,0.011842784986770516,0.027534551709159857
352,3,0.034911977397740275,0.0257704602427011,0.03985535073673029,0.02681693093317071,0.01346551821172793,0.020368992210660224
352,4,-2.48494411495459e-05,0.037250034270519504,0.04491231986813676,0.012980851889971532,0.013797458766617943,0.013349257395840659
352,5,0.022814920944991084,0.04530739102000821,0.029251680656446146,0.013674227592657377,0.008929558227270405,0.0054870879225653426
352,6,0.01651632233452302,0.05081667159214188,0.06626749702552545,0.019878768623823578,0.037027011226209675,0.03722623831500617
352,7,0.023874769572920423,0.026656986965022233,0.02261275945542346,0.028903495377761806,0.0034955511544613647,0.019805427653372006
352,8,0.042515203284106504,0.05404046920729268,0.027858825052413244,0.03604589474360702,0.021326691364135907,0.0073515918309411355
352,9,0.04132806151621012,0.022828934618462072,0.010721295220734133,0.014307148571490479,0.021314180105142123,0.029264143952415094
352,10,0.02770685384958335,0.020957669299876178,0.03964059079592019,0.05258242835329818,0.028797133011276115,0.010775025089567892
353,1,0.031953773079066064,0.016195978557644992,0.022616746966682,0.016953935065944847,-0.003795066198226479,-0.013199693482344043
353,2,0.013638945438438225,0.025121199541981,-0.007696233016338649,0.02294134756011496,0.023192283511477167,0.03186093304907587
353,3,0.007379464022373943,0.002228845052471893,0.03793492891823657,0.029060337661132217,0.018408237695050518,0.012985241993979667
353,4,-0.006068442209528609,0.024867732715831405,0.010302290396710144,-0.022850428055275804,0.004666567406887061,0.0019073538086731743
353,5,-0.0007286834185963728,0.029048185310419476,-0.007557685627527273,0.024816336612793883,0.03300014539696714,0.03305688944035988
353,6,0.01455074216881023,0.035295631908892185,0.040846725854250816,0.007238343994610001,0.023502423656839327,0.009772268354504992
353,7,0.01547688758410991,0.019591938263413485,0.01873193491573765,0.034905706315342726,0.000577179905690026,0.026667303561168716
353,8,0.03384404415796164,0.038398986238794744,0.02122623290678369,0.0034246171657569104,-0.00018088070251541803,0.018840814941025307
353,9,0.01947440117399958,-0.001210811724963148,-0.0019882923308060345,0.0060030175963865185,0.03267968115276201,0.0005098286926899742
353,10,-0.006901985001744036,0.0314936205433864,0.008568812224707834,0.0015539423871725247,0.035595922911711306,0.014931599257142054
354,1,0.06465355312465938,0.051877909388425354,0.05063928743343881,0.03651186393206147,0.04434677851254787,0.01701903993891792
354,2,0.02496197518424668,0.06180670231916681,0.03389650120523717,0.033911255593146644,0.05860405609095114,0.02128471307358003
354,3,0.02600478046184596,0.030431029821350833,0.034512677906466935,0.023868664623746264,0.025834320055193243,0.02187437563565054
354,4,0.043319698495906646,0.023395506874092146,0.028115734020326983,0.02606588161004321,0.04565401198639902,0.021037756065624837
354,5,0.013160320217138569,0.0366230621089663,0.014651591727987865,0.032879834845790566,0.010608120294621392,0.01262172446321044
354,6,0.0397909689983875,0.040966076648332884,0.01864416676857705,0.024371188299051272,0.014199338615903112,0.023463153057421336
354,7,0.02477367258533354,0.04930604790895538,0.005517443971830608,0.04149445470867576,0.038285621285733706,0.032100769991232035
354,8,0.02937463526492633,0.03936672967789886,0.03607361836994096,0.01670691656574141,0.02542604202036506,0.027656137727176924
354,9,0.03876920128014738,0.046070523070691864,0.0075524557378347885,0.027501330351299716,0.016955152642987175,0.027118996655892597
354,10,0.04738250690017249,0.026138200860949156,0.035669982809810485,0.03262603307387888,0.03824058882492566,0.03713987354892773
355,1,-0.0037532547384800216,0.027049323833902898,0.013713030621724761,0.008495786876021295,0.012384914887581547,0.019001012683817358
355,2,0.014931516454150525,0.007601632537947428,0.023525032575975432,0.013203341675922825,0.011145693647055685,0.033889961540052825
355,3,0.00778945237191703,0.009009598075886067,0.028074398584630903,0.006977681693338218,0.021122553284100672,0.025607583182793815
355,4,0.020298627939138954,0.031161819526867498,0.02821593983015469,-0.005729106113947316,-0.0031044145078868287,0.026768716806629917
355,5,0.0056848117908792906,-0.002069749930870658,0.039147090679844516,0.025846353928178526,0.013978693663894435,0.050068176475426995
355,6,0.02113119651335154,0.02904452740732648,0.013904988031611266,0.006628516121380522,0.016980957990828844,0.01344905445441592
355,7,0.013053295797764203,0.030314920625536833,0.01735362602077042,-0.0015272055651331595,-0.006947570131682398,0.040103194386275506
355,8,0.010937202230034498,0.04347223452880767,0.019592498456756,0.008400721120029106,0.025910347700402386,0.02934928521388473
355,9,0.006401238359611914,0.006328504439418454,0.02323281153232164,0.0054225178989269,0.01347834356293746,0.058303022837231176
355,10,0.04018287922704589,0.024097142060678513,0.016714717066621226,0.005410711894259802,0.03781721078374839,0.014198110650438328
356,1,0.01367469687828072,0.05276747063687263,0.01927718694345615,0.0032608112519940456,0.02146858558813565,0.008849128190773565
356,2,0.015264216906202034,0.008352197551848791,0.028092882024839498,-0.006218655289738362,0.017036096519511018,0.0019419494312150102
356,3,-0.0017207104439537282,0.0019643849393134578,0.011955812489758515,0.014357298904636795,0.03429168353045225,0.005734512187368109
356,4,0.02197012191943477,-0.017315852814880173,0.030678850693432073,0.04562311201595816,0.010100504470050557,0.025141062486691314
356,5,0.016360975841887778,0.005295464884814468,0.04711738516136999,0.006980464834937055,0.011843796096609257,0.013486957180139363
356,6,0.04941383523900851,0.013622437499501665,0.011253439302974323,0.017422900515482186,0.023103533693731894,0.02248369298176569
356,7,0.0186911640941473,0.03995546965337944,0.0055145297225904335,-0.0005829346038351233,0.033271540945284735,-0.0018649175589971628
356,8,0.011301086283931679,0.04681130769150869,0.009222764330658589,0.00862252817719083,0.01689142769806832,0.019177533672242116
356,9,0.02210396419338471,0.0022556617757742634,0.007331657365263896,0.032657450149780935,0.034968513400510284,0.010774402006100874
356,10,0.018397599994755123,0.012193824708186453,0.0024372413452656417,-0.002568205991980074,0.0011280536042414578,0.05079910694712291
357,1,0.014677913983538973,0.041754197032969224,0.014484281978683702,0.03292727430129144,0.038579913785447596,0.01466794532213811
357,2,0.04348199184379246,0.04438563816160984,0.0226122478708131,0.00695091919295121,0.03684247960624658,0.02022020241946734
357,3,0.026413861764127272,0.02877599048680109,0.008082504739968608,0.028895874464882558,0.02231122097006714,0.030871647493329768
357,4,0.05615575825043557,0.03914004874481183,0.027137870471690705,0.021582598515321728,0.04058304509210328,0.020293617147922622
357,5,0.032528318777923074,0.0048303677906260485,0.013611383126135556,-0.0026596014797948936,0.020679140605052916,0.0035900472755108766
357,6,0.025876082322652417,0.03290142212614073,0.03607779035495935,0.02280608304862957,0.035537731747648,0.009835590761542702
357,7,0.006274712856983499,0.0030205080275218683,0.018203076809076464,0.00950216283157907,0.05059946141251206,0.0338893219732347
357,8,0.021847061522848783,0.03997566144195208,0.034112170281294436,0.016699570613656407,0.006365914345952331,0.027659634825468096
357,9,0.008933790958817184,0.0019478283513634316,-0.0061350112470398704,0.02476086815035455,0.010148723203917827,0.012482094366845498
357,10,0.021978105991577967,0.011835159549498816,0.010617533470232582,0.03687908662205932,0.023654020457741575,0.03454032689609216
358,1,0.0033589926531183115,0.03477670891972143,0.028441370567990565,0.024578093966816,0.038605677221249,0.04004722783064993
358,2,0.0199802305455783,0.03356640824332538,0.03331029101899571,0.024461341857861703,0.04106833437476772,0.02786711361937937
358,3,0.021244794827319193,0.007307725770024333,0.018861719216188188,0.03200804922765049,0.052508751558950725,0.014125094371410846
358,4,0.04276733370937123,0.026489903187234664,0.03167948825071392,0.0528265173810334,0.04304119157569573,0.03803247746985527
358,5,0.012021120350009667,0.03287879219750858,0.009123647293170526,0.061296767363576816,0.050115162945934814,0.024891972081833583
358,6,0.04564052952111185,0.017217605938627534,0.0276952872981265,0.022345517798554093,0.025826241498913067,0.03738945389218938
358,7,0.012072918009768762,0.03282289791876917,0.03773301442460326,0.04936251340682377,0.05078696276983958,0.03278640516289911
358,8,0.023111417645139097,-0.002499669453279596,-0.00687256188882555,0.020318021629780234,0.06377432135553406,0.02378054890781622
358,9,0.029340813829135188,0.03653581022970129,0.015062060551540347,0.03856378182128961,0.04135858144102338,0.016208463532283557
358,10,0.01761093797214384,0.02990333040626216,0.009836797047798032,0.03489733177362778,0.013175376818670086,0.031014692626124378
359,1,-0.012593023519524712,0.012172612145517177,0.0061366476940298365,0.04210674792774225,0.010781624276219712,0.047910019348057185
359,2,0.04173262765415751,0.027575330585893842,0.019953142357169273,0.028118087052566923,-0.004856467812964994,0.000668368685531868
359,3,0.017881864204912192,0.007135127876682989,0.025722628525784347,0.027122693925521496,0.01615543824396214,0.020076624589008548
359,4,0.019606521317977004,0.03270121544582021,0.025205794136843394,0.0034671043681236318,0.007704553415636388,0.007370755163729634
359,5,0.018713809697064366,0.003521340198628727,0.04703906529307458,-0.0012994130655840442,0.021063196983761447,0.001838211622628106
359,6,0.013857513114525724,0.007962276372031889,0.010392417879464357,0.007271035270380577,0.02097283231775882,-0.008966493993162725
359,7,-0.002508811531508225,0.03007797601682909,0.006002718479661423,0.003678656730172492,-0.0007775968975528897,0.0280903574690476
359,8,0.012363516637203129,0.03229986897877536,0.0014752672842809937,0.04061315041352742,0.015456680522369877,-0.006747932456742448
359,9,-0.00048426520854690105,0.002318069211014548,0.009213719341103115,0.008593326038878883,0.026873402307348637,0.04037134745260194
359,10,0.024140344098330428,0.01916628690675207,0.013559731262379606,0.019092434727756385,0.007786287274336293,0.020103000241645404
360,1,0.02842179712557534,0.022455251502556468,0.05633361977522821,0.023653183917855116,0.038968182269749976,0.0406717193386002
360,2,0.04392783098844768,0.020136687447142886,0.02975444159085412,0.03703550336310045,0.033266819236023065,0.026907105194914384
360,3,0.02894642771702348,0.01406798751863815,0.039050544392091754,0.032548080529370596,0.033398363052277794,0.04486985351756762
360,4,0.0400791760675385,0.03966434665295161,0.03824393836402169,0.018530526071381496,0.049920130044218726,0.029190085565118963
360,5,0.038594730847597236,0.01062911741589134,0.04699597208445559,0.017945465697472397,0.015441484823097484,0.03647970987094122
360,6,0.054596868963941225,0.06021401610299431,0.032666627113253445,0.048820776352072125,0.023140871829665892,0.019766056306235454
360,7,0.023445394959617723,0.005175399768478547,0.013085653087880053,0.05483733763519493,0.028320408050332504,0.019799232041958187
360,8,0.03866412537126924,0.027068687761592068,0.02947430596993864,0.050659844901633076,0.047968514673459535,0.02969042741543491
360,9,0.05438973389372669,0.033425052542418635,0.018335024345862278,0.04813918433832061,0.05142461697861657,0.00987430783833099
360,10,0.04715894179598471,0.0060361437297156905,0.004996575871760797,0.025366680398691,0.04561742099399599,0.0277960411384641
361,1,0.03224831884179231,0.015389961872093167,0.03091729469482915,0.023448482491714263,0.008414325902261915,0.0216091722043526
361,2,0.02162979906910697,-0.016201355097601886,0.011196806993650464,0.00869969232041559,0.019328778852754684,0.007347365334196313
361,3,0.028251603068224582,0.03447805623534651,0.010875693233437862,-0.005949370964328191,0.024444078152405395,0.026487381125220186
361,4,-0.0018748657700793459,0.020361738127322074,0.02045238701148176,-0.004872604756627097,0.06088238471620964,0.005267169833042749
361,5,0.03804955875024081,0.037614555915294716,0.04827827814766659,0.010771424433685794,0.014099949988052547,0.02337556988091249
361,6,0.01858327998096517,0.0389414555321063,0.04014568962934914,0.026817743766858613,0.019123633233507707,0.02981724021472857
361,7,0.02059782413293241,0.012567319014347902,0.0208078293027492,0.01654326486783231,0.009813375400161731,0.04512203476235601
361,8,0.01951524889921886,0.009123718014921194,0.033946111225907384,0.02670973120965457,0.009790499836912252,0.025282932922082228
361,9,0.03785630485861904,0.021373976100838053,0.03749417481136872,0.002241028477772012,-0.011775348426107108,0.02677252704602177
361,10,0.011835100241180474,0.031853417119769814,0.037664390869363545,0.03873639698572294,0.04537689635807243,0.021637277998745298
362,1,0.004775868861035902,0.03248322999383809,0.025121944131824187,0.02825434960783835,0.02191888275409857,0.014581694193196652
362,2,-0.003657595215812394,0.0032161222764131555,0.012089203247088388,0.02170327778253376,0.013554427852012187,0.008818994031314026
362,3,-0.00042060128286857795,0.0008301515811157663,-0.010000772228046507,0.023239635206412403,0.02754300396718149,0.04180862420307978
362,4,0.012301007522985796,0.014797189117061916,0.022033241197851373,0.03883020557521542,0.020807522781731716,-0.00034015759687844045
362,5,0.004233906894183477,0.028261699508133148,0.017872511214190066,-0.01913633808504422,0.029150006810855313,0.014700248010350381
362,6,-0.0003978670436325198,0.0078763211121526,0.04948245518701023,0.008082345793568901,-0.007029188760454007,0.029539454483500156
362,7,0.037054037141778705,0.010043486858054769,0.029097575355099638,0.005231921383941248,0.0038315199679262316,0.03417037167554305
362,8,0.01877037818790404,-0.019315405323818854,0.010529022814915785,0.04059118880610455,0.027050168050886024,0.021389924130133478
362,9,0.02899731569281447,0.03102959618499484,0.016618654741877126,0.03286744025162437,0.02672991010914312,0.03217747502806557
362,10,0.009205621880287142,0.005639695612661549,0.046716327342551336,0.0359358066896361,0.018328477335857785,0.0218917246720185
363,1,0.025902070408902515,0.044378025807323515,0.020286426636897077,0.011002533361090888,0.00929730611449531,0.021977247886547566
363,2,0.03278166720338508,0.025250894672750095,0.05224492804577988,0.04980375525262965,0.034096872320986,0.012138849433576796
363,3,0.04536980811254783,0.026568780129017703,0.03617742512919036,0.013267389522784048,0.006444625632451925,0.012472222616617165
363,4,0.023732666560475933,0.043191958379712146,0.022705887925360487,0.019918144344436645,0.04359106296676622,0.014152976818712758
363,5,0.03366057802017611,0.017343303936888026,0.02051125970143401,0.003628743464531964,0.01682753512627475,0.04363932629067221
363,6,0.034210832265553374,0.006125139436893657,0.01518458134319261,0.032848997131929285,0.05798159253197869,0.029504510643332753
363,7,0.02860372211269595,0.013696068082482724,0.03329920772176635,0.030958559230214483,0.021280436439349067,0.026788387548371
363,8,0.03187999575430361,0.05260229971461694,0.020026255952037254,0.010053614963847858,0.03287968647368085,0.04480199887169679
363,9,0.011068243692759036,0.02920082554680326,0.046625094040441614,0.03391870719520279,0.026795004539122143,0.04105450979636621
363,10,0.018975832873926846,0.04234584234452326,0.01756972380050068,0.028270251539587843,0.017020755238973728,0.027066568097299126
364,1,0.06986646975388312,0.02921414279971362,0.04808031077568686,0.07459564677644341,0.06368978450821412,0.06160066208587689
364,2,0.05313262234436791,0.05839828833665999,0.06979938073696453,0.06704574814539874,0.03389288271010502,0.06569467501160496
364,3,0.027089838668493942,0.027308794618587016,0.01862742517361098,0.04911320345676812,0.03413713178718617,0.03565319450091307
364,4,0.04003632290229893,0.03134814027835715,0.04204202119174772,0.04893777994840564,0.03482327775306517,0.0625353376093579
364,5,0.021556984136752323,0.0020808555710895293,0.041619048148402164,0.007111867809985606,0.012226611164534756,0.016815656156331307
364,6,0.044841597734396735,0.02886228383180221,0.04652887776083229,0.06103789284732086,0.05760590181970461,0.05667014498428727
364,7,0.03142353658860282,0.0014641899700122444,0.08326764126634088,0.058002776267183,0.028866149745220466,0.04858298603738565
364,8,0.016264788968379056,0.03141512431383198,0.057733914683491615,0.05128159518062996,0.04165645928330145,0.04314214404450153
364,9,0.015933644280299565,0.01967350781307359,0.026769982675509098,0.07415918533954649,0.04329025336728109,0.032329981425113556
364,10,0.041910977414923035,0.0068504455089102075,0.04405654043082589,0.04328282025674926,0.0575460948359889,0.0756802184532568
365,1,0.009404128627422122,0.0013129529951360016,0.00493969068181201,0.02065863938324831,0.025867300644866146,0.011159030286763008
365,2,0.018808687377297725,0.003106726730170173,-0.006281340208273805,-0.00860622292653035,0.0075215274824208455,0.022326770521090437
365,3,0.02427174120516758,0.015394304223008325,0.024940153564939352,0.02367143802081079,0.027063646286370483,0.03265018908162597
365,4,0.02217646829237779,0.01239047235453934,0.040373304884317514,0.01247873278298422,0.017624034614414676,0.010648618881369046
365,5,0.029103618405767594,-0.0011009693076360152,0.006688433988285254,0.02359968679423975,0.03683329371823026,0.017777843632544126
365,6,0.028922310840084103,0.01576772971683596,0.003430338510265285,0.030383576405683035,0.03292914462019854,0.022433887684317252
365,7,0.004655959208996136,-0.001157506085878776,0.019787784018737875,0.023766764153583593,0.01845382067179828,0.026196235605809328
365,8,0.0064309646202238184,-0.013646484877865213,0.042039559001231665,0.008257192903943524,0.015348550078358066,0.02731010711073587
365,9,0.02567563097601666,-0.03730570990094051,0.010378894695853392,0.022998325037948863,0.019786478562413383,0.018723646937896295
365,10,-0.016046007814403084,0.0014530242581920125,0.013793958870752443,0.023993686417440666,0.025789285151797462,0.015732930064950617
366,1,0.0169750762551664,0.05352243073358762,0.02890814472145563,0.01783092345598965,0.008520694200786424,0.02225641161090425
366,2,0.004844840168737039,0.038853824216130414,0.029930259427812782,0.04511347970760282,0.03394754133461575,0.02836206741781439
366,3,0.041509657745117105,0.049008269121118234,0.01636594092649792,0.007454375803073188,0.0062947673062536446,0.030442954765739143
366,4,0.015244790642582174,0.035209386059068974,0.01720930333962737,0.024777852398957783,0.025280861344013854,0.007661394071365644
366,5,0.01440945551834575,0.02162150900473578,0.02187872716578658,0.04539952641396341,0.032478546808529594,0.033842746765664435
366,6,-0.002831052630735878,0.0268471579870959,0.03545398100614586,-0.0015323395224169068,0.015646397746927262,0.012430266723627204
366,7,0.04075991390772605,0.03612307420638875,0.052049547252581964,0.030888061600702368,0.04434333362960827,0.010168127159462196
366,8,0.024598134172275223,-0.0027444291631575127,0.03679829234964949,0.01396410670910883,0.020087515875093775,0.01176751425877761
366,9,0.023629506206937902,0.036594936703336425,0.026196961851267606,-0.0014988228821259308,0.03146519354650627,0.015762405187056298
366,10,0.0031941073853362146,0.011104828423481731,0.005845972206055567,-0.007869273660894955,0.016492364507853578,0.032237255714581435
367,1,0.07937085548116092,0.053516314064104425,0.10274233195163766,0.2004944462191468,0.17940360350047713,0.21959554990258204
367,2,0.10518284496739656,0.07521130052649362,0.10635096136615457,0.12035951099695788,0.1379223337688592,0.1528081137534551
367,3,0.06236353678597085,0.03823778762527909,0.08423075655284254,0.1771992432593178,0.1837486740674426,0.20621841420995432
367,4,0.0826412245095423,0.08635949525565374,0.09037083425803963,0.11273249949429189,0.08073276965483824,0.07630071637457309
367,5,0.07520805425348759,0.07783553965317876,0.08171305746649449,0.0872228547808475,0.0825961783001537,0.10339063321735227
367,6,0.07195268198481362,0.06982734524710352,0.07412922204090407,0.17976844826948832,0.19603631604975033,0.2115014492505981
367,7,0.08269872007716744,0.07000701677673805,0.05722538489471727,0.12555603974096155,0.12062404468143838,0.12157634545748101
367,8,0.07806558793187415,0.07461547603260565,0.07879369064232236,0.08808309044259008,0.1207549617046184,0.11295440849186254
367,9,0.08952787836997861,0.07558444142122209,0.10209629936635224,0.1486793002278569,0.16321893515980898,0.16525186231684064
367,10,0.05733250444935727,0.040309513426545214,0.024804355116609327,0.10916761700479614,0.0772324904900472,0.12417752767363477
368,1,0.02661972534104338,0.001240891353548176,0.0031593946528542974,0.06006612065366724,0.02500007310335929,0.008090290432575734
368,2,0.0050683535913590904,0.0017699735937569986,0.032898774560872895,0.026266705329000797,0.027430675969504038,-0.0069857358876987685
368,3,0.03360022230726158,0.026284095896564386,0.0012810655660382034,0.01825337529871884,0.004394204806666464,0.026011630548258696
368,4,0.010402313517626105,-0.00624773094370065,0.01681080671474774,0.028526650980351047,0.03470640732837329,0.005545375559932886
368,5,0.004354910084798222,0.010526890912884387,0.02118507205219633,-0.017867316280088967,0.017147686633895293,0.04541074801799362
368,6,0.029882800315963715,0.023643486775215786,0.004051087245768511,0.004424169193168346,0.030851716229287614,0.03661976710888079
368,7,0.017792592608955476,0.025353537868611983,0.025622988814322355,0.030607904133971867,0.011727624944147993,0.029338313376016594
368,8,0.007849881163704815,0.03464913595922945,0.0033028052098243066,0.012390275100898721,0.011258751878950413,0.02571035198242014
368,9,0.01831775016617611,0.021163788355948527,-0.0002905093825537541,0.006585144199185822,0.014319027010945189,0.01773787278502913
368,10,0.019815545838064403,0.017060639001473078,0.016177324190599227,0.0570361014806287,0.018798032836890202,0.009140518332866422
369,1,0.01822187730425466,0.013427429370256243,0.018438742934336803,0.02163237320879041,0.03506264524017933,0.014910639850754984
369,2,0.03437419660005318,0.028041217987684542,-0.013828467596390474,-0.01165219031902667,0.006764916074999112,0.018282227956573242
369,3,0.03379397770223572,0.0019440400786684135,0.009808605433479028,0.016540015624409203,-0.017509233383767003,0.013813035783955792
369,4,-0.00358414570915305,-0.008037928304474317,0.04103537702751167,-0.002892200246226078,-0.0006721039988097003,0.0012717745765174133
369,5,0.0055559313195864156,0.01508451621172104,0.028360648542991786,-0.010811804993541068,-0.0004607895484496098,0.00462753972661096
369,6,0.006098454026515293,0.004521283224892769,0.020522505779246854,0.01076884695972281,0.008018788858407547,-0.012731394567086883
369,7,0.03251467311288882,0.022048396492919193,0.027452883543336234,0.006006820338532198,0.00993457317359827,-0.0005729188946163718
369,8,0.012168584397682827,0.0032195179991050212,0.0166586443724546,0.01143617159789168,0.00884559115216226,0.010605426000015286
369,9,0.03994981707775864,0.030007008041789327,0.013806602979985965,0.020509520831406603,-0.008773522939785046,0.007119760623095558
369,10,0.030146882179498458,0.02628025752986543,0.01574025671733431,0.005637618195120586,0.006766146470250097,0.02076955228341751
370,1,0.00998126210668366,-0.012343766390844136,0.035215190116991923,0.03823507622980926,0.040166443520314954,0.014782779672634007
370,2,0.046198649497188424,0.012430668473203812,-0.013519326660887418,0.04338015203220844,-0.008920678117247864,0.015260934628207531
370,3,0.012392997611542058,0.02165902562624032,0.004816895532510909,-0.009047972888741415,0.009560202596059868,0.04233945264113802
370,4,0.016318082532076696,0.037049865883369684,0.028135143145124785,-0.0085753818052234,0.013197595694269901,0.021510192987564583
370,5,0.00046817716387420437,0.035812734460761865,0.02706921215892984,0.022185063273294923,0.016474329492457914,0.02763519896565176
370,6,0.019715148420895424,0.03292298066521184,0.005892760906946996,0.007314444926454373,0.01075698815640349,0.011058573258878365
370,7,0.03139054326497646,0.015255859616947812,0.008705042008150098,0.013880971664937646,0.010080975998807765,0.006259298311876002
370,8,0.023169259899011984,0.016020283106623626,0.028524215869767736,0.016165590855041843,0.006289892457268176,0.009226413854470232
370,9,0.021777300464205476,0.024023139480129848,0.020687761664621315,-0.009756796075869854,-0.007790110380370543,0.0649443462383762
370,10,0.002360179738794199,0.010806670516943596,0.018513529753966543,0.026373061036923766,0.0072065643907933494,0.024858521621099187
371,1,0.0222047215500277,0.00297001962212738,0.008354958165211196,0.027570022491061986,0.015386230572619317,0.040108367081590254
371,2,0.010705685559050156,0.011281806265416463,0.01682689196811376,0.010952528269315313,0.06494031938699292,0.02496448736920563
371,3,0.021870495065523878,0.005225628065397907,0.008896615141723328,0.006968707110182717,0.02355197528698166,0.020558848794632493
371,4,0.01700060367162606,0.009049765721946686,0.019280973340778416,0.015421223313887554,0.022209288365893212,0.01239437799829674
371,5,-0.009158555884415122,0.02115842144762195,-0.009600490147824865,0.023141898940855745,0.014756917858781953,0.002937342273774538
371,6,0.014317954341796734,-0.0090391668875466,0.000850769689547228,0.014025501887333673,-0.0007230253787676712,0.021257106663898115
371,7,-0.005722803810936835,0.020956605284788935,0.005946665771036107,-0.0033055835043967305,0.007957417029970023,0.018529207525302696
371,8,0.01004072473724236,-0.003356394984096691,0.026713039868210667,-0.0037535894779685804,0.031538261261862564,-0.007695257863059654
371,9,-0.016409359604199564,0.02466824195578258,0.042426715555375714,-0.01428074276137923,-0.0008903224106059639,0.012465434410849229
371,10,0.025325182712752175,-0.0010845448325093794,-0.007359491926307291,0.024895809368920035,0.04069278907719992,0.01722223638822693
372,1,0.02285346790727174,0.028313513907957215,-0.007752671940108321,0.010075474121890414,0.014136395927034643,0.026424026090301856
372,2,0.0027140923989276595,0.0077899105112203835,-0.006924461457215005,0.012099327205775971,0.009026905052647784,0.02992064614663748
372,3,-0.0017140764105557798,0.009520428440040174,-0.002135388599656738,0.006555843332654799,0.022319565563935967,0.02799512991939623
372,4,0.014385536040424243,0.03976645744035666,0.004097023129919622,0.011472944914731869,0.011247535761218624,0.027940656820738013
372,5,0.006894895469546952,0.032521240673195694,0.022662132346424196,-0.012694525326351225,0.007492316202361013,0.01876445796117846
372,6,-0.011878312041562814,0.006073408439829235,0.023222421918537045,0.01778728815578582,0.0030576283104523172,0.029996366454599514
372,7,-0.014458783050816137,0.01735917514805108,0.018472682860511583,0.029264320220856316,0.011408567185602663,0.011687170294481793
372,8,0.02226614340185464,0.003562658293853601,0.006218100445726545,0.019631273459061335,0.006465484729950158,-0.0016193710794215226
372,9,0.0222341068122911,0.017466010520999338,0.023993198608520675,0.03964775530886306,0.02148171082782876,0.009912546550359863
372,10,-0.010362533971071418,0.0037188655686473614,-0.0043090837582729765,0.023143350652303878,0.0032072509016339316,0.04103028385360334
373,1,0.04852156775415369,0.014008155643718708,0.03144341436738076,-0.002276608030356947,0.03636250385866763,0.012462428727509526
373,2,0.03890472997475471,0.015095157792517468,0.017230370411561374,0.006615810897542117,0.02350817145227641,0.03174666368951873
373,3,0.005013521259122739,0.03574248319483398,0.04604095615089052,0.015564351108362885,0.023262428979530802,0.0023896250519984882
373,4,0.03370838556471522,0.010578817414778277,0.0306444923982546,0.0015004033942071476,0.010159282632475428,0.038336658477221744
373,5,0.009204961588202696,0.021429260649629456,0.01167205197238969,0.03705935135607696,0.02236113072835342,0.009071638176610929
373,6,0.036306883997452744,0.028158743947769235,0.012195132184263201,0.02489361114817095,0.028967578986172804,0.019990892663212356
373,7,0.027812794484496372,0.02384776519693022,-0.0013082599502385406,9.349250288179277e-05,0.02461315053903632,0.018580154434219263
373,8,-0.0009666904068989337,0.0337614344208058,0.02361251651161285,0.029669601091864676,0.014973240029819075,0.0029062793458308565
373,9,0.0001790256930568677,0.03503875432138975,0.03560000193624712,0.029391363279106898,0.030568003526209985,0.024526407847896805
373,10,0.029297718309559045,0.017014262940616164,0.03506234227398513,0.0038771680116201747,0.0038034667233174686,0.022780301914650376
374,1,0.013534247503212,0.034243616291766484,0.02157677550581026,0.0023785001796957236,0.02285242319905633,0.0260845760120228
374,2,0.04008113095146739,0.03766096613565438,0.012500814422112197,0.01312307276750693,0.016449977907250928,0.000403290678834697
374,3,0.027159789204087566,0.02308636982851502,0.029853928212241712,0.016386635401953488,0.016575048384588457,0.030731129724079972
374,4,0.046023825187270995,0.018051741990690914,0.04540046561947019,0.0175519914851473,0.013240652108067314,0.012030261569336976
374,5,0.012039428973515868,0.03599491040103824,0.05295258825199338,0.04155996978633374,0.03765251567232332,0.017334125288625837
374,6,0.005738569261770664,0.025359263305705704,0.027278579064222746,0.04753218264982011,0.0196754410492628,0.023929627566887515
374,7,0.029845413804153682,0.03593672436177491,0.028872239121605296,0.01487168128099068,0.026534363756705197,0.007035054301556512
374,8,0.0062882348941155665,0.031159242281436874,0.026162279371065123,0.02166264581704994,0.018544377744305854,0.010073001346966502
374,9,0.015134314443837997,-0.0003235787677439554,0.027652079190386054,0.029212832456586672,0.03579292462092313,-0.009366401331264273
374,10,0.01789800114529911,0.043516542431555026,0.031244423833081958,0.009239873100526751,0.015286857656376869,0.03172249456303328
375,1,0.0342480008595435,0.01603733968152289,0.020289254485808397,0.009893381402957886,0.025116067227994126,0.010868316110150697
375,2,0.01600389191289135,0.033466121028642076,0.03244380678843528,0.016546491078238836,0.02019215167125524,0.020864062230538463
375,3,0.014692774515915474,0.009412285238412012,0.01447378589897165,0.03538393046940522,0.04204350145524033,0.017866498269402155
375,4,0.0114108853026145,0.012153035029984119,0.008101699900886408,0.03630379643056147,0.01716912357948949,0.0483178628663177
375,5,0.011729243773732821,0.018366480379760512,0.031068922338333325,0.0075408661769604274,-0.002880862658611956,0.025904705862770622
375,6,0.022546182264754144,0.019275500550566187,0.01978821692907297,0.016263467236954203,0.008726080549162182,0.009743661657107543
375,7,0.0248698581071827,0.0031065485957450737,0.03162241195121189,0.011676848446327341,0.007438395124527139,0.02529671853731873
375,8,0.023140685722180414,0.01988176928542617,0.02370336871221285,0.009569235042703137,0.02645582573662778,0.019046162329349664
375,9,0.010813610908694276,0.03964055272042775,0.013644252143710619,0.03649718229849318,0.017838664303315314,0.00551921500721828
375,10,0.02719204542003818,0.017218259550923452,0.00792771962960611,0.007606493399461236,0.016178700107185865,-0.008142842811457541
376,1,0.0053854554976026665,0.023031643644252895,0.014592789326723834,0.02702724537854405,0.040959752333843205,0.011217136825296467
376,2,0.007804179460325449,0.03529080859596716,0.02944443359885177,0.021780718018322175,0.02499115541409825,0.035000956169470014
376,3,0.027671687463862456,0.04003731171825065,0.019006879571817566,0.055819086269008784,0.040284807619854625,0.01581479512811187
376,4,0.03164044415584369,0.03307883239774213,-0.0039475587796512735,0.008825527803295943,0.03977444450738692,0.04066532943311689
376,5,0.038139218264533994,0.024270349819605536,-0.019150982798478707,0.0417060958742179,0.034007642318746395,0.02725208709095323
376,6,0.02131431870784023,0.05211859079104445,0.0433986614315019,0.024203760754066828,0.01318639554094666,0.03687688616290235
376,7,0.032563070398719106,0.037281488965420516,0.02463511713903434,0.035120965496690894,0.004330680927922763,0.021234348450528635
376,8,0.013673618311098024,0.047229071494801406,0.01476982200108845,0.02378433543438035,0.02925570013896839,0.04546817548252842
376,9,0.042681665748998565,0.02685493406708515,0.005541957735740721,0.044439960742632345,0.028015703578491234,0.02762508581921049
376,10,0.02786094755703942,0.026287300745944178,0.04099422749662279,0.006761042280751602,0.025464802567212647,0.016130685791754903
377,1,0.03235075271175242,0.0039446604096071885,0.029681067476570344,0.029038152081159195,0.009902926667437872,0.0193320219868133
377,2,-0.010294404256093032,0.0016618106577014076,-0.010412679157952342,-0.002860792958428708,0.019195518887317225,0.029192082920919488
377,3,0.03534586230791311,0.015379513374193497,0.019837494555548132,0.01604580000219889,0.02561699158062347,0.02971365322584813
377,4,-0.003452114734445979,0.03922999807611766,0.011065673538375415,0.023551219063204783,0.008303560439315296,0.02728018252552401
377,5,0.006741474742060689,0.014074257195987077,0.018749354122585462,0.0047937152477128256,0.024354399988121073,0.02056293171014893
377,6,0.03598330327550165,0.02705515548403402,-0.01386945062383093,0.004526790123309234,0.008800141568679322,0.0038768089224094247
377,7,0.00974560134217807,0.03227089957426739,0.003954369793756098,0.03543674346849882,0.031875100120064094,-0.003827778173510643
377,8,0.02618217983796842,0.029953010427441654,0.011158350872202242,0.016944000815052714,0.01363011238489727,-0.00461357333523141
377,9,-0.011277779492814118,0.0092753894350812,-0.0014948772576050728,0.036676214861914656,0.0006200324258464736,0.01756007033614671
377,10,0.020931021589178374,0.017029448576858085,-0.0016804933711076315,-0.00015486439330853702,0.02641243540240916,0.019415661481542213
378,1,0.008898679156871203,0.021653469885830782,0.037176011664571205,0.021576323677333427,0.029767186429267706,0.028638307783055702
378,2,0.05596509094650636,0.019132704541206486,0.06834541077894953,0.02733685546562271,0.060834006874634666,0.017994264864760672
378,3,0.029449846222747697,0.02412268284870645,0.012447945554360702,0.01056674418580878,0.007728841269380255,0.04432276367366677
378,4,0.03575867026519131,0.03344330357508207,0.027286485822039203,0.01764936002800327,0.01935586956439994,0.0023062294846025446
378,5,0.017187222584847735,0.011782679818950878,0.010185665426371265,0.028776157992772954,0.030113305581125866,0.022216209141836172
378,6,0.053734141405779264,0.05283704249634314,0.017134902241513938,0.03302179889694753,0.01964860488153871,0.034819940853585314
378,7,0.021818777778344692,0.030928611671415904,0.027178898725472612,0.046794209015472904,0.03454416469724549,0.02065767024439676
378,8,0.013444780338443816,0.009099065420005938,0.013465325340719937,0.015140255410554073,0.022549832728604207,0.024455659734285515
378,9,0.018483500327606848,0.015899424032824218,0.017151132330122193,0.028593449551581013,0.030469145179571926,0.013944279137660958
378,10,0.0222763608097055,0.006890426750403035,0.02477994347513003,0.050086453576192624,0.0033314479514891054,0.021043347338535284
379,1,-0.007053666917173932,0.010673426255277063,0.0006679622764033514,0.022314163614891677,0.028354919647241437,0.030751845207454845
379,2,0.03165722373081253,0.012082529657253446,0.037578479004157055,-0.012183833811939855,0.00518355500049202,0.020157301899445118
379,3,-0.011266549594675507,-0.006832616650897881,0.009881589048271053,-0.001290542461441683,0.010360993438971303,0.0336119343950371
379,4,0.016386486694988826,0.0009329530042121191,0.011565387357997269,0.00045596847425846145,0.014640119572534064,-0.0019997644944461366
379,5,0.009878333221844657,-0.02313491604706111,-0.004342712534930876,0.02708280104016372,-0.016308514653174188,0.011134633738730554
379,6,0.011328066333537322,0.029384701597295865,0.009835353752709193,-0.004296967147560648,0.005155162308066609,0.01343228032788815
379,7,0.005673510979533968,0.017070570102914212,0.0057138961198708715,0.007476621764838694,0.04746914341826091,0.026150146193251428
379,8,0.02367334694506961,0.016117352011272287,0.016751808006111542,0.049375737402171285,0.027288894974557967,0.0035530774856842333
379,9,0.013470468090959998,0.01159789707867703,-0.014353230220782097,0.00012244747587586487,-0.00615372118522053,0.024138655431393093
379,10,0.0308808581179508,0.020393614825410335,0.019108015356311472,0.02061375913619238,0.004569669758851066,0.016610082086483687
380,1,0.013549505856354572,0.036949066432824536,0.025401043459355954,0.05047192966585638,0.0492507619601645,0.03661894885937967
380,2,0.024461087193278195,0.02403621063241596,0.030930801907210603,0.006505958051938521,0.04810177473011998,0.04487246107107901
380,3,0.019715322376340955,0.007435812383764054,0.019022938702125482,0.031132280390325832,0.06029020119378398,0.023888007448027198
380,4,0.03311674692989693,0.044360588327485156,0.0016668829457988214,0.010278095550068098,0.03018689718651465,0.04332473709590694
380,5,-0.013668280587856135,0.015181384474938364,0.007054650892160971,0.029008768662246578,0.04617105508768472,0.04136250198688868
380,6,0.0406054818461931,0.043058327945639706,0.026221089583157515,0.03152153486622125,0.0456612871713351,0.01596575494638564
380,7,0.02104638414053317,0.023214568419249106,0.03201057765144824,-0.008370741071875867,0.03593485363942747,0.04663352177882843
380,8,0.01691801819417012,0.04419786509724166,0.010947783410584494,0.01971810589826695,0.021623862276015073,0.0260004126322735
380,9,0.025892722378677315,0.033183538063762445,0.04560584034010944,0.035692981629867025,0.05219988114474687,0.035214304629062526
380,10,0.01615703091630193,0.02717921569803195,0.03282777360778734,0.023290289373147147,0.016388404062153358,0.0382134174223355
381,1,0.0028721540275909335,0.036379983360871754,0.003920922646759819,-0.0256566624064155,0.02069381800302015,0.034587855641624275
381,2,0.02305927062983892,0.026387979405230817,0.005360634621566205,0.02952704815444189,0.010300204445733834,0.011225760650206872
381,3,0.0485450799841359,0.009483496296392932,0.027180476089003956,-0.014231768640798071,0.012353469424735863,-0.01014096685934637
381,4,0.01250603856066663,0.027435701532600554,0.01577199288175941,0.025060060331865933,0.04946584345173295,0.016326172451047206
381,5,0.010642806446440138,0.036477126291889095,0.01790826470914248,0.023779536498086427,0.020245125312663204,0.0007264995706960932
381,6,0.04031312323926117,0.04712620450904373,0.038185580522949875,0.01688280456735414,0.028467446154127343,0.027998452436308514
381,7,0.026862250029870364,0.025101735927394574,0.018762641102429926,0.021354772941013324,0.00795720543450434,0.02513362132566668
381,8,-0.000314906818259006,0.011975104184017635,0.04045128185010124,-0.0019361760867769007,0.010952455003534832,0.032555951465089196
381,9,0.016942913164709843,0.01163559719862125,0.03677193577545693,0.011211184965174953,0.016280421940913222,0.0052006305051336904
381,10,0.031840010926743705,0.0337770231060281,0.04422027309800311,0.026404589808676156,0.007638827976440665,0.023655580085740986
382,1,0.0348855344523696,0.050778188849936796,0.04006939407242131,0.03794401032454012,0.041385312477459524,0.021118332561598587
382,2,0.028911551662122857,0.06175176156211906,0.042663338505443675,0.005997924675258489,0.05094813305414137,0.03449877898295197
382,3,0.021953395435828672,0.022584628725785816,0.03208205072872554,0.027645713319188095,0.0478840410579859,0.03795171511360682
382,4,0.0434266743905113,0.019081600239157892,0.05088190204952819,0.04394054795849142,0.03653799409460265,0.005523759405394758
382,5,0.029997674988209305,0.05802221720541026,0.02721974205724026,-0.004494059457625367,0.03050541425110285,0.016867846425437247
382,6,0.03675252496565536,0.014894089559772549,0.025710302328808072,0.03356152311186064,0.019431944966162008,0.02683893221025872
382,7,0.03521630118184637,0.04867475766435387,0.03745457459289487,0.03281924715108177,0.022416621533358463,0.01845726278476881
382,8,0.023141451851282337,0.03595587544709521,0.011983916579907756,0.048210137123656016,0.010842160066561857,0.018354989527314996
382,9,0.017010807416594692,0.042594814709627574,0.06398811412902015,0.01479779694664072,0.01681764682980856,0.04141148428228424
382,10,0.04457235172028899,0.030402643529734773,0.028012900957199303,0.0051473094222891595,-0.005840576057023885,0.030181653645261184
383,1,0.037711466657817945,0.02979934094298644,0.045652832992664184,0.043134908305523856,0.031084674667454022,0.022946203638775788
383,2,0.022988765158362543,0.05525044518523499,0.04497306672442443,0.013103447880634661,0.022153695785293675,0.03500627170643176
383,3,0.03392937808997963,0.030618513589643872,0.04737773849266453,0.02530108465487521,0.020434514290003383,0.019585240514348016
383,4,0.04264505251125693,0.04070778744922907,0.0525524171816503,0.0038637900197802245,0.047839829489009486,0.0296228743289788
383,5,0.019019055651049846,0.030926438180262004,0.05030948790914096,-3.40938461168744e-05,0.04427309575897892,0.04147061792899259
383,6,0.03262379498864408,0.035850735974801144,0.024841648693453004,0.033185229250298515,0.03265794073355211,0.015785784044049168
383,7,0.01654131568075173,0.03521780767572052,0.03797735440265253,0.0014200590500772032,0.01798218583123634,0.01595255335225615
383,8,0.04544715879265294,0.056525947105997496,0.05253027473435956,0.024899074110630158,0.04865381077398897,0.014060243007256999
383,9,0.03275979680191025,0.013429008084293868,0.03748071280002807,0.018673997699139182,0.01526272319371752,0.014771149397333365
383,10,0.03952383218509608,0.03361107195319417,0.018306373304126277,0.0014442542203506896,0.022364005137366767,0.030165990635558006
384,1,0.019863710309913782,0.011526890133204794,0.027682197520402872,0.036617858449736404,-0.007200738054870556,0.05197426310493177
384,2,0.009020724705148458,0.030758131278280778,0.045215541081260906,0.014182519140924499,0.03535114577397918,0.02787135960168024
384,3,0.020599772635617235,-0.005464851702157521,0.029860303590662194,-0.01608814005336076,0.03374230070240354,0.04535698397076418
384,4,0.03109627741560709,0.036011477934206754,0.04013372817660198,0.028502364973192536,0.026332885664580044,0.03865500047430284
384,5,0.03955330821678498,0.020790321731463474,0.0027249964351370986,0.013925207122497034,0.023010238359640098,0.03933009467107549
384,6,0.026830456464816306,0.011067733815298039,0.020764085215317033,0.030664893587666216,0.011497479424035315,0.029272393038095642
384,7,-0.008997872985747517,0.011201412531452118,0.035222290422232204,0.02653169356717268,0.013879966636827414,0.013384473387545085
384,8,0.04915195402655752,0.029758563831216406,0.011998986278262609,0.016679382397223864,0.028815709701676732,0.015046174559553474
384,9,0.0006630529282351128,0.0363429983724584,0.030746962474106396,0.010730673584696038,0.025385003072545154,0.012332949879694407
384,10,-0.002674696549698053,0.008836558247096763,0.009410136869483925,0.03651538770565396,0.024635432702650995,0.006522369895268175
385,1,0.010580090542286627,0.010725428488051117,0.011436066797838826,0.011014894624896245,0.02329774878486741,0.019590458523376764
385,2,0.006772157472458095,0.04325196008374218,0.02217696459328289,0.019748873256239557,0.027952429636949383,0.023406995260168307
385,3,0.005544569480356106,0.013795983589209578,0.03162721599288014,-0.0008434850618105672,0.030337566495093008,0.019342029965490178
385,4,0.012889498551626587,0.017657371470728864,0.0009844254665144026,0.02873213652295425,0.04779500349508556,0.034615788705445336
385,5,0.006536193953248051,0.02888766955119328,0.030851244995480302,0.015504427827947347,-0.011015149092695362,0.03253563391374651
385,6,0.00978173440659991,0.05077253374967925,0.02434712309279979,0.014392048731435621,0.02342423906861374,0.011614446577496372
385,7,0.0037973136516327327,0.032386842619597116,0.032806945295202984,0.03330916404644956,0.03456266725330922,0.023703575050192
385,8,0.022896685586394554,0.03345865217811787,0.014964006901707313,0.033243844092056975,0.05760303046161307,0.02553668246390759
385,9,0.022866609962852114,0.010094200054151278,0.04949258000780555,0.04440073355129637,0.040033359290598,0.0293873688919917
385,10,0.0033965240139170183,0.03510135430835546,0.03530652622836531,0.023593894529652007,0.0060222519687515835,0.008782698955194389
386,1,0.005659060147743562,0.025092973750012123,0.012741200741046605,0.022910785860644305,0.04051201788362315,0.024626583546323442
386,2,0.010472424198621972,0.017998323244535173,0.02838950159786761,0.04230964951986323,0.030251484961945366,0.006670102742383791
386,3,0.0029705037768667846,-0.01178224065782053,0.011826314507529554,0.05855207797455826,0.03862601916558468,0.05006404858136379
386,4,-0.01045169077328426,0.010906232128155927,0.012308806291103468,0.05139834920345052,0.013244143469611665,0.0065350871414984095
386,5,0.0013060076216157158,0.021047752004998605,0.013184015828687286,0.028537179835926584,0.025439746570703293,0.03304045613173652
386,6,0.01732655705046521,0.038553468024240985,0.029042397130302097,0.038946060198069,0.03237789943557765,0.02700884089725978
386,7,-0.004697723809930623,0.035039177646091414,0.017381813209897592,0.01946803807728013,0.036071148815608065,0.02869400195510888
386,8,0.03394995595960563,0.011683573242274755,0.027148812059283024,0.02256382593098861,0.020950609769115558,0.02956107062425046
386,9,0.01127476668976768,-0.0021519716233338324,0.03859141562564297,0.0143286569819598,0.015224857777896608,0.009848443022197154
386,10,0.009046606439153029,0.0029838626621853325,0.029767350054637615,0.016790127612986826,0.043258712592260426,0.035859481533275825
387,1,0.027157542046004797,0.02197478633933866,0.04458282042969171,0.015276810850122531,0.008966543978192722,0.03111827601583083
387,2,0.020086352609587858,0.0488922460012028,0.04025292454004097,0.021341699941307125,0.03916064032003565,0.025201270926479377
387,3,0.061619968597089,0.014184277786033187,0.014101371772379537,0.04899002832032278,0.0024152790733490523,0.03792507968640508
387,4,0.029481841959374352,0.0019761342549496565,0.0020545792509268058,0.052975503137844875,0.027607024236100126,0.0393572312345406
387,5,0.01982400143915895,0.03930207526760587,0.02626009438786334,0.040532117800091375,0.019360680395295253,0.01748268590382866
387,6,0.029882874548357977,0.030866873720598154,0.009280444705931668,0.04731356969654892,-0.010482936577177894,0.034686998238755457
387,7,0.010936323536429355,0.06305542194164404,0.007496664920466327,0.07335260069760731,0.01462928347633779,0.02594148087736072
387,8,-0.002755044869169103,0.009554444163020691,0.0508099642874917,0.018376668214596863,0.026043190703130666,0.03348154260587839
387,9,0.04275707358091687,0.04499967702319508,0.009696216811061833,0.016604577944436382,-0.005757324891236095,0.019440187327896357
387,10,0.03902545803913891,0.03119582967541056,0.008188905907615321,0.02831720134007161,0.04690687699322103,0.05829755922421061
388,1,0.04959831919733514,0.0328091929899397,0.01172171752491703,0.002318924524841844,0.034173289395207446,0.029131810559999357
388,2,0.04245433577589766,-0.0195517811117374,0.02720486517265068,0.018129574881423076,0.03246887573403469,0.018022335532154096
388,3,0.02701394733514507,0.017454620725515558,0.04020925616347849,0.02656685254244712,0.04444884117058321,0.042974323472180304
388,4,0.009196619970665638,0.056289074788709106,0.05286772435875789,0.027287712887211126,0.016598180403743463,0.03251193059509879
388,5,0.005061575116166258,0.06022023031355235,0.038602336518412016,0.034858494869624425,0.02056720568865166,0.05925770775375554
388,6,0.0013411048008319724,0.03837353921363764,0.05122441964499619,0.025680508153869467,0.03176526202283539,0.02676214841872719
388,7,-0.003636794657870002,-0.012366304628733314,0.03267025745134248,0.022003073687417694,0.0452040792347717,0.0561475661279984
388,8,0.03692381772864172,0.027826502718007618,0.03768679028946669,0.0022937315674699623,0.0427834405659124,0.017502511040743136
388,9,0.04115124641863744,0.030789283591955617,0.03121217316565089,0.0068946562466838425,0.041833756916273855,0.030539248103858118
388,10,0.022281669059031013,0.014899135255788731,0.04418331421262404,0.023878955962185873,0.026954242603629903,0.019342118575230216
389,1,0.011078591132892418,0.034339623217140916,0.03679877366097346,0.026408646551111102,-0.002188510688906892,0.008363685816795195
389,2,0.03578407531239768,0.019200245476203526,0.028356563845355093,-0.0034335914029222027,0.016654633839559566,0.015934915332424245
389,3,0.01945634020083082,-0.01076292137197713,0.02039987652116095,0.04004163686179123,0.008910699444101092,0.0036236567028532516
389,4,0.019690805867486956,0.0046053925708339554,0.04011056950315525,0.014444720523666927,0.011380938376844979,0.043418329757114765
389,5,0.04490420821127006,0.01642912649099595,0.04586226220308226,0.008746074096951984,-0.01422077167407083,0.016002140834492536
389,6,0.024838138421730084,0.058322956600428,0.025269471554260858,-0.010320204746527178,0.007734270211206752,0.02993602861003632
389,7,0.015167340343486978,0.019903307502158095,0.02565995879309393,0.02422771978366483,0.050461174737242855,0.02445415544935816
389,8,0.012711454265556718,-0.004154419227479322,0.012966001631525689,0.012084891061619328,0.02205397772064458,-0.003706276675773887
389,9,-0.0044597286751404,0.024049277082099436,0.03467316132851423,0.0224879862672849,0.012022849972618002,0.026785220769615793
389,10,0.006743378430683006,0.025284339065762735,0.04120251038081374,0.0346149965495839,0.018677228843009045,0.018271999847959436
390,1,0.0102874191339364,0.029136051481089418,0.03593398393125338,-9.624054169712768e-05,0.020906446715993038,0.01520150441488652
390,2,0.0411592516642528,0.030755400240702696,0.06550041461861439,0.015429133037712076,0.05069107687686026,0.0153685847122928
390,3,0.015591570943852402,0.004927324308121366,0.025026154454060905,0.022528345144016314,0.006967641901346301,0.041247792397674746
390,4,0.021515951457865314,0.013631895493758237,0.022853862217821694,0.005585821620582433,0.021997836054019438,0.0014238876673921107
390,5,0.0372275741127607,0.020999583369862032,0.03616048139274154,0.00958816211832311,-0.002067604979765915,0.0034919118055912633
390,6,0.031101781044392807,0.03911638625154295,0.046516988402647695,0.02064364206051618,0.03215076693671396,0.012023877402993476
390,7,-0.00015633700941793563,0.03941429950400111,0.0066625386950316225,0.014695986871058957,0.03741145895172012,0.025145073568858867
390,8,0.03412418757158726,0.018990469954583842,0.01667133209436209,0.02482299653915537,0.029552332966818997,0.04037483298198796
390,9,0.024690624538787752,0.03502211217657576,0.017147673563171126,0.03433078591403618,0.012027951027758641,0.018261176689340117
390,10,-5.624753094360491e-06,0.02561311482975701,0.025495693712486486,0.02758489884947263,0.01823782625646426,0.00954289862082409
391,1,0.021528781648814572,0.02735452023172963,0.030680247005453395,0.027214085137856853,0.008703545231430413,0.049353120552680006
391,2,0.025116962641826248,0.025988009916537023,0.04108198632058225,0.012547123560803683,0.05028548543581361,0.04154324117950899
391,3,0.05071531977180755,0.04452827363341864,0.0285830325257253,0.0317354022597713,0.03696676032924799,0.03088490393774377
391,4,0.02306158064097831,0.030576351346878233,0.013494184183686551,0.02680830121614531,0.028517110529477085,0.017990255016502775
391,5,0.04521335733892215,0.01536904659380927,-0.0036559446855616525,0.027887402130394832,0.04693249533998128,0.018887780123541573
391,6,-0.00035254304440921017,0.049193279341346645,0.011257802633505742,-0.0014082996013555964,0.03206460681790223,0.021090803293093114
391,7,0.036041100036099276,0.0377633073649054,0.03646110860955743,0.04115355609281842,0.039718539910690874,0.01825580486778019
391,8,0.017947648527078783,0.04103323571866378,0.01513246948807915,0.033419437049717164,0.041030490271244974,0.006268526038973173
391,9,0.01943269751951237,0.045049004621099856,0.007626745276979575,0.05800515510800821,0.038723526912071524,0.009171142600234725
391,10,0.011390317994524442,0.03440163356887705,0.011407013734672686,0.027702309078605686,0.01951143940639873,-0.0030411286277262505
392,1,0.04298025161037302,0.03403438615799389,0.0037715909373609545,-0.0013197591611630716,0.0017114852175875853,0.011946921327123846
392,2,0.027798684823075744,0.01217463023415938,0.02408895984333717,0.028664737777803363,-0.0052855694046153555,0.014148930736296084
392,3,0.0016046995759956262,0.017299920786074077,0.01623699202601234,0.0031469016956680754,0.027489447066132655,0.04693481397533376
392,4,0.02167651901511769,0.01896798202563276,0.02344878649657689,0.004613674490041981,0.011546484957585906,0.03636338707572245
392,5,0.02302143491840965,0.044242921050318344,0.028403496012447165,0.039662139573703015,0.008560263941799826,0.018781115501506827
392,6,0.0031601489907686305,0.03982658966225356,-0.018919645617748136,0.02023249881680386,0.04831644886736158,0.04149374497593647
392,7,0.001423290008101988,0.02736112578923055,0.020374665563468643,0.03739061870313086,0.016460614295495262,4.88600416196986e-05
392,8,0.00830574724715329,0.005015734367747499,0.02669874956370685,-0.005432525173772216,0.019885263387270896,0.01752309368865764
392,9,-0.0191390526319531,-0.006018764474126802,-0.0067296335877880765,0.0306683879725339,0.034219763283506385,0.021383126935266183
392,10,0.015493361620285338,0.023576431864138908,0.013176238207295795,-0.006705971894665888,-0.019288261474876223,-0.020091775603290653
393,1,0.025194431522377336,0.02250004803434543,0.014023259338085636,0.014452400372338373,0.016816573569227843,0.03225917950648456
393,2,0.0351597705129599,-4.759412723453176e-05,0.024280999053109847,0.03186371657921427,-0.0030746382130267674,0.01030366744422762
393,3,0.0018136163452149735,0.03406363600475739,0.012169964224056569,0.015645856556524045,0.018874460982168606,0.02090574154604963
393,4,-0.001667031274738549,0.05213638355957045,-0.0010240834557062879,0.014878693974053017,0.042759636125720944,0.019715209219014682
393,5,0.01987271322735732,0.0501789617756517,0.005275780497427951,0.011676195267197726,0.013189469841706282,0.0016933377625779741
393,6,0.010291611101583737,0.01886082119308627,0.011050673946426665,0.02053189288384849,0.038650733290127415,0.019048153040569355
393,7,0.027182570830425093,0.03336287072556484,0.004307856607230147,-0.0003364069769964599,0.014183150384413538,0.024967544059644103
393,8,-0.003595585761968617,0.033637745829237405,0.02191609812137384,4.061707266435987e-06,0.03249044810603671,0.009223139744981821
393,9,0.018575566502832465,0.017577085641886616,0.021502608148904166,-0.0011709650720687775,-0.004990092600019811,0.02652106718997852
393,10,0.015741928630871406,0.030062666410372453,0.02961551780717801,0.031516221755871404,0.030620583580650427,0.013313529112421145
394,1,0.04326272029001241,0.007079879197128788,0.004583135845630079,0.005475099353678794,0.01681811423158078,0.002847932631506646
394,2,-0.018025636643665504,0.010950835185733998,0.027404935046557177,0.017136005634717188,0.018242039271346655,0.02906623515751837
394,3,0.020380940076578095,0.006643994052159433,0.0064128072336679855,0.03438094214786727,-0.0021967753118669196,0.017504441403716237
394,4,0.00959801123827879,0.010262457381634844,0.03366904434428914,0.022997487210591396,0.04125007181799073,0.0366484119724818
394,5,0.00872208982235277,0.018111139015624576,0.029243501202941058,0.010869489156147018,0.019787993606955778,0.027957134239166005
394,6,0.012788237705733313,0.012352103446730529,0.002001978151327037,0.030723948504534034,0.006047282622161923,0.0127734451508069
394,7,0.022821292686089147,0.022527842882486517,0.02996621464678135,-0.002302225308286324,0.03733193491328496,0.015942455772460954
394,8,0.02666894508384001,0.029529944079122582,0.015333186338324636,0.013664830666711019,0.009919135728845703,0.019709352778595143
394,9,0.02047159357782631,0.020633477695842267,0.027442273005844904,-0.00457328520117978,0.013641578584960404,0.004330000268698416
394,10,0.035279132337058094,0.016212378882171297,0.006410391682789338,0.023062543370634608,0.04564206716891572,0.013685234964924069
395,1,0.008851379268638805,0.03346792629668669,0.04201427960968569,0.04333769480220665,0.027607128307770123,0.04142792813910081
395,2,0.01753637798031703,0.025637649898805574,0.037968889907083476,0.027778784482201533,0.03667112178486988,0.055295366065860434
395,3,0.022225089839494717,0.007655292437866075,0.03532226958401582,0.019370149317148477,0.03538150333427981,0.003757738349649492
395,4,0.033297826249674124,0.035640349138735684,0.06420494367400893,0.02211919723777321,0.036070518726805056,0.0333228357389117
395,5,0.03278995559857437,0.041475880480671246,0.05759407966123887,0.030166294641617474,0.01111818219905654,0.013027409295173794
395,6,0.045053011890623544,0.01754744239951359,0.028998545160206227,0.02118209405830431,0.01575167770288946,0.028051427367983276
395,7,0.047540629062615934,0.03430207537834207,0.031174181013427536,0.024084573206094206,0.009135800302705771,0.02949064684629198
395,8,0.01702211516145023,0.03450417028240087,0.013583419695968912,0.014216844084439486,0.022084030090637433,0.027633696097448573
395,9,0.03458223627451986,0.016856062809949186,-0.012864649925602106,0.010872289851037099,0.05392227271070064,0.01573738435360498
395,10,0.04420240439460527,0.035974423232945765,0.042833193693148655,0.009995390282212108,0.03126397537100028,0.022491921906403096
396,1,0.03914773815281865,0.03764599499443057,0.04725681662261833,0.037573246377655946,0.06430089685546495,0.04128228889597034
396,2,0.037614783178098056,0.04230140706228181,0.05069385797826871,0.032588483759979574,0.05822651239151161,0.028726788979684215
396,3,0.019980840408798068,0.04560289516963219,0.03360331125491773,0.03829090004803481,0.04976147524177879,0.06013523610450791
396,4,0.02647719416425146,0.029164055566801208,0.023890295578961954,0.029226829297008483,0.09190414771808587,0.04944583286116893
396,5,0.02478949091975612,0.00152081182977969,0.024504592047352572,0.05438237501410032,0.061869154609691474,0.06603619182004669
396,6,0.01918004774985304,0.02882280274944833,0.03656101315208137,0.06166009989226066,0.07720647213707144,0.046089863219777705
396,7,0.022211320728101155,0.03093902778646009,0.04246409810136255,0.03603911160501621,0.07071066876660402,0.06599259982724258
396,8,0.036757902178527625,0.02525992209524822,0.036007123916184346,0.05772701812919836,0.08121217567664135,0.07297678257896756
396,9,0.02988597798405797,0.04881702258007756,0.02038450382707462,0.05365780676917016,0.04984908264003383,0.04969826213549334
396,10,0.04778959005036511,0.05628416416677825,0.001450050588149983,0.07587444350801867,0.05690503447422541,0.06157188032042005
397,1,0.040880542040305105,0.028817191561572267,0.03218530402892748,0.04003116138546486,0.06853125286514294,0.02651359458014834
397,2,0.01741858092792139,0.00659320697101437,0.03076845411535747,0.020796573321155427,0.026618854666432667,0.014928781564697388
397,3,0.01617193449187162,0.018950702938851014,0.010573356101563203,0.01751813638371661,0.038207579648418144,0.006574502130205492
397,4,0.01905984298090232,0.030251091679905476,0.008132888128318399,0.0349253197045231,0.04448310191900108,0.03983826713538548
397,5,0.018821124332097188,0.05217003134520212,0.033118959261189844,0.02902195294271512,0.03196172722430699,0.0340381247485361
397,6,0.03285741330571319,0.018140271022837433,0.01595470247526194,0.028719981329180567,0.0090617164147673,0.034276101656314666
397,7,0.016637557606043903,0.0043772984859132055,0.035673699915801445,0.06679233591815739,0.057983694181840746,0.042886175279300096
397,8,0.019813770087786543,0.031417410874981476,-0.0009244404738249209,0.029715410734229713,0.04688609382148442,0.03830769264236648
397,9,0.014175278441158866,0.02778178429097354,0.023709609531359234,0.019673358442582608,0.017998490376429657,0.01564474466901414
397,10,0.02967072573208413,0.0019657644025475305,0.00557778980552203,0.028515015222047576,0.05519459370225471,0.009373991888010283
398,1,0.02598672979104703,0.026721156897555307,0.058686399856065975,0.016275525133663808,0.04986197661553111,0.013423572391566892
398,2,0.02863821315813441,0.03554311428983023,0.013840270815535165,0.03955176599537272,0.03759806678940214,0.014651589788494396
398,3,0.03378479906004941,0.020823122560310502,0.010715550211298096,0.0039181065201437,0.017085592066897963,0.019509334824934964
398,4,0.003461387207404285,0.007466985359876506,0.02939611997327799,0.046553226067959495,0.05002769574829139,0.028327973005226482
398,5,0.014612231701466622,0.024061057508950382,0.01413553314290305,0.02212377370999849,0.04578635308191392,0.019049677880756507
398,6,0.04235403576414666,0.04254230117362335,0.017184042391240422,0.051602634711338566,0.028398921887657677,0.03520395584637143
398,7,0.038578843991846044,0.04961729653094327,0.03234717327440558,0.022314789486119226,0.020053188640178552,0.05474223362587853
398,8,0.0188794872352235,0.002084585789135657,-0.010837203900749964,0.028917762149142195,0.01730326283557072,0.030810326867838342
398,9,0.003123239323484987,0.03777579653650372,0.023993881923004143,0.026532253294652662,0.030093906072552908,0.028441726924133427
398,10,0.020780006644971115,0.01869825735322414,-0.00432539674904964,0.04558038563587985,0.01339509354144344,0.03770474683267591
399,1,0.011904813788394345,0.03186516394218858,0.017833143520816327,0.016945059127606868,0.03406912453546099,0.02954996992027111
399,2,0.02235200663605034,0.025744610126160066,0.03645834850530138,0.002664700786568116,0.022679454203940002,0.0192398496729024
399,3,0.03722868387390705,0.036807981508800255,0.0006210491804069697,0.011626495670423925,0.02054843484789364,-0.00015114900379080906
399,4,0.007033215935938071,0.00984850221168847,0.03950099015086398,0.017761332083951017,0.02323786677462886,0.04418944472941679
399,5,0.0318817277132184,0.041329578466003054,0.01772108427656034,0.015293431562366216,0.051505014880538366,0.051602111171989686
399,6,0.022262117122820762,0.033364287776648245,0.026564659578997892,0.00816953328023143,0.006128560014771312,0.01059886084733135
399,7,0.015567073324928252,0.018456658152283284,0.02041080604193762,-0.0004728569564683171,0.03982874509220715,0.02507601197836624
399,8,0.022502761919783197,0.034402402621323894,-0.0022058574170453127,0.03118280557085071,0.042032400356533786,0.01646131967317282
399,9,0.020882900959309933,-0.004794016096940943,0.02212089351273478,0.007495328457439118,0.03756754213660365,0.03530414493467578
399,10,0.031402317399791484,0.026468529392595776,0.020046019964457297,0.01413309371952527,0.031929429317045045,-0.008975443093694115
400,1,0.03036019051357192,0.04030315016882311,0.007932246638008164,0.004367177782883058,0.034814229554175256,0.03038024202466705
400,2,0.028247698282302267,0.01625160066932517,0.053793496440713004,0.04082286957037583,0.02010646006849759,0.01872848598494686
400,3,0.03149731389989144,0.015738556110231797,0.006253192107631923,0.06036391831411104,0.015207839824876428,0.014472357036595551
400,4,0.0074845023434725304,0.031010545422280683,0.04169913364141632,0.02084835782187682,0.002456033461510791,0.03566945135121389
400,5,0.028301938411723404,0.02486573534988682,0.008676713669266013,0.014809724386812642,0.05389790957037957,0.022875381285405075
400,6,0.035837235897325986,0.04689224182643342,0.008628811685283082,0.043452401931299366,0.0421098819995081,0.019133051676421653
400,7,0.027735615860935675,0.026483549896789294,0.027653386565310634,0.01600154820798957,0.012989578868725973,0.03739951113219295
400,8,0.03388237602190391,-0.0013436858226812869,0.021506873517756233,0.03652573743521652,0.011374934949313064,0.04178508960910464
400,9,0.016388354730324337,0.017236175258457873,0.016685056812415687,0.038017011171482644,0.03256405496043306,0.016081365896476497
400,10,0.05079316652889558,0.03390172832853541,0.039316068595942714,0.028049276203040468,0.023966474166322752,0.04655730687189617
401,1,0.0363270400982166,0.0028920651046243735,0.017198282065188465,0.03660824227776564,0.010626776749026644,0.02386228703220653
401,2,0.016710732641880947,0.031436643562641385,0.025465227091847408,0.018167875742847485,0.005216371912753844,0.005302900206400938
401,3,0.012087415629771303,0.004956591500417917,0.015750061755172063,0.013052639640179229,0.018474660980457185,0.018971773640049632
401,4,-0.003133982184834607,0.041669117778240145,-0.010128698019646123,0.008929526549040352,0.010346841920334904,8.729785287971117e-05
401,5,0.023805466006577895,0.005110594192282904,0.03192830590898322,0.018145575993576458,0.014827048800460813,0.02452994742774419
401,6,0.014668592520665808,0.013382817620822307,0.027599967632869635,0.012427345065737071,0.023379584193012348,0.0017126850269147253
401,7,0.03307990433718341,0.012139309913400377,0.01682875930221748,0.0013317033173642122,0.016917939664900274,0.015145829298237923
401,8,0.01830214537541817,0.005495762866011615,0.0189013064441753,0.023121896443137772,0.001026880898634005,0.0063185363069483995
401,9,0.018106654432504855,0.0086452224457342,0.01469115888105291,0.02478674036661217,-0.006990196037792058,0.001926720606903317
401,10,-0.015004326070606666,0.0005505024206685937,0.028895056708803244,0.007968648210806251,-0.004508086572694506,0.00029064832428934387
402,1,0.029477064040936876,0.041842225385991035,0.037635425374597097,0.02273877031050338,0.035874714646596584,0.05007325121435315
402,2,0.01981770903433193,0.02496680115887716,0.04241320090081068,0.04100652053928966,0.03382324760580883,0.03310326408921365
402,3,0.010940933088742692,0.037822124484091044,0.03259416566782782,0.004296243393379669,0.02411414308730914,0.04030247028849139
402,4,0.07157532682431891,0.04073149954717692,0.03490415224829485,0.03439349752777473,0.04042965104026051,0.05170478822389105
402,5,0.0444833987789955,0.03316419035190848,0.056722321153024176,0.023315870684371937,0.04006557374017203,0.038482016281278404
402,6,0.03618261708035002,0.041538321040073274,0.03134504615389289,0.0558991704765729,0.03319082413901087,0.02177944901154679
402,7,0.03923684798114431,0.05235142310738267,0.06853707666282521,0.05096376446381859,0.02122310920046691,0.048577292870202377
402,8,0.055970344113605484,0.026451909937774673,0.05873654354236063,0.053500562499942915,0.045497169649654,0.0473591667603094
402,9,0.02877107661594361,0.03754232802481528,0.05213308131906842,0.03210068122361515,0.04778557673063431,0.04742878417781485
402,10,0.041920901407170585,0.028068910024468107,0.07044937352049994,0.016047221277066735,0.054650095768377586,0.041481430320587494
403,1,0.034761543412779844,0.04091397210972386,0.02157303404520478,0.03071060920696244,0.0354086298701851,0.03345730278986812
403,2,0.027494277025141643,0.06215615496348128,0.008770119588850161,0.03117605022496319,0.051506725494349564,0.0453131597111395
403,3,0.006048094239370892,0.028792660434808458,0.012815115745215712,0.02382452145846679,0.028953439207128236,0.010758995757308126
403,4,0.029014973756299307,0.012968768604596954,0.015464410713690788,0.0037374028215752695,0.04001104685842795,0.03020462850699588
403,5,0.008748662000925861,0.015355355967498964,0.009851328637084095,0.04841863159781604,0.05686765907084961,0.05067749892111579
403,6,0.011586379077733215,-0.010150713596431044,0.011601914826096623,0.01516835436766455,0.04477969735388486,0.0321944000028654
403,7,0.04425951035468594,0.014780869432213262,0.0228596460544463,0.039869970463051144,0.03970641884278178,0.03237054587348793
403,8,0.010174175700222898,0.03705558683452438,0.02203506413620068,0.008686000143100057,0.016931486059435695,0.026538653762846517
403,9,0.009507008635776493,0.034788164091599905,0.02053710465810803,0.0306046451894941,0.03623529742360106,0.02902507542721313
403,10,0.032034011949069734,0.02549995000206966,0.027936656135971242,0.04201358079320498,0.025116055753158804,0.02662513008236299
404,1,0.02890951966945719,0.03515731213129933,0.03944406413787499,0.006340714006208098,0.023119724886964187,0.05732191312660239
404,2,0.029182747832283057,-0.007410098809322567,0.03904894394944114,-0.0015817174399933946,0.028073825563909954,0.015785689895054456
404,3,0.03975648588651093,0.033640928526289346,-0.005533501478856964,0.01586016115532165,0.027268946758774802,0.034669414403312365
404,4,0.0021823059575943452,0.012270183988654178,0.04614845048658078,0.018484682178464003,0.03799978585967455,0.020293301784317777
404,5,0.017316838093002024,-0.0104384341946108,0.0359342687350195,0.0410455431642702,0.06580615362264884,0.018928648501879898
404,6,0.030363273116831464,0.005660746290737494,0.0355715004839776,0.01615954404785958,0.003743143111848688,0.0305091580007108
404,7,0.017806344914167407,0.03138754735574927,0.01584272590574643,0.01625908469543119,0.00425713830778193,0.01822896342779022
404,8,0.01781937807599793,0.008347590535404405,0.01043495352532718,0.033275642330351275,0.010170984792159991,0.029004266812408475
404,9,0.02626680967235651,0.017073250260638745,0.012072540129514453,0.013262199713931251,0.024692228065181985,0.014276992504218178
404,10,0.04534595582956709,0.010228531149778479,0.017476302171708136,0.006476057385237718,0.022488912239396645,0.015455755997896888
405,1,0.015347259687656859,0.044589616879000815,0.055865388258494596,0.01948613667685049,0.029222720744746158,0.020964308203502473
405,2,0.045074445276035,0.044893337492997266,0.05556562545794214,0.017859913588769736,0.0343948894574411,0.03517871982922513
405,3,0.02405864638651324,0.02098041951426085,0.021093238056820077,0.007809723572563208,0.010384042271799643,0.036730232428160293
405,4,0.01627937822186226,0.03666283909654117,0.03134820194930529,0.014466871679651971,0.05545746996407537,0.03155827909047907
405,5,0.04280141060633452,0.0768105313011771,0.03449618789965983,0.033262952947507946,0.03285795693791431,0.03814494369815074
405,6,0.023511100660614667,0.05123167886392307,0.05397616378053146,0.022599674665099777,0.01722432091073794,0.00674215370449521
405,7,0.027367544129382488,0.03331249119333413,0.04961988040709279,0.00873932431517219,0.0407883409413823,0.038936092753148646
405,8,0.04058999244722107,0.05451449793077652,0.031714937089047206,0.015013263865917647,-0.0005388395350108735,0.017271677007977358
405,9,0.021518652480686986,0.05153434755740644,0.03669076442841543,0.007180524795163639,0.028893518396255927,0.021497479026167728
405,10,0.011320412241018525,0.03709266668347999,0.010264912451864167,0.02330240540822094,0.024241496869558104,0.016471214717895404
406,1,0.0248470936122412,0.042275308971936244,0.04761601817044642,0.021842172654812222,0.03439876016024293,0.027215205647094082
406,2,0.0026974561041398664,0.004724801058629887,0.03004900300716729,0.023219731247832123,0.019480805108334352,0.02383037379536534
406,3,0.020055422707716694,0.042634305454667065,0.026352339447274158,0.019472282472881023,0.03305184029574704,0.011578387023545699
406,4,0.01329964249284132,0.033812720408976066,-0.008402720704764768,0.025265946571885287,0.045413757584101835,0.032378479413710685
406,5,0.022157839870508136,0.030735920000742274,0.03530318202092248,0.0261606602174087,0.04831201097636105,0.029029119075357986
406,6,-0.003245495637227811,0.01049987641407529,0.021483697846365005,0.004737018765642513,0.02665867053872215,0.023151683897529602
406,7,0.03024210879236617,0.03402695966352493,0.018449020654872365,-0.004601537231124685,0.029491453204207055,0.02129097161998774
406,8,0.041188591149313364,0.015579024517694785,0.01979764217730034,0.026878234549057148,0.018237200118132995,-0.010428789990980295
406,9,0.010441455037630805,0.023750041562138655,0.05992847299494802,0.00826075357183593,0.016131720434503186,0.005879415217114198
406,10,0.013401353107779068,0.0433002050226949,0.018019868954704702,0.029501917285083352,0.031002602289236406,0.029187120751554885
407,1,-0.01328100446846142,0.03979796694599997,0.005931956628367175,0.01766559307473694,-0.0014534973781900973,0.03570546525097881
407,2,0.029249184825469184,0.022409555685210004,0.02820857826506438,0.018322245272303275,0.01692196809179758,0.03226676862199356
407,3,0.02032141630514537,0.014154778028864409,-0.0017103303935172758,0.012214362685574373,0.010928609559106177,0.02449481982758666
407,4,0.006592088849247534,0.009101323084088762,0.0037664884868775965,-0.011181852945502288,-0.004480166294371991,0.014950893806970931
407,5,0.02061398844686751,0.001288988076994304,0.026657655195026077,-0.008940724906070518,0.02214170171949971,0.00457393918149933
407,6,0.011246071122552034,0.02575680039171972,0.02751391568159123,0.013215879604718987,0.03200089998374915,0.0016271385034626084
407,7,0.011794835800767518,-0.00438442014367737,0.021988141514307266,0.0019165597440468799,0.034517783667115796,0.014168768357507532
407,8,-0.003660384950577628,-0.012579011096029701,0.012526348703688541,0.02116692036195889,0.01783990598669423,0.004395134086951422
407,9,-0.004615631711240464,0.01869920766938821,0.033197106020702305,0.01288314139649736,0.017446744889471146,0.01883263211998354
407,10,0.030627527037635268,0.0208520462113465,0.02537897860022307,0.004843199241028973,0.03436085170133514,0.020705743619178936
408,1,0.05071203632477128,0.03749730768814456,0.056512281762611555,0.049410818689229745,0.07898580364081256,0.06773342516675906
408,2,0.04271738035410397,0.051593680560834174,0.015740288164652567,0.058603486172595275,0.056655269156990914,0.05479009553329597
408,3,0.02974068551676533,0.04349153647968973,0.04314473113868141,0.06368095122690715,0.05578360956424894,0.06273293414469346
408,4,0.049151488478970114,0.05808952189478068,0.033987630254174145,0.05046530208547507,0.07719247735871435,0.03201146020698468
408,5,0.014410437966045395,0.07750303975971051,0.018083719345504314,0.05005335138624555,0.08176460206645186,0.09295014710047646
408,6,0.05692047764964613,0.0677972463116314,0.06778502367819733,0.03145539207775341,0.08539967702621312,0.0698414698926803
408,7,0.04237059767033661,0.053807308631897505,0.039967856236461166,0.07750300710350798,0.08198030192652654,0.04516432492576464
408,8,0.02424293264989437,0.047104798907379224,0.03302660319287663,0.06501007674277601,0.061329500508569675,0.028498378990335412
408,9,0.03602996353967445,0.05397947790942201,0.05299068543628498,0.013243458903397577,0.06696101652531507,0.043803608860744324
408,10,0.05261504543552778,0.05375945453316811,0.025554184605208894,0.0764707764028761,0.04138158754818123,0.05106293410107963
409,1,-0.00030565818161437674,0.0008815833949528337,0.01273985446785207,0.007508764845903419,0.024016359491920186,0.01340938583576474
409,2,0.00042525042000443906,0.001565790526685606,0.02802355614865466,0.022840026385630933,0.01265882704526357,0.02181155829205652
409,3,0.011954760404181107,0.017859619292571318,0.020796552672966182,0.024982641434398923,-0.0016202397455755493,0.007832296499043595
409,4,0.026402422521317415,0.0225604495304401,0.015567288314250182,-0.01194778166770204,0.007726543991463379,0.03706359968994903
409,5,0.017952756746103884,0.013945010797216283,0.02815427796235345,0.023295789482254668,0.0007602064253776185,0.02798407513567175
409,6,0.03271640022236132,0.005782777237584718,0.007480697169618882,0.016729170073468653,0.008029308950370224,0.03900835687564528
409,7,0.012839171461415725,0.035639201414898104,0.018122766256399175,0.0038544616893314777,0.006677644015490239,0.006668240620071107
409,8,0.03420357388417305,0.029279568248907366,0.039460522031411364,0.013012217749325115,0.01299806265421453,0.012409778766948557
409,9,0.012528681848619964,0.039318792683635556,0.027029279583369346,0.024182001004700044,-0.0009392564068784109,0.029620500396833484
409,10,0.03179747802438696,0.0258803044120612,-0.0017642181299468405,0.03820902672268471,-0.0004467348106360391,0.006440934551359821
410,1,0.053786958232302944,0.03015591462760345,0.08010277970945773,0.04493192145818514,0.03352667585934341,0.08304976252698827
410,2,0.031056072321309004,0.05028934193360303,0.06608776946704197,0.03601262010489191,0.047084091319560976,0.06639107817392678
410,3,0.02963088633143098,0.03700519569720498,0.04921965475552682,0.04699846313979204,0.02774882014976303,0.059003890309543144
410,4,0.028157108845186154,0.03470165390836884,0.04767171883309564,0.04089649279466229,0.0422820155847887,0.06945800526163849
410,5,0.03554479307167838,0.023440169909530725,0.014039448268167175,0.022431321822873974,0.03992788351863198,0.07792453469317359
410,6,0.0282062894894631,0.006637975376971376,0.06103649844079281,0.028039519104317623,0.05292596776424035,0.0733969526203824
410,7,0.027857884467962432,0.040743787094827545,0.07220114490046235,0.04823858500631949,0.01781657554016497,0.05689754281017779
410,8,0.024117625792781358,0.012289995813056164,0.02970765999671703,0.039539954487669664,0.027783492880913425,0.02512678116126458
410,9,0.022447926939263906,0.02433743089120188,0.018038679084938163,0.031969850113457154,0.007306349290904421,0.056820875270777484
410,10,0.013455932423907501,0.04117647687169445,0.04934797221961404,0.025669703429287948,0.03236862737598402,0.06977581464662849
411,1,0.035511005053367246,0.034411373046265396,0.01798219659977604,0.01203954552227216,0.010110186946631206,0.02510263272443184
411,2,0.030635001394972168,0.0228306178643148,-0.002977391763358056,0.0024243020776424824,0.0343243527108588,0.01640469807629269
411,3,0.014747110757745208,0.006785438022503182,0.017939527671340195,0.03604149798349902,0.02559233929146175,0.022513485904817644
411,4,0.029613817493357567,0.0345567685237089,0.027833969512845898,-0.038330571593952624,0.008747164760588724,0.022509598559714215
411,5,0.01951745987602943,0.018255321430327518,0.009436068793921325,0.029053397601805784,0.014040276679791618,0.03068316088057929
411,6,0.0472198447564028,-0.006191288213281741,0.012019599342752567,0.020614451152645503,0.029690456919030186,0.00937389819265649
411,7,-0.008070344591353114,0.014657760756904212,0.027104704688866596,0.0408548729842598,0.004335670703671091,0.02673613993578912
411,8,0.028662465545985946,0.024044470705801936,0.029714316492151692,0.009813652210586478,-0.008576122346627787,0.008203070272303223
411,9,0.0367345936351945,0.01890838262777608,-0.004250917648631594,0.007758308871834357,0.029784802006981033,0.02084634500086492
411,10,0.024852478697063318,0.0032569242742838526,0.027750912240552678,0.016367469648279367,0.009449706219989223,-0.0004575366388522652
412,1,0.007692606946785385,0.03238337815936797,0.03889495522887036,0.012476021120367936,0.02662959904763627,0.03143711850887377
412,2,0.017610165159881022,0.021768990651092508,0.025520549436375745,0.014885427417116188,0.03036808135825261,0.007203405663789311
412,3,0.012422836633688827,0.01774155463714563,0.02684271562808108,0.024464044498443707,0.0306688937484565,0.01906564055765641
412,4,0.021318043451242785,0.012864886843429867,0.017932103574126987,0.019688611929369066,0.02217182979868987,0.013631679412131845
412,5,-0.007638280021669278,0.014944071892344585,-0.009356936589617603,0.007953479852018483,0.01825464628881225,0.023643416900262396
412,6,0.03572702525014493,-0.001523302035666369,0.0029134967227169768,0.0014331221575089193,0.032108307944383685,-0.0062333169572132766
412,7,0.017974263156497066,0.03616042290086043,0.014192259547571109,0.021017547918592314,0.04391633052700627,0.017195931824546862
412,8,0.019965989257473747,0.0273814719848916,0.009350525683538287,0.012449364186657859,0.049039150932678396,0.007054386242676913
412,9,0.03478128164525027,0.01975932214721211,-0.01384258277042739,0.032349359729428255,0.024743861637081192,0.01922485407444546
412,10,0.013675562029640348,0.014756644060326559,-0.0023823930957709884,0.009298104349090348,0.018822803891318372,0.02048240738618539
413,1,0.04492224542381907,0.026187878569816816,0.049721777077584586,0.005919006301097828,0.04606470042852663,0.03647911522263198
413,2,0.053858053480085856,0.04459641995604841,0.03609853683254228,0.05382867145679581,0.08374675034292467,0.05116026836562801
413,3,0.049722698688358116,0.07414449199156095,0.0493280045919415,0.04820569862251028,0.03627667517238697,0.047547511265635244
413,4,0.03863128774275949,0.048050591451888336,0.04795536370148523,0.05000618760209136,0.04218605711513808,0.03460488874530141
413,5,0.05163958569945372,0.055151960229560676,0.021893229096501016,0.03744483696156549,0.014829063777617401,0.04488325887861695
413,6,0.021565096506948555,0.05555168050746973,0.07713044584421593,0.05541671491995076,0.027205044723452382,0.027114391980219123
413,7,0.059804195818895685,0.04635291987741112,0.04679856687767881,0.05942568110294841,0.04314984311219281,0.037198912734041543
413,8,0.019959584339279485,0.03089060735368418,0.04954361282312702,0.044432928491451466,0.049295742553024234,0.05453323403173889
413,9,0.06348179521373346,0.03585599122398368,0.05704463891629826,0.06035581389230589,0.028877412721785126,0.02296829343972542
413,10,0.03371073457800655,0.02135948690964805,0.03167626240395954,0.05492548759714626,0.05870117863584722,0.05964303572654652
414,1,0.019239110135986448,0.03916637697596198,0.030793189365522125,0.018289289980637703,0.029354667819128676,0.025136261096966997
414,2,0.01957502578902296,0.014340034442616329,0.014479491916086945,0.0023904171187768856,0.01229219249132319,0.013352707038762138
414,3,0.023039918752250546,0.006798116299408825,0.020540395939425363,-0.006859257832649078,0.00028725196350300555,-0.009822312947991744
414,4,0.00835904611246256,0.0021814195666579233,0.022356278411620547,-0.007246757052755614,0.0252181482308562,0.04200772079239383
414,5,0.030860231933409848,0.036045981426471044,0.028373124414558987,0.020031377508856512,0.025362217852243695,-0.0015543883061208356
414,6,0.032959784201591937,-0.007729558623502689,0.017950857656667794,0.011795936927555121,0.025137454594523594,0.01003416950608512
414,7,0.019032142923698557,0.017737160316909403,0.027388757169861454,0.02433705876321926,0.02948161226079081,-0.0006635633989968969
414,8,0.013704978631321592,0.00793482126015413,0.033571309991497086,0.026545613023268248,0.007952519402731253,0.027213439186852293
414,9,-0.016017263214133364,0.023208737972820116,0.007060955170585525,0.019220558914840428,0.05566509309778881,-0.002249793537132335
414,10,0.014019806652006223,0.04067968823494358,-0.0065123507329392614,0.017785984475052623,0.009475531084166381,0.010346584654489064
415,1,0.03228531091452179,0.023075970315362418,0.01185786796469656,0.01207445078420556,0.05903414031622837,0.041925384383817446
415,2,0.033155323227233094,0.0634671195538853,0.03412971673126274,0.039262215351996414,0.03920956729269782,0.0257744437842985
415,3,0.010278559899421452,0.034805725428946235,0.007601143965788149,0.028595560589795184,0.027684505807094813,0.05384988423061465
415,4,0.014645846340867153,0.04824806784181671,0.011247781603175324,0.03166833858554615,0.03581010098721429,0.005285259153793058
415,5,0.033883254933000796,0.04433849507292391,0.0538594773550161,0.006184704708368292,0.0622006948888599,0.039180783841348064
415,6,0.018327681262208413,0.05798386396981186,0.013695597521086312,-0.004007319250296408,0.05295076706449163,0.038736494191154935
415,7,0.030483398507660752,0.03373181882571988,0.04176243422941966,0.014016791407202918,0.030738512209711757,0.015929972761804526
415,8,0.04189432159563451,0.03811238501639948,0.019837157488413495,0.04131500872769342,0.034612674546143724,0.055330304510601204
415,9,0.03003211891897636,0.031099348650442553,0.0395944031954561,0.02038260211980005,0.024618209520536376,0.0413631222130811
415,10,0.047786785265825873,0.04347423805260714,0.022218832429390642,0.015659897783540426,0.03168712066333048,0.041287255491947505
416,1,0.028082078668875066,0.020679508778825517,0.009725179508876624,0.0214039085280847,0.02901784534325208,0.021655233039076464
416,2,0.025210253094149492,0.03864059139338115,0.024018581616141472,0.02222180229688067,0.005129773344828846,0.046503050727663926
416,3,0.028609644601621676,0.0192415825842449,0.02223894516272289,0.03705128248090646,0.031245872942860745,0.03411746160452349
416,4,-0.006699893959082082,0.034166301041653004,0.039363158590084824,0.03789273997112137,0.04554542391809142,0.01328682340779516
416,5,0.035344729274072985,0.032735791885631554,0.019073800675795706,0.014555827019873001,0.057841269113154875,0.020659630551080357
416,6,0.013681491934781284,0.04089621823728842,0.01058097145161942,0.032937457670288516,0.05675205034427982,0.006395532115394531
416,7,0.003531342950957283,0.030026821769963043,0.031453816617906805,-0.0023196976984619817,0.009473349623839604,0.011956061750534154
416,8,0.010829881103264756,0.03236379285423925,0.02356971549417844,0.03781618612560963,0.0327582169740109,0.012070640119466158
416,9,0.00882658191466129,0.04568088449682407,-0.005937155749428661,0.03476109262583926,0.013427722461970396,0.03398618457021619
416,10,0.025620988742791034,0.022529407945791283,0.010739418261047243,0.005710196856869388,0.038686620114567756,0.03770037010597771
417,1,0.03327017866484735,0.035381441595128654,0.016994354518284453,-0.013147757010018909,0.03512573515401558,-0.010930719525151265
417,2,0.015119296336568036,0.04864090653012745,0.04307274839984539,0.009188792617511005,0.023631329910536774,0.04240163171845992
417,3,0.038374172601279045,0.0337518304241958,0.040383966192723206,0.02109931848065462,0.03137482501738182,0.023939552152571555
417,4,0.04254132761783842,0.05583262328775998,0.024456935416493193,0.01543724479439746,0.01672357413652708,0.027725616079540043
417,5,0.018502335346764938,0.02099299454031681,0.04333611387036684,-0.0007416766248376981,0.05740940731554826,0.01736670500591836
417,6,0.03497120035382331,0.055680656162075924,0.030643363840532574,0.017098269821897317,0.02360913094013716,0.01770501806569358
417,7,0.017994601535224815,0.028959256425690562,0.03563003944080222,0.014529419068092322,0.012648777199476277,0.018513998709586813
417,8,0.02968613733483032,0.024779277132610106,0.022730382358182814,0.02732958678744907,0.01624931693444682,0.02012463733307017
417,9,0.024718254026427036,0.03466917112620251,0.024960236048780574,-0.005095710613541028,0.03158999671734296,0.0198070882723224
417,10,0.0017959416867693748,0.027826701991740695,0.02279585496990784,0.022396077594384806,0.05446857194441493,0.04291071850536962
418,1,0.007035423518672765,0.033471577361397394,0.03164533390859715,0.011265018521240188,0.03587613956751601,0.03208704288976318
418,2,0.003973759245442836,0.009586180578416651,0.04661860166165094,0.03384895253547241,0.014800484099578933,0.027492678947243904
418,3,0.03042136065665494,0.030571634192661963,0.013190731582801651,0.0137903360773906,0.03595551754653484,0.011040049179479674
418,4,-0.007614365251970413,0.005590205988805176,0.031346322441011994,0.012898073966910829,0.015355620741019305,0.011882788159345651
418,5,0.006441950841476956,0.014298073942238894,0.014120570562600299,0.0321387803780294,0.0016771276855494816,0.013043070340218354
418,6,0.024296391063749437,0.01646959899835632,0.02793742452760045,0.0037317634061285764,0.013687928025550807,-0.0017897844699727304
418,7,0.01785432623469892,0.016493826366713153,0.031933445439336794,0.025889233721818235,0.05420318658103312,0.009592106389246057
418,8,0.01677981119443166,0.0024129453712387543,-0.0014787619390546265,-0.003541520779282753,0.0064893230522858475,0.034852459140109676
418,9,0.017564137717959616,0.01144695604444227,0.024908726479499932,0.013638602371078598,0.022570583368483815,0.0077120919723843275
418,10,0.014752286274470084,0.0019295129191398133,0.042125808825474696,0.0033720584217792377,0.012847190439167653,0.012404673072592977
419,1,0.002714575011444846,0.03436237834757169,0.04338385548466076,0.030656686963453302,0.04288325089309857,0.027667441098331733
419,2,0.03333054545247515,0.01676346709572109,0.01453618338134672,0.036610635033396885,0.03952602436279719,0.020645378698634833
419,3,0.0034279339611435044,0.04938456083172485,0.0386915970118628,0.02197607284222249,0.01295079531186249,0.023067591626380828
419,4,0.03911430520779371,0.0009339544847167681,0.009671765618940436,0.03835467568108526,0.050395050027505925,0.027240803768607005
419,5,0.041045631808889656,0.034025608246040805,0.03775857228489333,0.028168234637608043,0.036198213404773014,0.0363310460096202
419,6,-0.006757532486267869,0.019446772741059475,-0.009427905311632827,0.029698957876721655,0.020709288769885394,0.015089971179332442
419,7,-0.0032904960080543362,0.004928961912094316,0.021418985492811467,0.016196607606969858,0.020115245761683786,0.01644310119311908
419,8,0.007400695147139592,0.020074273878553456,0.010569707822732897,0.0007297823460985026,0.020938847902504235,0.04225806624657814
419,9,0.04315389462833377,0.04620125473725293,0.03115529350128103,0.017133637916060204,0.03867947266293508,0.03290580188316988
419,10,0.011722930171508269,0.019552596366047746,0.018397372237521,0.03498535046854173,0.03770910426273449,0.017996397785560957
420,1,0.04400480908653611,0.048938528119600394,0.03809172164358579,0.059484959371854364,0.06518017873465859,0.05940150127780191
420,2,0.024065676980033125,0.043369600298424967,0.04523525142756591,0.05427133063864652,0.04797488835570452,0.032881678711488956
420,3,0.048056578633754995,0.06597275197617546,0.06555404285424422,0.038745158258862836,0.058308154063622476,0.06842397201818935
420,4,0.05928589330246631,0.05804032871703379,0.026973798606817992,0.03689925397154594,0.0708979773220652,0.06498368098448229
420,5,0.027660873935494063,0.044029565756603,0.03320379722942724,0.041796817336768814,0.05527082387237127,0.04872436421040037
420,6,0.03812384792114223,0.03108003992546306,0.04212301766184596,0.034030782972493734,0.03601920778782193,0.06550976466919685
420,7,0.013585293318055577,0.04239966803309073,0.05022507378926259,0.03712181951074732,0.06110442566284263,0.059226611972155695
420,8,0.02418810227880997,0.04039529336406545,0.0460853192533367,0.06101990146883492,0.0471184140522513,0.05296532430700186
420,9,0.02492559789234485,0.025832647565996198,0.03331683608749022,0.03379082517931859,0.055672240479162,0.04253391859395289
420,10,0.036619374132140704,0.06047008460101759,0.04642158256001893,0.05694724679387908,0.06380195002871702,0.023072275671034443
421,1,0.11689783848594032,0.2185552579409573,0.1851478993504486,0.13597480714381568,0.20428611351320747,0.17301704302690082
421,2,0.10646929233125217,0.13638985194733852,0.11998295545209825,0.11228180473578755,0.16699182217305186,0.16790204643929363
421,3,0.11201488564336574,0.1979622717125568,0.1446428967228094,0.15208967737021434,0.21439959912139622,0.20587929800945287
421,4,0.06738299105702591,0.13388800865351014,0.11729728933232567,0.0724711016391772,0.17476286033135696,0.16351307815903063
421,5,0.11653295080404709,0.1830384496759544,0.16657104933052613,0.13990747270765785,0.21666832234328381,0.19415940948154348
421,6,0.09489541912879845,0.18570977040154282,0.17882084532559198,0.1120637218559814,0.15892557394489087,0.14154615982930316
421,7,0.07848792552424007,0.1258245321733397,0.1076846512703004,0.11569354457889529,0.1648559283889324,0.18131569544122925
421,8,0.09725514516108728,0.13734923562073248,0.1205188603760243,0.1234297141539808,0.14925641777967588,0.15835752838767359
421,9,0.0898549697846454,0.1296005279418674,0.11132343730135282,0.11693382529632612,0.18530222170475774,0.166032514237392
421,10,0.06737568087619684,0.1487142578604979,0.13676286483684993,0.10794318105924836,0.17544805580096595,0.150818244419312
422,1,0.008626232459048274,0.035015071444088885,0.025432271992611815,0.037816003750971355,0.017337744456531086,0.015375839285410418
422,2,0.012471555514856375,0.022816352578584033,0.001373372357768121,0.020045714587366703,0.05461553595129332,0.05110768307198943
422,3,0.007849188720040414,0.007027982207368678,0.03038703888229261,0.025798150066298285,0.022920577195643648,0.027254189483937322
422,4,0.018296232010539353,0.014553622554681544,-0.0015017175066046294,0.01227228774649889,0.010602611263855895,0.03343766546968503
422,5,0.027903380324412305,0.01662840268479102,-0.0007677466333363826,0.027616657676290977,0.0038472200902075295,0.040808747260796134
422,6,0.015146946399181092,0.01685740644402102,0.011829293936291231,0.024186213558708636,0.023874277783677365,0.037877661368653746
422,7,0.018742987490230133,0.03306673066736049,0.02223792038667525,0.009927352336261078,0.020894612259955075,0.021079143083360133
422,8,0.03748258084618656,0.032900383116430496,0.005407857182118396,0.04550935080055247,0.025433639026261702,0.05883439465003548
422,9,0.02406077428380735,0.01831268616564327,0.006311300747160133,0.03818441063990305,0.028623799697973133,0.02518580593435999
422,10,0.009488874075740094,0.0031996300593174153,0.019370579351518508,0.015015857143881081,0.018286913448811143,0.026155283399883725
423,1,0.006993756944875677,0.04644694065057568,0.03913231441387267,0.03946856500847788,0.03746686714163206,0.023158675452426808
423,2,0.022576744417191374,0.0127778230491274,0.03439788967868263,0.036415673444802295,0.03705361335617065,0.015171457285702022
423,3,0.0227829251320132,0.029485834627534797,0.04765577411775555,0.016889396893158076,0.011619144816145816,0.04884761391050468
423,4,0.05261301254402922,0.060342309067182166,0.004041113430896706,0.05678150149333694,0.0075021150756850825,0.002942492308861493
423,5,0.03692044010788966,0.023416182696438907,0.02930692696829206,-1.0104505425614325e-05,0.004995861903833418,0.011101077697343939
423,6,-0.004436159641514887,0.039649318857474816,0.03042710075297017,0.033309735348946636,0.0234904365182653,0.013426566488391772
423,7,0.027829085756149233,0.03487318574413484,0.03978335739671104,0.012655831517865552,0.03903838661994306,-0.008608197250158205
423,8,0.015844844389865196,0.041158475762522226,0.0384817036595488,0.009315494743985676,0.02913110908175928,0.01979166786199699
423,9,0.025257306848083246,0.01770230200077087,0.02046569796732107,0.03417135957716728,0.0006514824652569857,-0.0009773218314974102
423,10,0.020875120020701632,0.0240808500242082,0.041613240967703136,0.014883950744473719,0.043780299881044586,0.0453806617703426
424,1,0.05249162766019248,0.012582253228326451,0.004881977765328241,0.03618118826654115,0.024252072552769413,-0.013605868225999046
424,2,-0.00016685999679353776,-0.006387087245556883,0.025522273766460324,0.02293405470778143,0.047921793864650494,0.027676730272057633
424,3,0.00389481812350496,0.013183821433341812,-0.0018379106597325096,0.033997453015226976,0.00719011761996201,0.0007232379941103617
424,4,-0.007603882912617658,0.0027614452672869647,0.01837391269932144,0.020171166011352073,-0.00039717677793072137,-0.02051548202478406
424,5,-0.011120792759702227,0.008835553806698749,0.008340757157002344,0.02570992591284878,-0.004646053512343315,0.015213294398730214
424,6,0.012899644837941385,-0.0026788592902729697,0.014844871467171224,-0.00013798551626247364,0.011202619655497577,-0.0013489545092373334
424,7,0.010200842942078443,-0.005943910022605684,0.004510090609863914,0.017135132742940443,0.01366563009512911,0.01434733508326184
424,8,0.01163340787500615,0.0017736328111268146,0.020220164167942447,0.015715195168557454,-0.016549847603269188,0.019077278776711674
424,9,0.0489665326588576,0.01820203509106444,0.028691402522882246,0.00318008603087381,0.017432674213029794,-0.006049035180776672
424,10,0.0007361641065294117,0.02355406877220534,0.02067133793540712,0.004124854630538802,0.023156604591574516,0.021652591803253306
425,1,0.03000818525397497,0.0517420961976439,0.036222725783655,0.02852931512123274,-0.0032764843504760454,0.04696956143713911
425,2,0.02405351817795894,0.02414403412409359,0.020460531814804762,0.023525139334836246,0.042327288390777436,0.0029870995966177778
425,3,0.033254450779749284,0.02977266805804517,0.010281021410601379,0.02249503906218665,0.02286248985131011,-0.012539994506867328
425,4,0.03452043774026711,0.00841120605676766,0.036565652688770385,0.025039394060615987,0.013869885763137326,0.022991520645603312
425,5,0.02011520084249466,0.03771423768295164,0.05569863170205887,0.017631829350177385,0.019615708185141297,0.00497086753735569
425,6,0.03895421166248882,0.02990449047347151,0.028350191930887378,0.018391858708280875,0.033725929697195574,0.00879284645111032
425,7,0.025600203706042886,0.023041944851580422,0.0390199359925014,0.009737882661939047,0.012933779980406871,0.013600909491916138
425,8,0.0189270727936331,0.03490953399815574,0.009144081535370996,0.02953073007087854,0.024828781159373346,0.06064585681180428
425,9,0.025071948061053267,0.024566398007645585,0.02361569547088486,0.02827995989527309,0.028153042590951943,0.025027881040392358
425,10,0.017240331696668245,0.0006000405146672402,0.02600602462473645,0.037934065017702495,0.028562032892877055,0.006137231278525076
426,1,0.03540661494547865,-0.007831381491891653,0.052781079219036,0.022783001427322685,0.045055334594492534,0.07399978953436893
426,2,0.003094528137399669,0.02022556688567835,0.05880077066755642,0.033287642884180846,0.01829445325556965,0.043595135878558816
426,3,0.048253533099870134,0.02250050146829401,0.02308811533873828,0.024215147943590917,0.025233380897320735,0.035366667563372735
426,4,0.032354579192950685,0.006396018910456617,0.022116935515590644,0.004632585175150566,0.03249446562220619,0.05604436991210702
426,5,0.04060048632909078,-0.004374745097599492,0.023916419359680596,0.03430400131819948,0.0012472049627918268,0.002123624052571961
426,6,0.0048995902450664165,0.031005929148888965,0.03166605280554299,-0.004779139552579886,0.0030602712070085126,0.048202112851145576
426,7,0.025894635963270875,0.02954025247740477,0.037272557075425955,-0.0044018329831260776,0.017326685093399605,0.006567056879161592
426,8,0.03038204738490645,0.006588865668660333,0.039053265290858126,0.01655416678905124,0.027039329921245296,0.03179948291286596
426,9,0.01758527411015529,0.02080641474930295,0.026978001554753918,0.02553782269272556,0.04086458359654699,0.03436719818598074
426,10,0.018244219523746507,0.012543444411563829,0.01697266588388172,0.036271403764871445,0.006229394455189989,0.03464397387476792
427,1,0.04597415771819597,0.04256656815895883,0.03616993063581644,0.04592007108765153,0.05205858257534218,0.045198067181380655
427,2,0.02044485142893808,0.03676838790864356,0.044971777120759344,0.04321568627052074,0.04771437999319901,0.04361965632997825
427,3,0.04381430783022154,0.038659268151917475,0.04594747140111827,0.019720429698756852,0.02804696264840505,0.03441798990232537
427,4,0.03271299778791943,0.03014662895780473,0.03251050032127537,0.018304397419625005,0.047316630638597326,0.048490922295377346
427,5,0.0124807915204343,0.021082662038583656,0.029491733857761358,0.035586991920019635,0.019001321361800907,0.04546122841768592
427,6,0.011379900227932647,0.03216674059172809,0.039901835331022546,0.02878476222047641,0.015008219077548747,0.02446967955614457
427,7,0.00952536622436068,0.016359479452162314,0.045693329700520265,0.0314399956668157,0.040878115217654845,0.028881228198943818
427,8,0.03840244076047331,0.02692276033990387,0.01617026669887914,0.04688731933195117,0.02118409819512589,0.051240657491640404
427,9,0.037539050116046635,0.03858212845819994,0.03709807052747938,0.053413413447907176,0.03165071092876675,0.05240458531730552
427,10,0.027836573005875068,0.02824841041786206,0.018549534528098446,0.03676245687728413,0.0330595096632226,0.030283778427232035
428,1,0.014233694987857667,0.004283141031824093,0.02654307968895236,0.019377029512006125,0.013056224416642878,0.04684742426127152
428,2,0.002629192345102522,-0.010126286900336096,0.021858676998732677,0.01334752695757048,0.025036109282037065,0.04996154994999359
428,3,0.010371683962536756,-0.02404340055588941,-0.004757565012673855,0.031424033769932455,0.023526940374469917,0.032771017788633554
428,4,0.008371719478953427,0.024385060279772518,0.0052368174534675295,0.009569439636424261,0.006208676689747967,0.06664933483423177
428,5,0.04944634573400377,-0.012450783646781777,-0.009469751536529465,0.030239210101569356,0.0335460643467316,0.01483613444711389
428,6,0.003819945901801803,0.009212375514748225,0.006315048822495047,0.015386652724851808,0.006283405908108,0.013309456313731293
428,7,0.029050029276559405,0.012437161131286392,-0.0059223072277862455,0.009644058845003526,0.018988666951253973,0.02945599633243955
428,8,-0.005715284465580296,0.03440340848226899,-0.001265240222166284,0.03651975636325953,0.037983917607613965,0.029160262127423096
428,9,0.009389738430795797,0.021800832026951097,0.013730620275534672,0.0053247125935899295,0.02336174795958341,0.006689089720363771
428,10,0.019798001871573025,0.022225352361977122,0.015117315577405753,0.03181167825483692,0.01509153901524063,0.029906118095106148
429,1,0.03111009183291071,0.000903014570150372,0.008471076243734032,0.023945066753954226,0.02884406454878675,0.03764020806413304
429,2,0.0024040541399578817,0.011160900419759152,0.03603454343547309,0.013750334454790012,0.021602459140965292,0.03850874133764123
429,3,0.03720124474948473,0.009258316120119804,0.0015660627184771673,0.039279249755853056,0.002631589341455704,0.014334326662230735
429,4,0.02807397505002394,0.027609487878175444,0.008204863989458158,0.03387385066061931,0.04575512715137148,0.029373619812235
429,5,-0.0003609628844676949,0.011005340903585386,0.00924460296651071,0.04112092753876705,0.016179957862693203,0.014185287789729089
429,6,0.01393539170685401,0.026105459126586676,0.015284826762405649,-0.011241510289339191,0.011589800245463888,0.016260584568452946
429,7,0.00692197587033476,0.002457686694516301,0.018037369728292504,0.038193899362946586,-0.0035549874911807366,0.02944707676381596
429,8,0.03883515038893683,-0.002549984145416356,0.0266808121932968,-0.005613951593988002,-0.008574486690388497,0.0026161152552073327
429,9,0.03207523428974643,0.009447982506679905,0.05672314547572317,-0.004077749614733452,0.010714711944401658,0.014786101032365486
429,10,0.013184250786983688,0.0026219869291621827,0.021990138267382584,0.018553364992872343,0.035022948049935256,0.03457547261144354
430,1,0.04699175830162883,0.03282813334528084,0.0238991678986751,0.03207749113559484,0.032496062590419005,0.02585791846152093
430,2,0.040882049083844796,0.05947497192277546,0.03992920421371128,0.005679430767692792,0.031959539011326164,0.043473912889709705
430,3,0.03519879177426826,0.06172595863597249,0.03170726415321868,0.03999062461974105,0.002591107548418723,0.027634838318092755
430,4,0.02851237216046681,0.044026710887658964,0.006560867017777005,0.041334418797433777,0.05927444351762387,0.0053142286215367525
430,5,0.020017491522187264,0.04356291068816153,0.042430581059658946,0.03455887935247598,0.04265837372698159,0.0345546645115894
430,6,0.04824155166434817,0.04443008966631034,0.04396843963163606,0.02716738474065583,0.024878263838689234,0.027843295944917322
430,7,0.0330177845912285,0.04916012435414587,0.06903106539001976,0.026388177038754575,0.04317905031238861,0.03113931585081376
430,8,0.03421742586670523,0.03973373819543518,0.03607532877793421,0.018569808112795554,0.021645018933288598,0.04960982308375491
430,9,0.03457964136997337,0.008651758910633134,0.04467835641626723,0.02846103822149634,0.021538544229134947,0.029120555911446265
430,10,0.02042447882012648,0.02894450415020829,0.04887995585759902,-0.012155501851599618,0.0317324466091439,0.0414345894505574
431,1,0.003138729121409256,0.041528060705988586,0.05345213259735461,0.06007362570629294,0.049063790884606426,0.03131066978338216
431,2,0.03022230342505096,0.034910104006793605,0.04017841171335997,0.00984625050066552,0.015750768397637095,0.04469841223028406
431,3,0.020544669763786154,0.07539182768267126,0.06331273441702963,0.031706664822963755,0.02908696265292746,0.04486818453671054
431,4,0.024936884570000737,0.02742592241582077,0.00027579614176783724,0.048136489238810184,0.023786736990631663,0.04778463949029579
431,5,0.03708638443892361,0.03032287745264791,0.020121037545371253,0.01994104552943014,0.022181260723592153,0.024463005017525453
431,6,0.02182212933466802,0.03204050868743256,0.03569133181421106,0.027758772697680477,0.04470903997955842,0.04073685529873831
431,7,0.041820920696967225,0.05340969522105379,0.01773823808864837,0.03133314034153208,0.0320605668189241,0.03526495909519484
431,8,0.04074107396452505,0.012916813473269685,0.04111494837520436,0.012919921331428705,0.028816954831952686,0.030694261765392243
431,9,0.020372377479647326,0.036494086598542315,0.007049510575416352,0.017372074299694826,0.0449026642390904,0.04486326613139805
431,10,0.03616023699925806,0.045343454326130204,0.03499505870801687,0.032294873706748696,0.030683414900657173,0.02687697479994262
432,1,0.010182946893583572,0.03061967676781804,0.024451544593591567,-0.0012196253401272862,0.02283846477124062,0.020507542342655165
432,2,0.012748892244195861,0.03317166453390525,-0.013582684150529573,0.018840824338066144,0.025923077283086626,0.04209766546787433
432,3,-0.00015478183031372207,0.034632008288681675,0.02175048141509475,-0.000981064900318154,0.01245346628769372,0.016916545418902845
432,4,0.038458222852429114,0.04699974255465488,0.004590332649483109,0.007897335259646263,0.011795525495735624,0.02680580606151387
432,5,0.011064830433979971,0.02155416795423993,0.0009009096086961706,0.0002618586170897057,0.018581615790206573,0.03457365721178445
432,6,0.00966423669826591,0.015245957536540875,0.02409148749642647,0.0037363017755625326,0.010353532902866227,0.014408792664655855
432,7,0.025877583372749664,0.01653484336176918,0.02474008768704801,0.03023768076420897,0.009044852703449874,0.01057338797127943
432,8,-0.003986950187393484,0.03213301992944107,0.04257392441341943,-0.00757048841144805,0.02401962465204547,0.020793730959812098
432,9,0.02645770171665815,0.026165969267048488,0.01954980544795809,-0.003525898124726217,0.034433098319832975,0.029897927079188494
432,10,0.003868636505090761,-0.005356409379957742,0.023424843655066366,-0.005155339712097436,0.02213160180592949,-0.0004988684667564043
433,1,0.004851922106121945,0.034988109100356775,0.01578109477947908,0.014678225535462715,0.029134967018497243,0.014843007069024718
433,2,0.014670956739305765,0.0381948739221392,0.02647268637653152,0.01856453687264287,0.00312573594341349,0.02797292709545957
433,3,0.01656765381731434,0.028458387267884383,0.0363749389201383,0.02532494695493647,0.04776313326182516,0.02065505640728893
433,4,0.014607196918854627,0.04446500704023615,0.006326940531526121,0.036673116147668695,0.010485234883952903,0.042057688894083005
433,5,0.017150695454867464,0.031699575545453,0.034693369613624604,0.007635460038404833,0.01349399322416825,-0.005243757236658578
433,6,0.040713530357122496,0.012201787661044208,0.016722016866422888,0.026074118208656773,0.046701836283285836,0.028462770772594993
433,7,0.04382870604129997,0.03924163510982611,0.035050965044415454,0.00011059262235470266,0.03608138501171149,-0.003459110611092674
433,8,0.03674918585621524,0.0224059491173408,0.030281871847323102,0.03779699644790477,0.013702621283155848,0.040978051504164836
433,9,0.008251851481049023,0.023523931574411915,0.03568239614635542,0.013163277814660259,0.031838637205751134,0.03741698774312908
433,10,-0.01977970493340907,0.04396986243353343,0.030387688277202705,0.03346217576834192,0.023809577485963067,0.03923329080304898
434,1,0.033240481654156426,-0.005791243176499599,0.01203465356503346,0.017459637726300478,0.0149721386004089,-0.008412247391163323
434,2,-0.02617914313451771,0.009512444338159953,0.022333361760009576,0.006010810600327016,0.03454846350910572,0.03763560401408448
434,3,0.02173552133967854,0.006958842250214658,0.01373547194501181,0.028929978587181097,0.01990865046703114,0.025703686319121077
434,4,0.02938233063507246,0.014653994457430158,0.03600385992092931,0.005072169371613383,0.03389623800296376,0.0312125313551733
434,5,0.03394349478040353,0.01706137269413479,0.002217607320163755,0.03872587879229119,0.015057609281525958,0.018553023639995756
434,6,0.01884226129444955,0.021584689649209076,0.015886212935011197,0.009132979084201345,0.01477570529916198,0.020257149297491398
434,7,0.026123698521105517,0.026654393049822162,-0.0033693875972725237,0.005673772834092562,0.01336456649205358,-0.0024885736391612027
434,8,0.024544178554312988,0.01869633442201589,0.004387997195531549,0.0036168699965004013,0.015943433891644297,0.016234702811160254
434,9,0.022485098198268827,0.009979967088727826,0.031749460299558045,0.010841098989399854,0.01492432638807816,0.04089873289754302
434,10,0.029014244659196598,0.011926060252158102,0.005799038480609262,0.03484859044477621,0.03898608755597705,0.017347601691914728
435,1,0.026453897588276855,0.0367399646650314,0.035686617924819426,0.00934908633288861,0.043031719727391914,0.020716969496092783
435,2,0.023388137549800195,0.02197758924386761,0.01941914566747852,0.012883975078004782,0.015033209758460134,0.011214451948917072
435,3,0.027091153014566556,0.037513088566469226,0.01879351086503318,0.02720095348834012,0.022702096005967277,0.030337094725419126
435,4,0.013810615678963575,0.020172115732239114,0.010806491121767977,0.019076801285299143,0.02818474396776402,0.023963569338607323
435,5,0.023504727135510543,0.0132230569615073,0.022268530808692812,0.014818497448989996,0.04166826961708465,-0.008192024159386998
435,6,0.007884107602754346,0.014335358674651895,0.011024724526154111,0.010528807376013524,0.013257227061291942,0.0006809193228632831
435,7,0.02572797896041968,0.026784435158725244,-0.0022480161864229255,0.011231478741756697,0.03504184066424981,0.019700390563867125
435,8,0.03183456862587215,0.006934344383959579,0.023326926660773576,-0.002566867002753213,0.03770029291860499,0.037876945738717235
435,9,0.01968313756578685,0.025006921092626817,0.031637339744171857,0.02651047783404027,0.012319893754857465,-0.014120044459297473
435,10,0.0024037067103720865,0.008091118020992792,0.023213022395303626,-0.008311075641436717,0.0003505576680548862,0.02568591025859476
436,1,0.04207206538185503,-0.0159486058997924,-0.00047647897330732066,0.0387008282156673,0.027765887012681678,0.03449589476436054
436,2,0.015684751288270037,0.0030197718118374108,0.020118813777114043,0.020458346697551366,0.04017961531460786,-0.002084487475055524
436,3,-0.004557301764042456,0.04454512886910369,0.020762370362651602,0.0415623071941979,0.03592596120956181,0.022795067207230138
436,4,0.026682183742218243,0.039141997835518305,0.04599457930010578,0.02928810525940482,0.0379185676729618,0.014216931816858774
436,5,0.0008595816256468298,0.050050404517702825,0.014974487612412839,-0.00037324384392290957,0.023555082513058358,0.01216222185536546
436,6,0.018865645952249606,-0.003901096866036488,0.008883287803873575,0.0036479608637808706,0.02850993216716115,0.03887490372674624
436,7,0.005899624997210643,0.04322105818795751,0.011516065948842464,0.02910453846591914,0.01836198993895998,0.02369361274985682
436,8,0.03709803654469408,0.023685438175746826,-0.004154597615336712,0.014396486900243852,0.02966282028333138,0.02867055712530376
436,9,0.00884966635670177,0.023651330472454136,0.01234488538491542,0.011606791279163168,0.027619905137619662,0.03468315042362743
436,10,0.017903981152469453,0.004236734608612146,0.015157658082745372,0.039099498882782004,0.035234616273486674,0.013554551641157738
437,1,0.03328302031231271,0.03616017553309997,0.0240305854602989,0.03759619454160277,0.013481482482881689,0.02967207511149081
437,2,0.005566828710306886,0.008087281310353049,0.0060931492029411465,0.04072055402559735,0.009777208981140815,0.020093037031674584
437,3,0.02308340841767268,0.05410804888273729,0.012109508093439771,0.011456555148984849,0.011617882401539987,0.014681105827827603
437,4,0.02518209851912165,0.015504908816954755,0.01193323906257299,0.05126411384389171,0.04770477888758097,0.035972597489260946
437,5,0.03911582243780085,0.019137484712728012,0.009487379944298232,-0.011621232317246153,0.023232771561416354,0.04599741714281401
437,6,0.026650257499261826,0.024281099843347354,0.029814433358386797,0.04650856670152628,0.03381333690996659,0.012655098697163879
437,7,0.018688988672864712,0.026979354813417594,0.032517889719074114,0.022088353679371932,0.03232171493214487,0.02973920826814262
437,8,0.03596523299223446,0.04396662728876979,0.0299054381752328,0.013515743761519278,0.01075491285034007,0.01563570916220651
437,9,0.021355790625831914,0.038246562238413606,0.014988282107913057,0.016823241791011904,0.03872706073773564,0.04103526146716831
437,10,0.006175154196744701,0.014097329620056024,0.025086219088954358,0.018184617458345476,0.019402832295622657,0.026732878351919412
438,1,0.031590265692289524,-0.0016428603835034862,0.042185349708666595,0.03560556092317781,0.019186542643240427,0.030674803273275996
438,2,0.015402814757706372,0.019606808378850732,0.02771102460150426,0.019818747144988963,-0.003651620982018243,0.017942620563240735
438,3,0.029158843343439836,0.014325982098427082,0.042560004603484115,0.02535389165113739,0.004358337891227811,0.02970431238146362
438,4,0.020293764823847774,-0.009491706255941122,0.007152021660098426,-0.0053981359669288366,0.04458025860018592,0.007003408796744956
438,5,0.03365615691480132,0.039366878511165444,0.03270329861836144,-0.0042435773204352635,-0.002836328873755887,0.011907310303601204
438,6,0.031235409764039823,0.028094326100538698,0.027395475844440964,0.03719068700876126,-0.0038122678439728133,0.010929063707091449
438,7,0.007423470721190984,0.020766945451869943,0.04997711878774527,0.012887775538008111,0.009486948140284031,0.04981410360860506
438,8,0.02522476963073838,0.02784867263903147,0.025394480302289208,0.015295781301294761,0.023783284568193445,0.030614482024956417
438,9,0.03605334024292585,0.05551246512015391,0.023523986241914523,0.01863724359988633,0.02028080126466061,0.006393504323529799
438,10,0.02863713301432175,0.03779663878023396,0.0454782198668631,0.044417385248273024,0.018624427160138148,0.01597883430925591
439,1,0.026883456665665325,0.0365316038936632,0.024077565529072267,0.03810562838755297,0.04226328818473464,0.03337937811568527
439,2,0.01812668666809624,0.025468664484114546,0.04226981852239498,0.01614892270529385,0.03251005113787717,0.01361071237267876
439,3,0.02506086906950156,0.049192516903255525,0.03096937780320157,0.024598324468991385,0.010141364481178913,0.03351088172297485
439,4,0.03672137384098982,0.03598296436855615,0.026552690456063423,0.013781093483979826,0.032410877043168,0.016983107206821363
439,5,0.0386687954348107,0.029599380639396714,0.029858745746587652,0.02181442875694752,0.015363096086599323,0.011235179595276588
439,6,0.015805735009444863,0.02040171810258384,0.025668522810017944,0.03215226064472299,0.059250008805312684,0.03660719294633601
439,7,0.028146655227205632,0.03482267157587299,0.03999053578704182,0.02666361547633099,0.04093129494505432,0.040792028150081275
439,8,0.0059411701243537495,0.02165554133149142,0.020332796214159787,0.017632142069162884,0.022223366902370107,0.02904958298634835
439,9,0.019713377366284666,0.01577150117862378,0.015276400685415144,0.008298674345801822,0.02015927400695692,0.011539694024421149
439,10,0.03983569475911218,0.011501146036069217,0.060367365562919155,0.0024430991155446726,0.03164895841809599,0.028944059535169972
440,1,0.03347674901495543,0.03560757080504631,0.044361825101437255,0.01632794318695119,0.04601476854561945,0.031960414073518205
440,2,-0.008305919536534872,0.028221137825205907,0.03633326365743324,0.01867713138677292,0.015455805874741884,0.05901747657172459
440,3,0.023035315592066827,0.018692348322964968,0.020876339453153956,0.03224182954354339,0.03485317865031803,0.03733691948533253
440,4,0.02207392778645481,0.03405469866392616,0.027104070921798958,0.02399488950745901,0.01966814920513114,0.016896147102511968
440,5,0.019227594957298443,0.03476702890312063,0.02459404841016554,0.007270004889473729,0.024284332019433374,0.05960228229283365
440,6,0.0126435277983923,0.0027834651898298473,0.022849895082495505,0.034819566201135944,0.013470738128020309,0.047427996670580286
440,7,0.02694830457420988,0.012071346532600492,0.0156870516846252,0.011654657928815025,0.0028146425034540757,0.037060646136657105
440,8,0.023705402724657595,0.031175394765016462,0.04680955777307096,0.0179953114680218,0.049276968182868953,0.03365694327702586
440,9,0.04739990782334877,0.0362009199024615,0.03196531537435021,-0.006982743943665595,0.013900619765209116,0.014975272526864898
440,10,0.034104846928629785,0.020839420492062395,0.033722639487189156,0.004846677868350417,0.0079627706095778,0.021867665100551457
441,1,0.030531374639837065,0.01870516853803079,0.028656907452089996,0.04667838063745967,0.023472601068563265,0.028441402986726316
441,2,0.01997599035657411,0.05929528246000014,0.009292502791150806,0.023367035840373758,0.03783128561716969,0.038342809080131345
441,3,0.006984418575293384,0.043246594526755985,0.03070214552137396,0.023868224558309954,0.027713108570634894,0.0026123674921113807
441,4,0.01529615522237784,0.02515223196638524,0.017692514008723112,0.005432930489216725,0.04543574511848348,0.024690013427419343
441,5,0.005214949349405128,0.025714552698143774,0.020355653175921418,0.0612091933364198,0.014576991547032802,0.021868200203568878
441,6,0.029061021481039034,0.0033257592966545366,0.040024188950709,0.03273692881144804,0.044703471497301944,0.01115743136548532
441,7,0.013092808709893914,-0.008668354880332177,0.0075357478214926835,0.02168618043553813,0.018491736427604336,0.06176086858017313
441,8,0.02133889708885574,0.015637070136949795,0.029378482439599538,0.012907767582295698,0.05495066734541612,0.03602325302334301
441,9,0.017593646358253306,0.026649698874724542,0.05806898520795364,0.04043505570380963,0.03831862797892531,0.04738596040195552
441,10,0.033906693529876214,0.035239462995476756,0.01669018719500127,0.04470726319981274,0.03230278081332279,0.013886240079511161
442,1,0.018299228355188695,0.02573112580718712,0.030266397406321303,0.05948397750499637,0.023002537168995738,0.02736153791477392
442,2,0.030681829290834222,0.02344985053902774,0.031273601395627085,0.030566018801553123,-0.004252043239460999,0.01770608003021972
442,3,0.01212030138865601,0.02344122648857129,0.0029402921539968584,0.0004343278908886985,0.029473483291554473,0.02605703031444711
442,4,0.016307644315782924,0.011032353072357077,0.007956906399488928,0.042189026151947175,0.04984815621406375,0.020955413109499218
442,5,0.012190533517897787,0.029526078715483888,0.00048756860676974455,0.013370252698159429,0.0042500787133403425,0.01501084038291383
442,6,0.02691634507419963,0.0032670483631517147,0.005345831047230386,0.020738683046941757,0.04395883292177935,0.00841752029508513
442,7,0.046856591011634655,0.022992625785299883,0.020293917222332664,0.02788810373095232,-0.0021980559188537834,0.02163552805409989
442,8,0.0431529229293143,0.041429841845951464,0.010835644777009282,0.038482995512792835,0.042286813344186595,0.017413934216194974
442,9,-0.0031046092906147397,0.024315851513214488,0.0029230847793767353,0.01950268219644984,0.030331499465784062,0.032071890130448436
442,10,0.018290398809403308,0.04601499685959812,0.01882641105691823,0.02098042230996846,0.014892744652022035,-0.002054392251538774
443,1,0.01300947567924082,0.0009118100132254629,0.03770490085514644,0.01320315969381009,0.03109615716253956,0.03050292030501176
443,2,0.036670643212462696,0.015809846603418262,0.013263341491389724,0.012439440124129907,0.00016363301180849282,0.03192394894298567
443,3,-0.0017635194007633343,0.01817188267009849,0.010453610500201072,0.01805113072343937,0.012148747293324562,0.012407277642042708
443,4,-0.0058304415898211386,0.009593335267766014,0.043676564888218035,0.0292319063749028,0.019539619501114436,-0.0021720927779415766
443,5,0.01531686562549376,0.04148180111846091,0.022465068546464625,0.030135651298980944,0.02306275124057325,0.001287684581272402
443,6,0.02399051191736228,0.021774059193027984,0.01874929223956073,0.02907605128248868,0.010801256131961805,0.008452321160317768
443,7,0.029505100027508478,0.03614612911527075,0.026396921360113585,0.017242405596710652,0.015742546067284355,0.03799504767797856
443,8,-0.010891632908799971,0.005911331043936384,0.045409588961498326,0.01596933893584797,0.019640427022171773,-4.3041030790143984e-05
443,9,0.01942508553012657,0.0019940510829937162,-0.001952597916299811,0.009140321912648327,0.01623314701463794,0.006324362897735405
443,10,0.012998723767144116,-0.007113040084704778,0.02697562332953586,-0.0034354912864411305,0.00839655365022714,0.021162247925477957
444,1,0.0006559783972199739,0.04995796161724446,0.01785400531141093,0.006249335123286195,0.009051058918450403,0.00035001869701274636
444,2,0.017750237718669834,0.03751794883604649,0.005711560402253158,0.0031082098842294403,0.03622308292717813,0.00967215719346237
444,3,0.012635783892963156,0.026181869848668837,0.02695668716602107,0.014648331215961923,-0.0009164954894385443,-0.0017637865668625162
444,4,0.03614313709407858,0.035279303787440805,0.040700521430837744,0.028987839432417322,0.010145515937130428,0.006940013868315805
444,5,0.02568690040425623,0.01740009942871078,-0.002066342807805742,0.014898621767914025,0.03181431417081949,-0.010714998874580614
444,6,-0.0020461491726537595,0.023635903006802038,0.00305436626905302,-0.0007802204602447889,0.01903726856737679,-0.005641497488523513
444,7,0.01240073144850017,0.03177899100223885,0.00748094020704825,0.04671148021246996,-0.00046129878937885147,-0.02489989306476207
444,8,0.0014405754408559198,0.01933319407291668,-0.001155926307945397,0.004141240048570902,0.028915749341308156,-0.02276583141835387
444,9,0.029035961388712176,0.001099732276167422,0.03453269223240763,0.03260520602854935,-0.0039033414901038605,0.026728469425295994
444,10,0.00311109246907438,0.02180858595328783,0.024382439765402747,0.004082212891767279,0.005726870513543701,0.03304221770816892
445,1,0.03753128065896156,0.05832386317880272,0.05122370958921228,0.0452912360910406,0.026776682080285493,0.061833686921125
445,2,0.019524805493685612,0.0365227308726537,0.04556735576944047,0.023781614958378446,0.05125650037688018,0.04917183900377329
445,3,0.03682153299036536,0.04206275069306203,0.02391581215779974,0.05139718085374228,0.03959611758163778,0.028721150450940838
445,4,0.03112914190353967,0.022225741906285842,0.02768139205512153,0.007349361085391763,0.031360724254985414,0.04578685509287574
445,5,0.041838864893698285,0.04099443343280398,0.0610436273195821,0.032424740323566785,0.04552633313753498,0.03328993342955256
445,6,0.050200073547368,0.03529175586447342,0.04243151509052468,0.04786385156048316,0.05542811002174622,0.05161345639353831
445,7,0.02762122321186072,0.023049772495233243,0.004686317776627153,0.028029491544249323,0.025747879131027836,0.025968365662095275
445,8,0.026247921309915115,0.026667485582449482,0.02500232220838047,0.05037399114562226,0.05386778099749047,0.03930920212450252
445,9,0.03060097944093522,0.05657519530535739,0.029115766009202414,0.023845136648819685,0.04187426577249367,0.051257355820110456
445,10,0.030585981026918858,0.030011914871450333,0.01352184935215932,0.046170927704455036,0.05003781383989641,0.03949278817397767
446,1,0.0007725746875983779,0.02749764708792237,0.02095750742062572,0.006049326859534452,0.016526411850850582,0.007948977644996717
446,2,0.0031561947471796955,0.026280060454569366,0.013735836642980889,0.02443005775322488,-0.002980131329082731,0.03544259877745688
446,3,0.0048877852761001934,-0.003399623289658322,0.008456271970545961,0.026937800117457646,0.010050927523793898,0.011498151362721282
446,4,0.022211330888565674,0.027745835229035752,0.03160561298318417,0.012658637883056455,-0.024682362453166812,0.016053854997635342
446,5,0.024232370635653606,-0.00038296687654944364,0.012130181156869086,-0.0026830878144872066,-0.0083764827860574,0.052885104744013416
446,6,0.017515910281524393,-0.0033007361883810823,0.02851557403917012,0.0060546915181714225,0.02669824437308281,0.011864101321214916
446,7,0.02763851941074269,0.009309536120156886,0.00943562806322742,0.03907864679088809,0.009430035916688652,0.008925685630647325
446,8,-0.003177201903147907,0.008256334385240878,-0.014597108886004068,0.01976415183996837,-0.016859078382438518,0.01588281325547318
446,9,0.012405964287262905,0.03590142736526803,0.005846459878559585,0.016273043353153587,-0.0019738095524978712,0.03442553923191109
446,10,0.01236178481496839,0.03670539038883649,0.014289998467942188,0.031189982392853016,0.020023966456282568,0.02529995827712314
447,1,0.03223556860500119,0.013884436600433469,0.005975841193331435,0.011615741348241204,0.045719278340428014,-0.0013909730985494884
447,2,0.014081177690341775,0.02600859465256423,0.045120654873980946,0.014470379263926211,0.03431368967709843,0.05693494187954212
447,3,0.017931253394478926,0.0388940398760992,0.037288256583211464,0.02895262316577927,0.04265323758860401,0.008186100141640342
447,4,-0.0027015180009462617,0.016948117818490753,-0.00546544610941739,0.029209138667048874,0.03457580907552783,0.04023660639564394
447,5,0.023172505645553166,0.02129631187297635,0.013810283380513854,0.011617286115846826,-0.0002986732574640227,0.032270662590177975
447,6,0.03873623429010877,0.035566149102056695,0.014413332581338596,0.016942240426620982,0.009802180860821193,0.014457673513648087
447,7,0.026957454417588584,0.00034139321977682624,0.009013536319182907,0.007461619221840631,0.02189241300335072,0.0441762887864544
447,8,0.04037626547995889,-0.0013961116323514351,0.01873241951128945,0.017172890177499945,0.02890971704307326,-0.0043894071520698755
447,9,0.05457083464916876,0.02846638029959448,0.014726218013730953,0.017623948310799383,0.04552639745318189,-0.0027856481400962696
447,10,0.03669339625708279,0.031130703873582473,0.02798986581819321,0.0232733671319533,0.025667257366174607,0.018254347592234592
448,1,0.016511434900794607,0.019115049023554594,0.03358048662768879,0.017382364572422128,0.028901749422741332,0.026219647894542474
448,2,0.007931859671985304,0.004488527907435618,0.021079227056110237,0.017520748130995877,0.03015914988454992,0.0008908648574161946
448,3,0.028770008207776854,0.017818829050624405,0.025934530386657155,0.041473273400789386,0.026798698330101116,0.052531088777635564
448,4,0.01797269471519728,0.02131718700580589,0.01062021631368372,0.023311572685821482,0.031318786030713044,0.018301657145982846
448,5,0.04580612124813711,0.005892516967849481,0.00015871356619920904,0.041287768851525776,0.05251879710342216,0.009511496047641062
448,6,0.04886122564782724,0.0202293910125085,-0.023640957641186303,0.031998180849940994,0.03644034580478801,0.022291777985408663
448,7,0.017228482084413202,0.028936612311366426,0.023546861500794432,-0.004996364299850315,0.021504304616365273,-0.018474597664074246
448,8,0.010719101174444065,0.012603583036394316,0.005127234934129081,0.022464473503158864,0.062124745648765,0.03849446882281384
448,9,0.006939702817167613,0.025661890120457553,0.023247658687550143,0.014296669726651251,0.04369326515915887,0.0278356238001723
448,10,0.003989816644761074,0.043405223587101374,0.005025239105579639,0.018749150911000274,0.052347466644972036,0.043262323530031836
449,1,0.0338703272388245,0.034107884669669845,0.02846755661434709,0.027733544808214113,0.0391217870214305,0.02918562610523834
449,2,0.012906154149715828,0.028890229575090708,0.027311096100862443,0.04252701290581124,0.03269791312465473,0.044700238494700284
449,3,0.029227442389484194,0.038371714480164645,0.045427267301673874,0.026128387417070142,0.06934078042333625,-0.021336916611245066
449,4,0.010796022134621603,0.01628760057209499,-0.003680932081365185,0.010059997656680097,0.021047249762445423,0.00868661450657661
449,5,0.04139978688180546,0.012531791615274495,0.01815759851052133,0.017773169546210377,0.038738177097813305,0.02303965849359332
449,6,0.024477882712130243,0.022217800560180495,0.022304765190805462,0.04035703604448657,0.05058872629193912,0.033125645920244765
449,7,0.027445745938247723,0.02364191043120267,0.03606688651758084,0.03543666300548295,0.036434893338546555,0.022835928239735185
449,8,0.015488884905982643,0.007390871991983672,0.020552630393473298,0.03481710752424962,0.050400936446415,0.033049792268899196
449,9,0.019194881321982972,0.04894867939437932,0.010247943234188858,0.0035943186066870613,0.016390756129548534,0.022867447608155175
449,10,0.031116254414560108,0.015793703580999723,0.027804917859967304,0.01910416265202031,0.019283678589688786,0.019185525150622912
450,1,0.004115180315700611,0.01957200623001692,0.025737787966125497,0.015366683336710808,0.007523586191120716,0.017211486504999162
450,2,0.02496273107938689,0.03158341489101516,0.0265763130620707,0.010738751493355351,0.03489122089356237,0.010061741705530869
450,3,0.011670481437304779,0.010250113270766057,0.014437319947393324,0.012496357042393047,-0.0051196875263200695,0.04060492298034942
450,4,0.027243653901077476,0.00991563079643348,0.02998184502772549,0.017433019439624723,0.012901802301867491,0.013324306669705266
450,5,0.011968955498713204,0.03374757683521445,0.03497085930050153,0.03890770422246415,0.006237683615723355,0.0008766054537895465
450,6,0.006157512343679074,0.030200082414979273,0.011473909860246748,0.003282915375731882,0.03441292490231948,0.013386758631677738
450,7,-0.019544904657140778,0.01430158445285121,0.015771140203718004,0.0034660384698744556,0.013229110749483441,0.025426255711740772
450,8,0.003361665934352118,0.01234709921952247,0.01638588928362281,0.012665757931533472,0.02580077586640343,0.02055225331199317
450,9,0.03432402815973203,0.031054956139304993,0.028463210902417116,0.03912676831016493,0.01984973705887252,0.02596624868585822
450,10,0.0148609106071065,-0.0027939894665904835,-0.0015371481469430937,0.01364709859154863,-0.003274902500259473,-0.0020041206023107593
451,1,0.03381033119108354,0.022022341380695844,0.010913052577284858,0.03856779123122906,0.01466491045463701,0.017122621068083377
451,2,0.04412521165793254,0.032615188762337814,0.005520517067898544,0.015358276615862589,0.04071334430974305,0.005523752096669249
451,3,0.012473304808490345,0.04090612145141419,0.02968782493669487,-0.0022611957760562363,0.02302608288851828,0.02581816503612689
451,4,0.013610141048996752,0.030949318934425773,0.02268114465187748,0.016866287508975134,-0.009870467510954857,-0.0038796583048185083
451,5,0.01141128466418004,0.03107856863952779,0.004324130986499348,0.009888872198422884,0.028608211715242353,0.014422139138962196
451,6,0.01708000436297853,0.031226529173199374,0.026697225200216175,0.006485243441822056,0.01323815893194703,0.023081755172394455
451,7,0.03131242262557615,0.02563681086424658,0.007787495519647252,-0.02720201392898213,0.034574548545557214,-0.004629550073757061
451,8,0.03722679286248018,0.02722357673253217,-0.003554793352381129,0.017084373681682002,0.037188120613149474,0.0003952648845666647
451,9,0.019070875771624887,0.002689253669952497,0.029882305677676236,0.010460258148579128,0.002079251137368319,0.0006175484698074383
451,10,0.005751477274889403,0.0265035145555632,0.010967530224314887,0.050254672334807765,-0.005853249944819182,0.009033840441993755
452,1,0.03882787135185846,0.05561735155294072,0.0404289990130913,0.023760632502910325,0.021216180590964907,0.032801543342307546
452,2,0.02108934322896221,0.01662120110155642,0.03164582932111147,0.012953623862538375,0.03081558145680482,0.03974391490522096
452,3,0.03822860420820219,0.04002136709028123,0.024169955629433998,0.06188379063394376,0.022605181169002172,0.02134731264822978
452,4,0.03261759786122924,0.022662545974741745,0.047349415509536294,-0.002642148436224248,0.05967774226190931,0.04564589747462012
452,5,0.01917358478471156,0.011916847991629665,0.02502224029448365,0.02199573904164625,0.05472587468141418,0.017590466945840506
452,6,0.025613217119685512,0.045641377390397087,0.013571714605253048,0.012007864306314155,0.022858509490069193,0.029771356656553297
452,7,0.02355945179801761,0.024221924216824932,0.04407318027913073,0.04543627854971317,0.03662359095863978,0.030323840771018153
452,8,0.012746208733838327,0.06289077250664897,0.05532893454892928,0.02654992942954213,0.020853447170286706,0.02809645213218011
452,9,0.008796155835960754,0.02002562292824264,0.02761320222532345,0.03125929241501846,0.019654636813975883,0.05391915926468767
452,10,0.04657916000532919,0.04434250408285577,1.7087695272435536e-05,0.05116818686239894,0.014892343012626487,0.03157812022138842
453,1,0.026039612851213312,0.0037730717513791943,0.021385309905423505,0.011277910060237518,0.016234845783316236,0.03608638025347261
453,2,0.02939166852627883,0.004066904299884189,0.017653019675172497,0.010598196848136036,-0.02997672261085236,0.007409867351963201
453,3,0.0196455624019179,0.018794361267583652,0.007915933784210216,0.03327266662116032,0.016935125050432834,-0.002641568357732889
453,4,0.0049558680932001616,0.001932507424191423,0.011283785832091475,0.012176453643535723,0.00793387364962014,0.003718279734629038
453,5,0.014884939319145613,0.017849163186850522,0.007747030875458217,0.0029423427409095253,0.012326111272235582,0.0006752984057341653
453,6,0.021913448057743038,0.011290616997146478,0.03231427177120028,0.007167392651467481,0.013747331163252097,0.0021369912951815936
453,7,0.010798582802359858,0.026992067160383184,0.023185209202726122,0.033088201389026385,0.02904715966535689,-0.010724795232046997
453,8,0.03644419785274897,0.03817604718442422,-0.001466776920654954,0.04541962620307253,0.014073164469305025,-0.0039879507896341876
453,9,0.02738176404428995,0.0015868067689973416,0.014250071461050125,0.012127644706852092,0.027007706857186974,0.034745664991141116
453,10,0.015684721497668825,0.06137860319631465,0.011159061928310577,0.013357731122414512,0.016418015214592633,0.03479330705574144
454,1,0.01453166982014326,0.03818027395324568,0.02396241971893175,-0.0029670088832253272,0.01887638098027123,0.01368989358042921
454,2,0.029134460809529535,0.03867834759986826,0.044907907007403165,0.0241217153960666,0.022718743192992913,0.045943188113392985
454,3,0.027286096178203725,0.016281106134926594,0.008514164889199961,0.030181674049810547,0.03851449770751535,0.030167652787328626
454,4,0.03545061075547538,0.04560532357867613,0.011343523961416581,0.02547483191333804,0.00525432523795459,0.011951603131437987
454,5,0.01728732312064168,0.014790620641783582,0.019562992020742055,0.011509200133392362,0.026542466398289173,0.037884626200612885
454,6,0.03253052509066217,0.023279213110722934,0.005821309615846553,0.0123544703023608,0.023623429311784058,0.024547965146040636
454,7,0.0397250732374332,0.02742877589593527,0.015180859149292692,0.02297188161762614,0.03135294310644055,0.03544526076561412
454,8,0.03858326573145373,0.04897607455312242,0.03598999868690411,0.025834819089141595,0.007538363323175148,0.023087947133934868
454,9,-0.0013872767042413792,0.010355476748717576,0.03262648421775396,0.048614746936895575,-0.00079635629641149,0.027998338729163092
454,10,0.006106449778611674,0.024708171904250818,0.02297299014496696,-0.015895809472460193,0.010648288387481568,0.024313082758903988
455,1,0.014781481518483068,0.020467515085940434,0.021905491024086832,-0.0020752288348026985,-0.025667035081615587,-0.02216952324281002
455,2,0.031184135675199842,0.006117545453180937,0.019173703708443617,0.015915613234465477,-9.675413167910644e-05,0.013068601708227158
455,3,0.053963065989627246,0.02082397469631139,-0.001971032421545224,0.02962866915515497,0.05691077741756251,0.025743322624120258
455,4,0.0416590915832427,0.010153944947010175,0.019112240911745182,0.02361280715151876,0.007746936398088425,0.017592277562401726
455,5,-0.020833776277927415,0.007568944885023032,-0.016261838105908366,-0.007169664315123702,0.024164998078652588,0.013260601195713971
455,6,0.01626804615133847,0.018300528396319616,0.005034494004434177,0.0016852337231969784,-0.004514439494802062,-0.017013354388561004
455,7,0.03239358971517733,0.034697672066752956,0.020774209988866237,0.02727910244640345,0.011015077758004407,0.005882986950700829
455,8,0.015205062661872168,0.018906973711225128,0.0029002998977509893,-0.012808621356890463,0.023305450769716178,0.01763688325439172
455,9,0.008815426810875476,0.014891976063823906,-0.00836006667776657,-0.006919261519616557,0.01009040770524349,0.0034818169516236896
455,10,0.018904137275805963,0.019184750751462278,0.026205522713832245,-0.005845484680913927,0.010243215366863513,-0.007366263444156054
456,1,0.004579988598581782,0.02967450394347297,0.0139833825964056,-0.01858447366361193,0.0019739997918642774,0.012437175615832378
456,2,0.013555069671984435,0.029868952256880653,0.010669609374815744,0.021408794120304074,0.004290103806355131,-0.025460344603075016
456,3,0.03364845025762279,0.022631718984620262,0.018343350078516434,0.005802660405976295,-0.00019740636382916787,-0.005636274796028239
456,4,0.018869175816342953,0.02377190343513743,0.03573324265319682,0.008070272322100284,0.01807767364046303,0.02064318766769631
456,5,0.02532271979989566,0.017839003323277928,0.013777418266193124,-0.005990411503254117,0.021477594438300357,0.0013795657158806494
456,6,0.033143030151945634,-0.003305604802440057,0.02150000869067926,-0.004262933009136062,0.029551542009317016,0.0025510889525751715
456,7,-0.011815569559936881,0.032396652560195895,-0.015134553206069538,0.03489283072165144,0.03566033524332735,0.00019330548232801456
456,8,0.005614856769121862,-0.003592783461511329,0.003397843374217497,0.03872975973350098,0.001976487343899789,0.025544120778992003
456,9,0.021616073667766255,0.010920231921000716,0.022272950959408993,-0.012079243023652089,0.004125385942043026,0.009461029325096208
456,10,0.01613326111559898,0.020902805293794315,-0.008387825470572503,0.0058671666514558945,0.03485926293430785,0.028958512377083367
457,1,0.012415903946179635,-0.0011237538529145592,0.03446113765087604,0.009713991980086089,0.04206691405580541,-0.0010401635356035177
457,2,0.036881450624578115,0.019595990247616688,0.04432042211243507,0.04157273757987827,0.04349449599590841,0.02451448469091154
457,3,0.04765338301294569,0.015346636906448222,0.047084012844347746,0.010747877330364475,0.03775604727934904,0.0038022110835804214
457,4,0.04108865663353207,0.026924510786691003,0.008885247328888108,0.033018966253000284,0.03579236376117991,0.014150684555318501
457,5,0.035993289945985864,0.02886719073827824,0.02721012507313883,0.025899206542437308,0.0030344109444007013,0.03183008392025645
457,6,0.02792905014475524,0.025666376774524286,0.0559350617230917,0.030679624359188695,0.014831462962688726,0.018522028773902407
457,7,0.04893845363038416,0.025256049368911442,0.038874843041567624,0.01575630039765681,-0.008024097430835788,0.023934611435160232
457,8,0.04786089200187436,0.03333936692637614,0.05162290687167937,0.01692678791938999,0.0185205315520276,0.011134976260270397
457,9,0.017753880881264315,0.009745076375705108,0.019981618561085875,0.01941040902755987,0.028442573534977,0.0015045087089976647
457,10,0.04409738744655947,0.03493491319438358,0.008078399482515139,0.01454335444051811,0.02897308492995564,0.002954568588926929
458,1,0.026402014307924184,0.02549550945183482,0.02901794602989678,0.035725696114001455,0.03290891279773824,0.007346975521674454
458,2,0.006143745906034876,0.008190964336857735,0.02530144140504634,0.018827227620523926,0.014334998507415708,0.023634000948809533
458,3,0.0074831183114693126,0.008864990571949512,0.03300300595319962,0.024064002275531796,0.01920354485099877,0.041891136598039294
458,4,0.008140237978166319,-0.0010702400155963574,0.01131244063807289,0.003028279090853004,0.015444137778962884,0.03262497978741969
458,5,0.0011472681481909707,0.024975805873701403,0.00511314401972653,-0.004983340631915802,0.01427986654193667,-0.004043062806321165
458,6,0.011792177021957631,0.00995513699986087,0.0003551726214710216,-0.018000550737802247,0.016374408200685614,0.01171658241064573
458,7,0.0015904016458055583,0.009673311713821764,0.0035853401497239934,0.025809239376185473,0.03520088477746349,0.03219709704168925
458,8,0.0007195537188540334,0.01376521212041774,0.019778206993052633,0.034931269932786696,0.0178983986810369,0.012442893322724295
458,9,-0.02460325476652134,0.02785428486971675,0.00042880450067808544,0.02928456946587965,0.01220020545769126,0.023025493933345225
458,10,-0.005436238907537858,-0.003318668773487941,0.02661683377638538,0.008906922423460716,0.01856206652865258,0.03981188259616497
459,1,-1.4837923420518197e-05,0.030104391197081356,0.00983690536510387,0.021259257195133954,0.010477799025634482,0.023494132359273393
459,2,0.004047562824827281,0.003805411941124108,0.02530056551896848,0.014487289378041699,0.013500707827709606,0.02479823641542465
459,3,0.015904537871484756,-0.007287441903353595,-0.006327372678438813,0.01678773460279397,0.01579673133798188,0.00505880768227189
459,4,0.027317827137230202,0.01280183021715168,0.027125365654935535,-0.0046483037877131685,0.04215201789956911,0.010519427532932307
459,5,0.03072440144168335,0.012238341270640525,0.039557733026064475,0.03776309154080684,0.028012263383596706,0.004498115904650435
459,6,0.04042805997429024,0.010172215105153296,0.00894636328661027,0.01640311892429094,0.03426772397002641,0.023745495435305405
459,7,0.012759866942829401,0.021383712693407275,0.006392361572938946,0.017979951373518453,0.022437985748472698,-0.003766811207787871
459,8,0.02217730221428031,0.03283489715043519,0.03363522530234226,0.019663752199636186,0.018952092091957837,0.0296135026043286
459,9,0.0016721783795811981,0.008846458400071786,-0.00630941808626268,0.04096736407880365,0.02560244511853226,0.0014011159200730792
459,10,0.011606905008891735,0.010297870190002426,0.023153207437862307,0.006972308038655258,-0.006782599218908045,0.024471739819098042
460,1,0.01973629525845454,0.01760697934658671,0.016763055137387267,0.033150580406099237,0.006232440145485833,0.005958169102078935
460,2,-0.002978973425536347,0.008214138585848279,0.013986856101700536,0.031555616306937914,0.033516368821890255,0.02901648133696399
460,3,0.002384806797171228,0.015505686314202204,0.034510753601989796,-0.0038054783055295415,0.025359645327373236,0.025031258249684375
460,4,0.01909347665461323,0.032738850762952784,0.0354197020791548,0.011671844178501999,-0.016553440309954082,0.002979855094530159
460,5,0.02736870752720361,0.0002795244434715576,0.011108278928307796,0.011078979789824264,0.014766237263714038,0.021106209095681637
460,6,-0.004238242512918859,0.036768117439611704,0.029644576298954763,0.02370869257830466,-0.006664192928987519,0.025757709316244864
460,7,-0.002854157288750537,0.019186411332121085,0.018361496787855307,0.036489748186265956,0.052158727884636664,0.03396177178376859
460,8,-0.008726397644792848,0.03758691900495442,0.016720830385963968,0.006183143155145782,0.009793317696656608,0.0163367817366517
460,9,0.013714299549154487,0.023204815333871486,0.019732844772191043,0.010559639809038728,0.027655767751304693,0.013985001444293134
460,10,-0.00896581718041496,0.004016810489935025,0.017956579234035135,0.03159181034000078,-0.012997753250519724,-0.02159713908164496
