image,R_z_mean,R_z_std,R_z_skew,R_z_kurtosis,G_z_mean,G_z_std,G_z_skew,G_z_kurtosis,B_z_mean,B_z_std,B_z_skew,B_z_kurtosis,severity_mean,severity_median,severity,severity_group,split
1,0.2110384434130734,1.1135137334964385,0.150698235112042,0.7395521352886476,0.2492437454651941,1.0711340550322035,0.0626673318673965,1.4780549967002736,0.2056085724352347,1.1262071538140708,0.3222593107059078,1.755400946632153,1.1036183141142375,1.1135137334964385,1.1135137334964385,High,train
2,0.1205567631800016,0.8724377105932243,0.0837806574255447,2.645765136963722,0.1221466995712619,0.8733420518593643,0.2864376930583203,4.716563842407209,0.1345544265984695,0.8659300945228439,0.3507921353690011,4.881276366285302,0.8705699523251441,0.8724377105932243,0.8724377105932243,Medium,train
4,-0.0555598824242398,0.471737131087787,1.2617302281919958,20.55837599032032,-0.0550963926442217,0.4805777506635936,1.970702742882209,39.46263936264268,-0.113403702587098,0.467075480123657,2.6763407005497104,58.63689231639067,0.4731301206250125,0.471737131087787,0.471737131087787,Low,train
5,0.0709666335946915,0.535408748953347,0.3145569570480558,4.390397798453554,0.0111056574520449,0.5231371923673289,1.147140835076376,20.5435615601796,-0.1181068706453529,0.5116566390986166,1.588748006032079,31.045260219039328,0.5234008601397642,0.5231371923673289,0.5231371923673289,Low,train
6,0.2762182715653561,1.219643037917811,0.2626899872628022,0.7721181730356479,0.2515563097212558,1.1946597749861965,0.2815525062140213,0.9897051495677922,-0.2205127151478063,1.1744036297370517,0.6035507931247651,2.429406479494157,1.196235480880353,1.1946597749861965,1.1946597749861965,High,train
7,0.108686991288599,0.9655558135367006,0.0336630548931379,3.1757139388365774,0.1095347753713939,0.976879709800326,0.1671832438651944,4.94108448292933,0.0981892001167187,0.969696145888771,0.2294190733159269,5.806427670454818,0.9707105564085992,0.969696145888771,0.969696145888771,Medium,train
8,0.0947650523355066,0.8574909678694085,0.3011083822122615,1.222264676390127,0.0977935316465014,0.8793171077611397,0.3672401893378661,1.7759001203780178,0.1524318598085108,0.8846750213650435,0.4040706015837421,2.2417852460786545,0.8738276989985305,0.8793171077611397,0.8793171077611397,Medium,train
9,0.2431305869065638,1.0841185174832664,0.0627049246262923,1.3802980634286843,-0.2231341205797026,1.0818569111408205,-0.1549502776147852,1.453043635813512,0.1472264340800637,1.100520682944591,-0.3973070997954877,2.4761479244985187,1.0888320371895592,1.0841185174832664,1.0841185174832664,High,train
10,0.2227467072561131,1.2255835344965265,0.4235871119770087,1.441599212004105,-0.2413080685786937,1.1738716879172628,0.4687870531003763,1.9047246127178497,-0.1728728295608041,1.159006578256553,0.7335838268718812,3.3631259447229755,1.1861539335567808,1.1738716879172628,1.1738716879172628,High,train
11,-0.2364681942653422,1.061975610094688,0.5527006235450109,2.75212034553131,-0.1760569008202129,1.0838445084069832,0.5210843272859516,2.8240532337684776,-0.1299279669656263,1.04943919915011,0.7900503830720077,5.619159596189181,1.0650864392172603,1.061975610094688,1.061975610094688,High,train
12,0.0920675284595201,0.8166818912627493,0.4890809142298678,5.628512786968104,-0.1025801282978931,0.8330142940783323,0.7574816237105044,9.043820149285754,0.0599613894624524,0.8026545594202869,1.0731820608614957,14.766382989227813,0.8174502482537895,0.8166818912627493,0.8166818912627493,Medium,train
13,-0.0181676406424214,0.7473949323667922,2.4680503369565416,41.22908168228236,-0.2213998306525758,0.7432234920953111,2.9193221386942727,51.96984426672845,-0.0085183919087545,0.7354836132530425,3.0599622199896355,55.460029944077526,0.7420340125717152,0.7432234920953111,0.7432234920953111,Medium,train
14,-0.1959613472576627,1.1415513659694982,0.7155853584476723,2.397874034275011,0.3770967136889032,1.167439916272368,0.8229437427950946,4.506838187897825,-0.1138009287770468,1.085815416667603,1.2187057788703028,7.604505455585711,1.131602232969823,1.1415513659694982,1.1415513659694982,High,train
15,-0.1138593913253681,0.8541837309472117,1.1558435117266423,12.654556297146456,0.1514861681197196,0.8903926663642866,0.9994815105753804,11.344955741861773,-0.1357155888790323,0.8649571204052556,1.2665563943749978,13.290166785489994,0.8698445059055846,0.8649571204052556,0.8649571204052556,Medium,train
16,-0.1790151242350071,1.240633560271749,-0.1224137673549982,-0.0229836833935652,-0.1452042535937571,1.2490527927121844,-0.0477824842884764,-0.0249056598232133,-0.2040830162072093,1.235008591470041,0.0536785736848629,-0.0724788080999903,1.241564981484658,1.240633560271749,1.240633560271749,High,train
17,-0.1132500313088367,0.8368970857771794,0.1168139804780336,2.1132156912910176,-0.0862917360040532,0.8390743571501175,0.1156308647760153,2.7949144349892574,-0.0831977248795694,0.8430095951987129,0.283856438628336,4.480372395615852,0.8396603460420032,0.8390743571501175,0.8390743571501175,Medium,train
18,-0.1342410391999959,1.213337794055492,0.2677956993073581,0.6409066671258397,0.3173221012861689,1.1922010992267698,0.3279591000557211,1.4190344007158415,0.3386498124465612,1.214148883411866,0.4210050082865462,1.4444756015050515,1.206562592231376,1.213337794055492,1.213337794055492,High,train
20,0.1435481766253118,0.7681281221950583,0.3751868138380692,5.834828708340311,0.1198260838059742,0.7776645287349571,0.4323142739379716,6.785179924825714,0.1025345945073088,0.7657688792076879,0.5634764447297208,9.302462012003984,0.770520510045901,0.7681281221950583,0.7681281221950583,Medium,train
21,-0.1572648103801204,1.043959870845047,0.8741685063440132,6.447088083736714,0.322790707247045,1.106304356876785,0.5838328390393601,4.417688868086652,-0.2257367134631206,1.019678869335029,1.0255456393973774,9.430042515038895,1.0566476990189535,1.043959870845047,1.043959870845047,High,train
22,-0.1425582350352491,0.7632083179328683,1.0806354470300634,13.646217301770276,-0.1379511496423044,0.7555914868778114,1.360810873765638,19.76231096619543,-0.1265827396428819,0.7776844565456991,1.2672844517823585,16.36560168324692,0.7654947537854596,0.7632083179328683,0.7632083179328683,Medium,train
24,0.1967742455429131,1.2171950449988873,0.0442637892889778,0.7731748765629756,-0.1937235790438319,1.2146934398443432,0.0695211338541305,1.368265073241135,0.2927262407642503,1.2186152878869927,0.2904952552828596,1.467622930462067,1.2168345909100744,1.2171950449988873,1.2171950449988873,High,train
25,0.0805902687970033,0.9375029722472852,0.0045853167691482,2.179661839150872,0.1201434260565429,0.9421873088730311,0.0976796775655482,2.907780421005831,-0.0975044876405924,0.9397146638406906,0.1960584285815479,2.756563825313557,0.9398016483203356,0.9397146638406906,0.9397146638406906,Medium,train
26,0.112965900756392,0.8499251462429648,-0.0630586860507203,0.2103734021563137,-0.1066772803682959,0.8547462103069285,-0.0209236676326175,0.3918700042582896,0.0951038689189118,0.8361371198777363,0.2346787049364469,1.550017258099362,0.84693615880921,0.8499251462429648,0.8499251462429648,Medium,train
27,-0.1853432163075897,0.9078644367263634,0.6561299623449901,4.987038998031112,0.0885572241829796,0.912027635028668,0.9079371249636972,9.557038158552649,-0.175086460362725,0.8890916763560447,1.2575444646295229,12.540233049782112,0.902994582703692,0.9078644367263634,0.9078644367263634,Medium,train
28,-0.0571685797823132,0.4742839165599703,3.838002658609466,88.78253375091718,-0.0770410340049853,0.4742470820773592,4.562629273009621,113.41872240868302,0.0181094045882002,0.497582858949173,4.901071521101651,123.42392431774402,0.4820379525288342,0.4742839165599703,0.4742839165599703,Low,train
29,0.3206727160551882,1.1638577870971565,0.8591284752298315,4.785523352925279,0.2670836673634961,1.1040429170560146,1.0920490941743588,8.334179635745757,0.3396504726419994,1.13558385827009,1.1174701424577298,7.614507952158721,1.134494854141087,1.13558385827009,1.13558385827009,High,train
30,0.0955163151406026,0.7908523023126072,-0.7970768215747991,0.0518427362357454,0.0616285481692995,0.8003541425691472,-0.719040560467581,-0.1271207943054415,0.2201424362076942,0.7921288291691372,-0.5671105448263618,-0.333224177617208,0.7944450913502972,0.7921288291691372,0.7921288291691372,Medium,train
31,0.113398011969404,0.9341179382804524,0.2414008143613699,1.0866627220362357,0.098922962374761,0.952163584660524,0.2070241857406261,0.9902410911960744,0.1244423990742337,0.9250427188381688,0.5719780036003511,4.4976723860175065,0.9371080805930484,0.9341179382804524,0.9341179382804524,Medium,train
32,0.1224217088844112,0.8599499103779575,0.4274020077371341,3.652762164083884,-0.1497841314374456,0.8772104178438019,0.4298612140498179,3.626495091771683,-0.1494715239742939,0.8571084375622307,0.6222314540179139,5.665752119717748,0.86475625526133,0.8599499103779575,0.8599499103779575,Medium,train
33,0.3813410786299881,1.260283240965954,0.5905481739334362,3.0903533717822764,0.3395217488474419,1.228323136990939,0.7037334036025317,4.8291890528494825,0.3581097135844772,1.246939019979685,0.7236295014069299,4.264913499905833,1.2451817993121927,1.246939019979685,1.246939019979685,High,train
34,0.2543944722613928,1.142152303179467,0.6627246704708356,2.877428619907908,-0.2306759136740185,1.0926202703257577,0.93980040677068,5.185664361229017,0.2538052716267122,1.1420454716794235,0.7103415826619667,3.1589381004473465,1.1256060150615494,1.1420454716794235,1.1420454716794235,High,train
36,0.1267885139386361,1.2315807374614651,-0.2644955452438269,0.5199516832105577,0.1380037908435896,1.2312728574245029,-0.1969402287267927,0.4580072229437233,-0.138107976914635,1.253450685186184,-0.1007325180921302,0.3423690925209364,1.238768093357384,1.2315807374614651,1.2315807374614651,High,train
37,0.0924774005379759,0.8723210703148772,0.1426120442693982,1.1806798257514073,-0.1027874561864582,0.8927374439467008,0.1654232462783864,1.4425188247777347,0.1018238303947715,0.8724590208763536,0.1672388421474948,1.8383823187374928,0.8791725117126439,0.8724590208763536,0.8724590208763536,Medium,train
38,-0.0748733809331922,0.4926031673789838,2.4485731879922854,49.409023052873145,-0.0352097943527305,0.4933853413401734,2.592839596169829,55.16330990031589,-0.0826364924993307,0.5120122485972726,2.883102344289445,59.85169656687556,0.4993335857721432,0.4933853413401734,0.4933853413401734,Low,train
39,0.2169355935857057,1.0633759046513638,0.1050512380054563,0.1339533701245665,-0.2143999065538691,1.0566095805041311,0.192465451854028,0.3314156185783736,-0.2047213621483352,1.0727546872708962,0.2490494864337022,0.5123543249551354,1.0642467241421305,1.0633759046513638,1.0633759046513638,High,train
40,0.2269951903232528,1.1301474947274035,0.378966774149625,2.8877736052990635,-0.14217514115653,1.0772061095168333,0.4759248385569365,3.829950268643072,-0.1593615331025324,1.0810990786993138,0.5567869792419432,4.564527271095978,1.0961508943145168,1.0810990786993138,1.0810990786993138,High,train
41,-0.1591384411730199,0.9047260248152852,0.524913997335083,5.225038497735236,0.0561502473519095,0.9298247753279087,0.551587104420338,5.994191811332275,0.1051785532503138,0.9014355731979428,0.5735794069694164,6.680752120473816,0.9119954577803788,0.9047260248152852,0.9047260248152852,Medium,train
42,-0.1447555630161411,1.1306222303883908,0.195889126869194,0.5566772710168708,0.1857953242013569,1.1416232207613346,0.2406404851132211,1.3080954967273015,-0.1169698065688763,1.1118350512863344,0.4716098823338584,2.4628894590993475,1.1280268341453532,1.1306222303883908,1.1306222303883908,High,train
43,-0.1871425788140695,1.229648273286486,-0.0261115323814858,0.3401229491939537,-0.1602980070121831,1.2327116704926273,0.0586272387192888,0.545856630640599,0.1277705679105078,1.225081098697343,0.0879414629116094,0.4788057006067303,1.2291470141588188,1.229648273286486,1.229648273286486,High,train
45,0.1048831466553056,0.7683589385328544,0.163827816014825,2.241730105190106,-0.0883547438189392,0.7583305732078472,0.5452732588158614,7.19790804598194,0.1281368342856088,0.7666932740152291,0.4632929908036157,5.804796699870328,0.7644609285853102,0.7666932740152291,0.7666932740152291,Medium,train
47,0.0237522971624046,0.4834380375812671,1.0588933692884943,17.850179813561258,0.0466382071501461,0.49442387770529,1.1451018878877948,20.70707149189204,-0.0785996630767777,0.4906632677805814,1.97339077238552,41.030421916940575,0.4895083943557128,0.4906632677805814,0.4906632677805814,Low,train
48,-0.1707155539542952,1.1938467045316783,0.5479391453269488,1.653586713373758,0.3005923992365382,1.2106759809004162,0.667462358025556,2.603358004467273,0.2461955175740084,1.2111321770418864,0.7174823392223801,2.734821606678689,1.2052182874913269,1.2106759809004162,1.2106759809004162,High,train
49,-0.1629894642025623,1.1429067364241876,-0.2471160082726238,0.6143024142482894,0.1698869925275248,1.1200606446923027,-0.2393022797645495,0.7827266927650891,0.1568198658790021,1.1339737147632225,-0.2123216358179453,0.7766493348182366,1.132313698626571,1.1339737147632225,1.1339737147632225,High,train
50,0.0949882966709784,0.9236726877851004,0.6052860173416,4.670496460401351,0.1019884475016389,0.9455600872873348,0.5877815390470659,4.794856015997581,-0.1842029884767794,0.9099056817624104,0.9658571254657408,8.843023173688916,0.9263794856116152,0.9236726877851004,0.9236726877851004,Medium,train
51,-0.1880908707654471,0.6004837934417665,2.236673944371164,36.71955688795017,-0.1929430081863856,0.6279767433079326,1.7697199764309184,27.14044077551693,-0.2628059101709116,0.5938850076158196,3.420095628496871,65.45121469866842,0.6074485147885063,0.6004837934417665,0.6004837934417665,Low,train
52,-0.1814825386272364,1.2535943046751092,0.3576569972718428,0.6290311160022557,0.2589306975500122,1.2450323477857703,0.2617017683337566,0.7513442529569976,0.3137195764922785,1.275569720747004,0.4724690287134804,1.4951219331921075,1.2580654577359611,1.2535943046751092,1.2535943046751092,High,train
53,0.1894012221005204,1.1773278936725695,0.0909352207831534,0.4354281683497851,-0.1422119940235623,1.1599366747696136,0.2293718020197353,0.8444264340033727,0.1680846694641274,1.1752780911248304,0.245518275524927,0.8098788469295748,1.1708475531890046,1.1752780911248304,1.1752780911248304,High,train
54,0.0149061586630323,0.5855472973954647,1.028661039096981,17.825984001700743,-0.0834437289023206,0.6042873300681462,1.1794173362827185,20.14217344707702,0.0020867832507386,0.5900214479139739,1.1227601835632468,18.642681407601263,0.593285358459195,0.5900214479139739,0.5900214479139739,Low,train
55,0.1749112426448413,1.0722110850416735,0.2840702686032928,2.280938927082904,-0.2628285821678632,1.0379588008137726,0.3910362661055824,3.3563924100244016,-0.244836071562935,1.0111361783541095,0.6490975998763637,6.226685632987941,1.0404353547365186,1.0379588008137726,1.0379588008137726,High,train
57,0.2358570857686503,1.2484028784315546,0.518904684664165,1.9952275947970648,-0.1296964853856835,1.1975968940511177,0.7222287283748002,3.7213953560194257,-0.1568419438314556,1.208139322615564,0.7291361144727648,2.9278962425428228,1.218046365032745,1.208139322615564,1.208139322615564,High,train
58,0.2502428222693397,1.2349097985191304,0.2388012460623637,1.5220015020925564,0.2578134337419991,1.2303075696678265,0.3502284397520793,2.253027207155016,0.2810143262015779,1.2370021918661565,0.3501519969088616,1.703598682897722,1.2340731866843713,1.2349097985191304,1.2349097985191304,High,train
59,-0.087592432836987,0.4953289563579425,1.1404627533780205,17.320523777318538,-0.0862195144021323,0.5107143526397243,1.07991804014869,18.82566078552389,-0.0476421347604567,0.5153886143893142,2.960386458060756,61.65343055736247,0.507143974462327,0.5107143526397243,0.5107143526397243,Low,train
60,-0.0056554104797424,0.5744961451985298,0.9858989689253486,16.050068728041236,0.0209657339038022,0.5914814946320304,1.1117453836515552,20.175265982938107,-0.0900504399102407,0.5813411350261203,1.3495269355295267,23.780776641733564,0.5824395916188935,0.5813411350261203,0.5813411350261203,Low,train
62,-0.1714451151585549,1.238987850461135,-0.0748768163724535,0.6202635705388126,0.1363987146341896,1.2225559980675662,-0.1682619671903777,1.2266569692861946,0.1564655856357366,1.23633994945441,0.097074082660157,0.947089341675274,1.2326279326610372,1.23633994945441,1.23633994945441,High,train
63,0.1417415887271794,1.1737789906789533,-0.1079973727457909,2.574393537842118,-0.3011938548045325,1.1539694155387217,-0.0566514911937149,3.346724521734995,0.2031352802227073,1.1798200121289544,-0.0908173938158188,3.0353737423007887,1.16918947278221,1.1737789906789533,1.1737789906789533,High,train
64,-0.1078508313630886,0.9371091287196258,0.3199865960498812,2.466730806764536,-0.1125366037621109,0.9519094054498916,0.3278607798929155,3.2323267142552385,-0.0752481542156023,0.9327351011568888,0.4988639130389805,4.07439095775776,0.940584545108802,0.9371091287196258,0.9371091287196258,Medium,train
65,-0.1847055678474309,1.1445324766981575,0.4428535204552416,3.328622798054248,0.268256236412541,1.156909403025252,0.4266121389576843,4.853640941456218,-0.1956135895015209,1.128149407900933,0.4782121833820263,5.288356346289667,1.1431970958747808,1.1445324766981575,1.1445324766981575,High,train
66,-0.1330736930301101,0.8248476166275676,0.3680061268761249,3.2888915976741417,-0.1359902923345587,0.8314247073917739,0.4154197869591743,4.336491277660428,0.0866781074324503,0.8262537628303542,0.538842212758286,5.36082082877839,0.8275086956165653,0.8262537628303542,0.8262537628303542,Medium,train
67,-0.217334727930746,0.6107341415313532,3.3482693576393303,61.529179371525615,-0.0682358605899879,0.6406363604019379,3.2087625626172334,59.49825482925762,-0.2674731236808352,0.5854786196821663,5.718808829227501,126.15626477168178,0.6122830405384857,0.6107341415313532,0.6107341415313532,Low,train
68,-0.1965294146014678,1.0620458130138792,1.245058518676071,6.949315558647264,-0.2415675016184005,1.0849409652605524,1.230038068883693,7.649032618500257,-0.1009337505431056,0.997490943133228,1.8357009074614528,15.583727184574132,1.04815924046922,1.0620458130138792,1.0620458130138792,High,train
69,0.1578733680496019,1.2542040583543828,0.0361426160147008,1.1872346615024183,0.2134728097119263,1.2318486928013583,0.0088980542678063,1.3670650918346707,-0.1706857039754624,1.24108525592909,0.1283168626798456,2.0075878168409425,1.2423793356949435,1.24108525592909,1.24108525592909,High,train
70,-0.0919073388776262,0.910258525453374,0.0245876900117776,0.9312192736295444,0.1196393597651465,0.9142694104475144,0.0249750940398283,1.0802674072478888,-0.1177091117513866,0.9150506775674412,0.0124376199279038,0.7241812098236524,0.91319287115611,0.9142694104475144,0.9142694104475144,Medium,train
71,-0.1468541438500313,0.8472290912416631,0.8965960483211193,10.084037861311606,0.0804061895838451,0.8585697785309073,1.0081806840206191,12.896939108813894,0.046725513358384,0.8318436292619276,1.245422524422882,17.12577320821107,0.8458808330114994,0.8472290912416631,0.8472290912416631,Medium,train
72,0.2485971909089689,1.1539539820055549,0.501619759224244,2.959731848860807,-0.2000080593406788,1.1470071480249582,0.5735225367932958,3.14455111814398,-0.1357972122856687,1.1401458837105207,0.5656840083041131,3.0443330592490048,1.1470356712470111,1.1470071480249582,1.1470071480249582,High,train
73,0.0137030570114628,0.6201027273807035,0.9925026371064124,19.2632012536526,-0.0022458411264601,0.634103261141058,1.2270976926408823,24.738731354255805,0.0026237230519047,0.6169606712006681,1.189164331482689,22.41493249306569,0.6237222199074766,0.6201027273807035,0.6201027273807035,Low,train
74,-0.1776011380564804,1.2009906956685974,-0.0808714119320874,-0.3935823269768113,-0.1694405951553134,1.190443233685803,-0.0676521183386914,-0.4184244123504244,0.1099718925534298,1.1725350160119377,-0.1005382165916476,-0.4338474651728559,1.187989648455446,1.190443233685803,1.190443233685803,High,train
75,0.1781025231385828,1.1554826921162331,0.235896784740655,0.2511078755267224,0.2812503773561915,1.163695107725764,0.2972789766539004,0.4901649497912403,-0.1682597045284398,1.1602031487780902,0.3893176003079989,0.6180547605935729,1.1597936495400292,1.1602031487780902,1.1602031487780902,High,train
76,-0.1107727017364341,0.5929433086281547,2.8248297507760207,53.07430975944887,-0.2130452466397844,0.6114935963847532,3.226722203276007,63.89096544357784,-0.1090157767859633,0.583410814854973,4.711415265610251,104.34993945732352,0.5959492399559604,0.5929433086281547,0.5929433086281547,Low,train
78,0.0236446237016058,0.550457239401059,1.0750098886387986,15.453580194853746,0.0792266031440743,0.5660007135070242,1.058715228472937,15.99843089751812,-0.0447276552610139,0.5609834539588535,1.4907220657121187,24.76728614337693,0.5591471356223122,0.5609834539588535,0.5609834539588535,Low,train
80,-0.1725142706164394,1.102031239701893,0.9912732584678128,5.513017810104476,-0.2327169039201842,1.1689964716844954,0.7782348781306213,3.543388710199784,-0.125934701783584,1.0708181833343624,1.265753411324118,8.771600205931447,1.1139486315735836,1.102031239701893,1.102031239701893,High,train
81,0.1525134856489325,1.2280484087098706,0.0809520178249637,1.0745048621874114,0.2094934468824545,1.2245387891410482,0.012636992219232,1.4874609896720017,-0.2480127618047915,1.224621060466384,0.0466299480036218,1.7925955228862556,1.2257360861057676,1.224621060466384,1.224621060466384,High,train
82,-0.1805948469177923,1.086807354341765,0.1322695227255062,0.0062390711282271,0.1521775155550342,1.080945102699358,0.1470601919668165,0.0645925851431337,0.1592009679824978,1.081315066866462,0.1478129418818528,0.145772312861141,1.083022507969195,1.081315066866462,1.081315066866462,High,train
83,-0.0612862387952542,0.4921358703590843,1.685248907498225,32.69252912716047,0.0397802591338178,0.4865464431090073,1.7321192278619622,35.058169489588416,-0.0835307834504375,0.5097487033591823,1.9320189143065616,39.75001858249307,0.4961436722757579,0.4921358703590843,0.4921358703590843,Low,train
84,0.1897502872339012,1.1355299569821675,0.0355137861338109,0.4516178088774456,-0.179956852900346,1.1178951438793252,-0.0659557341011482,0.458983522671724,0.234354405351598,1.1634544495544328,0.1010062576926899,0.883230431566314,1.1389598501386418,1.1355299569821675,1.1355299569821675,High,train
85,0.2309203648514826,1.205135049282289,0.348398325738415,2.173934164751235,-0.1943116415146575,1.1705589017191624,0.4575828762073969,2.6395224362314105,0.2715302083885449,1.213440974660683,0.4149778999682431,2.061645455069129,1.1963783085540447,1.205135049282289,1.205135049282289,High,train
86,0.2272316558513681,1.188386974495638,0.2778676633464047,1.2988438797511366,-0.1710360930318453,1.1598923012768212,0.3377208396033642,1.954269432643887,0.3171833680661332,1.18635117458766,0.45918619664925,3.113765796191495,1.1782101501200395,1.18635117458766,1.18635117458766,High,train
87,-0.0981969650552312,0.9582680242064202,0.0156467819957832,0.4553839971063085,0.0927214647886677,0.9579490488383416,0.1516505396453756,1.2321601218136644,-0.1510467306303147,0.936054292162854,0.4251211406050477,3.0698877016100106,0.950757121735872,0.9579490488383416,0.9579490488383416,Medium,train
88,-0.198237650662516,1.1039240401494297,0.1291931345686756,0.730815423974823,0.2507486494346657,1.0694911484695078,0.0478368052826906,1.9134536308057664,-0.1415686816984478,1.0834695886825372,0.4072394543020495,1.941142306131037,1.0856282591004918,1.0834695886825372,1.0834695886825372,High,train
89,0.1136322612911731,0.8113882237170293,1.0432504848691722,16.527556214122914,0.0790840493811052,0.8188240693504951,1.118608633477527,18.66794484571877,0.0723144568322155,0.8233645549730535,1.144997608028273,19.58885957210085,0.8178589493468594,0.8188240693504951,0.8188240693504951,Medium,train
91,-0.2242004702788656,1.187512959802359,0.0616361317271374,0.8255665105717065,-0.2231150223943978,1.1847067557580924,0.0046434047882097,1.0663910713603082,-0.2046960609609915,1.220229366624363,-0.0362652088443702,1.7096908535407565,1.1974830273949382,1.187512959802359,1.187512959802359,High,train
92,0.0804568446369516,0.8623060708671223,0.5289910477284155,4.319908432711023,-0.1174009983389478,0.8533095673524976,0.7202294234420026,7.220283031074217,-0.1427722076863788,0.852640260119875,0.8760802885479727,8.847497976334669,0.8560852994464984,0.8533095673524976,0.8533095673524976,Medium,train
93,-0.2169649547405454,1.1951535949495589,-0.3736227040976372,-0.01530729801545,0.1464455869932352,1.1717025774526544,-0.31509670943683,-0.1071246072245761,-0.1534135624192006,1.1954952569314894,-0.1560709810473687,-0.223371233615691,1.1874504764445677,1.1951535949495589,1.1951535949495589,High,train
94,-0.1880746444177224,1.1884839542432022,0.1019576909540322,0.6552270801595701,-0.2489260463865852,1.18625777311656,0.1923489211341231,1.093401832494214,-0.1446204622975125,1.1771799288009588,0.2573526768795697,1.0556020335334717,1.1839738853869068,1.18625777311656,1.18625777311656,High,train
95,-0.0659292640228976,0.5318555263834059,4.100929864254868,89.90596412001167,-0.2490437264286709,0.5413870608467208,5.035445968010633,117.92819939714856,-0.2403326820141646,0.5398800617720868,6.024873992093975,144.447006493545,0.5377075496674045,0.5398800617720868,0.5398800617720868,Low,train
96,-0.0749036240196083,0.9705898097369612,0.0572581039807378,-0.1437692007275846,-0.0797762429056868,0.9728393910331264,0.0814705717928622,-0.1104268846750389,0.0873252048105539,0.9548694276195954,0.0743970013570378,-0.1013566508712187,0.966099542796561,0.9705898097369612,0.9705898097369612,Medium,train
97,0.1627524354898658,0.8517061813588189,-0.3982592828077269,-0.0753553755803442,-0.0213991743569695,0.8716061853707274,-0.2807997354284154,-0.0025712834787392,-0.0429560035211696,0.8754029893846345,-0.2223314127422004,-0.0716027746021064,0.8662384520380603,0.8716061853707274,0.8716061853707274,Medium,train
99,-0.1224732409102115,0.4264857603899512,7.379011371516959,208.83393096748588,-0.2148797788122607,0.439266287974998,10.690977687287551,340.8120999542802,-0.165949147073354,0.4409325390001244,9.561485817321126,283.1021190052397,0.4355615291216912,0.439266287974998,0.439266287974998,Low,train
100,0.1872280935267722,1.1130080569012148,0.2946138563397966,1.133899683924955,-0.1468819760711095,1.1049679376879251,0.3347367489469114,1.4848316457449746,-0.2287117560380732,1.0894076909171282,0.2944019594560329,1.185608353984124,1.1024612285020894,1.1049679376879251,1.1049679376879251,High,train
105,-0.080007066391298,0.8423618426493493,0.0796147279135781,0.3682496594515028,-0.1170543659888815,0.8508686567813574,0.1328670428928177,0.6302079841327703,-0.1015522654522848,0.8384010940671738,0.1830233648226424,0.8868698446576588,0.8438771978326268,0.8423618426493493,0.8423618426493493,Medium,train
106,-0.1742964048245171,0.4701433662840484,4.718749641938647,117.71892477546648,-0.0762746887003361,0.4768270015289073,6.245000302041648,171.58191076769626,-0.110238948551698,0.4709789209047453,5.47128949688129,141.38390287059545,0.4726497629059003,0.4709789209047453,0.4709789209047453,Low,train
107,-0.18538430824107,1.2071179764943356,0.3486711935527211,0.829482564247201,0.2244884546905755,1.2274056915267566,0.2162024923021425,0.7729693256461863,0.2404131111306659,1.2305732271819585,0.3622439649019807,1.3676789706846026,1.2216989650676835,1.2274056915267566,1.2274056915267566,High,train
108,0.1042748400641052,0.870681797326158,-0.0075998549187451,1.5722620368174276,0.1270361730344355,0.8673926594129586,0.1373309454208124,3.770845091257645,0.1178320121334449,0.8691264623766993,0.3040452113538353,3.1373466620125567,0.8690669730386054,0.8691264623766993,0.8691264623766993,Medium,train
109,0.0964651564433713,0.8748115262822712,-0.1071222558456555,0.5881265875996582,-0.0787874858794572,0.8920903656408872,-0.069671502473639,1.0797761919950206,0.1025239518137998,0.8687825102467674,0.088274861659649,1.3249290905538,0.8785614673899752,0.8748115262822712,0.8748115262822712,Medium,train
111,-0.1699823416338707,1.2069113562292155,0.3255598242022234,0.8085565641898138,0.1661315439583132,1.2195408901349245,0.3118259567162342,1.3186108081252828,0.2189905997967584,1.2197948729699004,0.5204461336731779,2.307799823500938,1.21541570644468,1.2195408901349245,1.2195408901349245,High,train
113,-0.0447774408757198,0.567883179995694,0.7280825291470227,8.866520557626464,-0.0316046190795164,0.5886364517170632,0.3243862457270617,3.612101857146601,-0.0943215521086012,0.5879714616850055,1.95279726164754,34.74525297205737,0.5814970311325877,0.5879714616850055,0.5879714616850055,Low,train
114,0.0664183250386832,0.4479605867645615,0.7232293928501003,12.01118515375445,-0.0008789827659025,0.453572878857604,1.062707404469413,21.60794710734399,-0.0408678890392209,0.4480927823173178,1.3033751249856582,26.14634241107374,0.4498754159798278,0.4480927823173178,0.4480927823173178,Low,train
115,-0.2140304232381292,0.8397226390195973,1.434044327674816,14.43239424015269,-0.2071887219593972,0.8739665868570535,1.536355989228241,16.619477479197837,-0.2486108593390465,0.7825955905517993,2.4815377792148205,33.80661634138525,0.8320949388094833,0.8397226390195973,0.8397226390195973,Medium,train
117,0.2363793954401124,1.1168087654388277,0.5028297829078652,3.173805063631052,0.3057069901669224,1.072874051175885,0.5878786884478059,4.988009015055146,0.3422465376407743,1.1042246393635586,0.9616650237816564,7.984806248383453,1.097969151992757,1.1042246393635586,1.1042246393635586,High,train
118,0.096645349268416,0.9073223691832908,0.1712937051176712,1.7839912820196595,-0.1019642099899556,0.9117208070131336,0.3845774170460079,4.386893728484381,0.0914037429192364,0.8962989622511522,0.5637195090761498,6.057561027984958,0.9051140461491922,0.9073223691832908,0.9073223691832908,Medium,train
119,-0.137864219469664,0.8422912535189447,0.99442020850595,10.922370288998176,-0.1621538736015564,0.8443678374798018,1.1078452343689515,13.238465331863916,-0.1735368336467332,0.8158326843115868,1.699731005060272,22.597689321836167,0.8341639251034444,0.8422912535189447,0.8422912535189447,Medium,train
120,-0.2185032713260375,1.1992172992664547,0.2286017309180477,0.7555424244523659,-0.1468076095471263,1.2011294021736103,0.2359048474789245,1.1852532229264563,0.189911492570361,1.2059983558564238,0.3409271001156915,1.3453464185481767,1.2021150190988297,1.2011294021736103,1.2011294021736103,High,train
122,0.0482649864265135,0.8313950688119487,0.976919497392353,10.608424858338196,0.1221199023360439,0.8116265328240008,1.264063969571397,16.20013316213655,-0.1554588624412195,0.8079224844888211,1.515008154145986,18.96509804583912,0.8169813620415902,0.8116265328240008,0.8116265328240008,Medium,train
123,-0.1083124718954619,0.9044599575446208,0.1658776413831368,0.932968648647551,0.1401934130640127,0.9063955814791226,0.1297750496981014,1.2043631316718342,0.0805478974353973,0.9072577912534596,0.2516087011195734,2.465701408423537,0.9060377767590676,0.9063955814791226,0.9063955814791226,Medium,train
124,-0.1639021397495116,0.8921657748958733,0.3490770482436121,1.641065374576848,0.0806051943656675,0.8971942404597181,0.3280507145042703,1.7417732028398136,-0.1901812446255836,0.9002411544930778,0.6154822963612278,4.149020716671169,0.8965337232828897,0.8971942404597181,0.8971942404597181,Medium,train
125,-0.098291223498493,0.8370610606984351,-0.1247797072408774,1.8434157494002088,0.1589222410706861,0.8323355679134303,-0.2652388194726093,2.249798527311116,-0.0939451944102396,0.8425270022659772,-0.250771412229773,1.3052891844044296,0.8373078769592809,0.8370610606984351,0.8370610606984351,Medium,train
126,-0.15074007583632,0.8976881260469044,0.6168746964839338,6.104824005697198,0.1354610571085807,0.9163210905350804,0.634578677494434,7.393490978906865,0.0921610781329949,0.9062449252178524,0.4130029037915498,4.357597376716467,0.9067513805999458,0.9062449252178524,0.9062449252178524,Medium,train
128,-0.1699572128436056,1.178468548423062,0.0047851558924057,0.9169903082213572,-0.1982648823788476,1.1799670649507843,0.0727226714240372,0.9190485947720544,-0.2042512995821199,1.1796017164127373,0.1483741769803774,1.111996622784995,1.1793457765955278,1.1796017164127373,1.1796017164127373,High,train
129,0.1899773013154715,1.1222877509151068,0.3136145827709579,1.6219311882949323,-0.2022722632610773,1.0904182684422603,0.4682445124688049,2.544806124985638,0.2103360648195125,1.1380284145555843,0.3988499213100396,1.736958516309409,1.116911477970984,1.1222877509151068,1.1222877509151068,High,train
130,-0.1991245662805656,1.1691307966285347,0.5386797859087964,1.608072094250363,0.2677003532528209,1.1660159907398493,0.5458988482722148,2.454649554802801,-0.1614759488605331,1.1384782543310763,0.6952957990198703,3.1813772883297613,1.15787501389982,1.1660159907398493,1.1660159907398493,High,train
131,-0.1910464005098134,1.114557572049773,0.1677688831798096,1.2175615414000989,-0.1830154534775264,1.1139413502656568,0.2030021955777275,1.777953545992908,0.1938230462431698,1.1273364381595754,0.329931728647957,2.7350427219314737,1.1186117868250016,1.114557572049773,1.114557572049773,High,train
133,0.1157509764484854,0.9028574206714018,1.0187947951540013,9.816413019887204,-0.1904613088751812,0.8848567890099763,1.410209661469085,15.356196547655903,-0.1620903130333592,0.8703136701264853,1.531999569726378,16.50088664643127,0.8860092932692879,0.8848567890099763,0.8848567890099763,Medium,train
134,-0.2063691182154333,1.1713397321438157,0.0847563111344515,0.6535656474454101,0.2555005092075411,1.1669377095736295,0.1384374141538758,0.9720410864534484,-0.1983674677333513,1.1537308768329708,0.2047607376907798,0.9763286275620916,1.1640027728501388,1.1669377095736295,1.1669377095736295,High,train
135,-0.1841944625751667,1.1530823102398569,-0.1901316433409257,0.1675861782854979,-0.1094590358158418,1.153126336000123,0.204789776378601,0.7670863239248145,-0.121474438791805,1.140808203579815,0.317154021938565,1.1832067147401617,1.1490056166065985,1.1530823102398569,1.1530823102398569,High,train
136,-0.1551360369066934,0.9100505635580984,0.4854512996943948,3.3556873975176043,-0.1528628601162539,0.9159610489773696,0.5312157329148522,4.155184306664272,0.0435657375359782,0.9064443829597604,0.6905385563801144,6.271959695069949,0.910818665165076,0.9100505635580984,0.9100505635580984,Medium,train
137,0.1562492701517047,1.2243096508590297,-0.0097615664661809,0.1542770771777419,-0.1724260056512248,1.228814996328909,-0.0029802024577467,0.186014739182216,-0.1717835777501931,1.2394765841947015,0.1175303766548744,0.219204215169217,1.2308670771275467,1.228814996328909,1.228814996328909,High,train
138,0.2566015576300573,1.127867272606929,0.481633171910367,2.096301087176151,-0.1459280741819232,1.115081736501348,0.4544289146342691,1.7995744803355072,0.2473148984834726,1.1304832078204428,0.5880924030893614,2.971900654916026,1.1244774056429063,1.127867272606929,1.127867272606929,High,train
139,-0.1507334456403798,1.0781293774855822,1.1643860525871952,7.997118892137088,0.2894473962534211,1.1208928098474036,1.1032115858349394,8.726028098031954,-0.0576496316142182,1.0460445705973902,1.4613526103204812,12.555186423296483,1.0816889193101251,1.0781293774855822,1.0781293774855822,High,train
141,-0.0775359535302631,0.9236295392928098,0.0184808476299384,-0.0080486861259303,0.1009038338471686,0.9327993503148796,0.0680862491728188,0.2107988041867683,0.1063932870523907,0.9114267513376546,0.1465027767146617,0.361724220973517,0.9226185469817813,0.9236295392928098,0.9236295392928098,Medium,train
142,-0.2022911539937193,1.1972456537349856,-0.0290711569662466,0.5314786676152692,-0.1611279919008301,1.2052516877723582,0.0113095173849515,0.8299569198331374,0.2217653371163498,1.1892722887618832,0.2633551731682297,1.284977880015994,1.1972565434230755,1.1972456537349856,1.1972456537349856,High,train
143,0.0867756725472194,0.7342269795676484,0.481017014098974,4.961577155369056,0.0835868290995938,0.7478093738885996,0.6916202336680412,8.301796939265701,0.0620723454186326,0.734708339088579,0.8800818101543394,11.327742300569245,0.7389148975149423,0.734708339088579,0.734708339088579,Medium,train
145,0.1004027976327362,0.7088599766245179,0.3938923290194411,5.848229869747557,-0.0750188465854951,0.7109622502721868,0.5276223660107459,9.447127935596434,0.0872449745053495,0.7015888491178279,0.9400943676429996,15.217465667730815,0.7071370253381776,0.7088599766245179,0.7088599766245179,Medium,train
146,0.0940854555178498,0.9449790615071056,-0.1245366992759158,0.9579136448291092,0.100233807707229,0.963428327596276,-0.1434235279067129,1.1275128826587792,0.1008545149908318,0.9446314335993348,0.1823514991846404,3.3910843351426667,0.9510129409009056,0.9449790615071056,0.9449790615071056,Medium,train
148,0.0670359697518803,0.8917063584030827,0.7697937934826254,6.545977247589448,0.114571208010435,0.91357106506865,0.7755731175757832,6.725953377657062,0.0880395452653765,0.8800678764737231,1.0617073454001595,10.737018128308051,0.8951150999818186,0.8917063584030827,0.8917063584030827,Medium,train
149,-0.1009993602859476,0.4590261272411902,2.858197382947913,59.96141830768354,-0.1134773915904214,0.4602984086763455,3.1619751610337605,70.18324983891107,-0.0781645862153781,0.4767268235747872,4.836108506861256,126.43073238057602,0.4653504531641076,0.4602984086763455,0.4602984086763455,Low,train
150,-0.198433495144737,1.1695487963362317,-0.2080743856349079,0.2065517656408535,0.2029383958494533,1.1254992323136073,-0.2355037263318948,0.257338945451067,0.1585075581825266,1.1536612292538662,-0.1196737875104825,0.1736161641245845,1.1495697526345685,1.1536612292538662,1.1536612292538662,High,train
151,-0.0228355226935638,0.4911948473868325,5.206062733315767,126.5630464335488,-0.0374612218609607,0.500010721805474,4.951939591751183,120.25333480003744,-0.0972820823617563,0.5084058851519413,4.090207750374427,88.7641242122629,0.4998704847814159,0.500010721805474,0.500010721805474,Low,train
153,-0.1509751397640336,0.8384285502012804,0.5883822917920933,6.077677388973104,-0.156564001893163,0.8534937138716855,0.7071285764592257,7.6430313904378515,-0.1102195818319309,0.8285435811750405,0.8499089667575177,9.808671245017862,0.8401552817493355,0.8384285502012804,0.8384285502012804,Medium,train
154,0.0847563534934556,1.1982917029304363,-0.2380444952649827,0.3048543618569592,0.1308049583533171,1.198542994603832,-0.1244928460029439,0.3431969470929377,0.1126700744835125,1.205779399705699,-0.0538936434066419,0.2092628485770742,1.2008713657466557,1.198542994603832,1.198542994603832,High,train
155,-0.1192460040041327,1.0246066748716398,1.4037733619989776,11.291520854446397,-0.171829855085297,1.0095617811224142,1.600582785056576,15.153322500118808,0.3954167533780668,1.1391587457735348,1.1012158254324496,7.926179039964618,1.0577757339225295,1.0246066748716398,1.0246066748716398,Medium,train
156,0.2990015511400498,1.2453809585712114,0.3815890631407576,0.9606169455789364,0.2620150471571889,1.2561663072599856,0.3953986499655257,1.1934786216799118,-0.1325551648755756,1.220865471854219,0.5953031830686252,1.5238392248907262,1.2408042458951387,1.2453809585712114,1.2453809585712114,High,train
157,0.1104877943455556,0.8299840439141601,0.2833956529927816,3.728501723147585,-0.0942302998919732,0.839268453815267,0.0706685759181209,3.485920220845773,-0.1185143357988816,0.8280192410559828,0.4643460356503317,4.689491104203662,0.8324239129284701,0.8299840439141601,0.8299840439141601,Medium,train
158,-0.1151521179109938,0.9136582965351906,0.6245190302144314,4.662947070176712,-0.1530999767267605,0.9437757719128814,0.4908889744214344,3.8090948810299112,-0.1270805630039296,0.9137432197311388,0.6705761517990353,6.267163712296158,0.9237257627264036,0.9137432197311388,0.9137432197311388,Medium,train
159,0.1021416727850841,0.9351015625068504,0.7110108911884891,7.860472187659045,0.1000326491319307,0.9512562218803048,0.686278342877201,7.25590673796794,-0.1375371358040291,0.9404761893460432,0.7551889105503551,6.626163763527888,0.9422779912443994,0.9404761893460432,0.9404761893460432,Medium,train
160,-0.1321276923514909,0.8227253488885368,0.250740649177401,1.6173480405934422,0.107726239594071,0.8169362328038237,0.1668943387606575,1.3710610655686253,0.1173470949556845,0.813519709984706,0.2362363416040273,2.1903750924275016,0.8177270972256888,0.8169362328038237,0.8169362328038237,Medium,train
162,-0.0696508888219583,0.9094057265483856,0.0124860160895526,0.2175338543845359,-0.1124877816575522,0.915964462996069,0.1616314173336498,0.8676583326415437,-0.0983143119197021,0.889746253973878,0.2540929686446491,1.632645723970212,0.9050388145061108,0.9094057265483856,0.9094057265483856,Medium,train
163,-0.1391658250203791,1.1116974104834705,-0.0479586953734321,0.22414458938167,-0.206667839122512,1.087732312924243,-0.1418601322273286,0.4481242383689743,0.212031243564268,1.1070479320465971,0.1137676830437925,0.5405670271802552,1.1021592184847702,1.1070479320465971,1.1070479320465971,High,train
164,-0.1439593934911918,1.1545332649081226,0.160741969185345,0.422841577590809,0.270756810156498,1.1508196799266002,0.2100038283925819,0.7869573973808679,0.3003282548916787,1.157861038445154,0.2805288333549398,0.991520733944386,1.1544046610932923,1.1545332649081226,1.1545332649081226,High,train
166,0.2900909887174576,1.1919728756927388,0.3024998650109149,0.9868566690787786,-0.1913308823937624,1.1448733643800322,0.4506902671268191,1.872474259082666,-0.1790853624538873,1.1274047578027189,0.7605646766738703,3.8915731909347935,1.1547503326251631,1.1448733643800322,1.1448733643800322,High,train
167,0.2841422928064784,1.0805257419771188,0.3426863500234086,1.405934896769315,0.2658557285017143,1.034863289804304,0.5354129739621917,3.4018422561548096,0.22152567782561,1.0902729351079197,0.5889498953406807,3.3281007748858933,1.0685539889631142,1.0805257419771188,1.0805257419771188,High,train
168,0.1003776157269775,1.1009979581608342,-0.2751927229525374,-0.1790413752968103,0.1748751330789839,1.0833609111409206,-0.0761260161931037,-0.2340048916014359,0.1650022526639188,1.1062985375454293,0.0201868807481834,-0.1471328227662676,1.0968858022823946,1.1009979581608342,1.1009979581608342,High,train
169,-0.0102128256904149,1.1970547373878202,0.8775243708354658,3.852088329372776,0.4351473157303245,1.2793535054243388,0.5902070780877215,2.165256404505264,0.410848152583776,1.2530329633313029,0.7285446860487425,3.268990712585854,1.2431470687144872,1.2530329633313029,1.2530329633313029,High,train
170,-0.1247532317790178,0.7236740431307721,0.14632276093715,0.2562646489557787,0.1013425451766736,0.7134492473678666,0.1946505819101967,0.5663622419848746,-0.125285004267828,0.7043087115627887,0.2590940876112615,1.1072701173532007,0.7138106673538092,0.7134492473678666,0.7134492473678666,Medium,train
171,0.1906538004750787,1.1753992159459872,0.1314201492822729,0.4355490958582497,-0.2394958633418766,1.1686397221659737,0.1883004162194023,0.4977153621502905,-0.1297594728035959,1.1514576848452638,0.398612939726749,1.9914859327868248,1.1651655409857415,1.1686397221659737,1.1686397221659737,High,train
172,0.3386915830123511,1.1311020266726264,0.7304654158335473,4.193529897836865,-0.2005091820602937,1.063894557316749,1.0838427288305812,7.876852138239069,-0.1428327058146962,1.010887486866939,1.4133806248512306,11.787421196890929,1.0686280236187715,1.063894557316749,1.063894557316749,High,train
173,0.1056707849921296,0.7817144640540048,0.5680260499514337,6.602059205672601,-0.0950682558351192,0.7955204226573399,0.5606706627252691,6.844724012297615,0.0415492219827566,0.7827810643832493,1.0362746461824892,14.2372415885822,0.786671983698198,0.7827810643832493,0.7827810643832493,Medium,train
174,0.0458737311309262,0.557401101866843,0.826687133503124,13.56645875691476,0.051207507465603,0.5759576446776202,0.9558784620296756,16.78320799757936,0.0383473965419058,0.5457171831469764,1.247686054924984,22.01745504587015,0.5596919765638132,0.557401101866843,0.557401101866843,Low,train
175,-0.0747863894892237,0.8376238139495679,0.2937743475667255,1.1857385140410317,0.0923183831416775,0.846481695411073,0.3516830497503316,1.6883694502342663,0.0816702901526488,0.8330989309755962,0.4051627769561798,2.325490256223968,0.8390681467787457,0.8376238139495679,0.8376238139495679,Medium,train
176,-0.1765841757870784,0.4553655044736483,4.225227551429194,99.97602784281312,-0.0903293242926497,0.4542173865249903,5.19688111688776,134.69322362622654,-0.0978309042883476,0.4813363830989603,6.404464620490459,167.27160005804993,0.4636397580325329,0.4553655044736483,0.4553655044736483,Low,train
177,0.2037776766556236,1.2126954784446762,0.3119824185100576,1.1293749650707712,-0.1371238977100291,1.206123900807007,0.3038911187096678,1.1871538372997517,0.2140044323165937,1.2112735731222304,0.3992452081687922,1.7067202190670905,1.210030984124638,1.2112735731222304,1.2112735731222304,High,train
178,0.1050225381589696,0.8833570808092257,0.663721754544538,6.61876392675868,0.1014806294628913,0.8777300296758829,0.682504711121858,7.537298309690355,0.0632618664267705,0.8834249614241939,0.8662434111210279,9.332520848952075,0.8815040239697675,0.8833570808092257,0.8833570808092257,Medium,train
179,0.0740639595694186,0.8643504145368186,0.2669783279057651,0.9413669230475916,-0.0929626568867498,0.8808748796404045,0.3595736989361819,1.6355699801759718,-0.1137858956783012,0.8574925407336335,0.3656957998524012,1.6406610249759117,0.8675726116369522,0.8643504145368186,0.8643504145368186,Medium,train
180,-0.1065289967947481,1.099215020096888,0.7042527159184072,3.8244645802481134,0.3443669830768281,1.1257494462657474,0.6093382121342769,3.79402225911703,-0.0974673407404387,1.0838868779921496,0.9452076316706816,6.237923343311294,1.1029504481182617,1.099215020096888,1.099215020096888,High,train
181,-0.1633132206916034,1.1418388422987424,0.7853461476860659,3.488693852632061,0.2971644051870536,1.2028498158216718,0.5349324982582964,2.556624669646002,0.2739245134747333,1.1904881823628988,0.7103251522188789,3.5467702671336685,1.1783922801611044,1.1904881823628988,1.1904881823628988,High,train
183,0.1071328417875904,1.1676738227233656,-0.4204810982715501,-0.0073089788665385,-0.2166950132715836,1.1926611187001095,-0.1440960965514912,-0.2271436243288289,-0.1539952343105023,1.1959839305626832,-0.0106311237365338,-0.2269499777364112,1.185439623995386,1.1926611187001095,1.1926611187001095,High,train
185,0.0928939527602819,0.6893032889418917,0.672696412046898,7.810053136766236,0.0859198500898185,0.6873341084654562,1.1026729144614935,15.609842539718445,0.1144103662494745,0.7061271815750173,1.1061093264875048,15.295845885668149,0.6942548596607884,0.6893032889418917,0.6893032889418917,Medium,train
186,-0.1312126325316386,0.4064081877755677,4.995359154795491,139.29782175915813,-0.1276935406216563,0.3970708260119412,5.230496417096335,153.87807153219669,-0.2099243181050772,0.4499141678490576,6.576409858909928,178.26983456060708,0.4177977272121889,0.4064081877755677,0.4064081877755677,Low,train
189,-0.0728088291392813,0.3948860766430009,2.6471334377959272,60.82678191678066,-0.0326479920016603,0.4049730042843434,3.104509018377634,82.39749372211523,-0.1377214851098688,0.3886059771765397,4.798966772967438,140.78340299536168,0.3961550193679613,0.3948860766430009,0.3948860766430009,Low,train
190,0.2221721061459731,1.1182260374245483,-0.0712946456441287,1.1308330194672944,-0.2157978686252761,1.1260765913817423,-0.2381175513236228,1.3717628500078307,-0.3079097944184252,1.1790850797998411,-0.4744608493898093,1.93080594746498,1.141129236202044,1.1260765913817423,1.1260765913817423,High,train
191,0.119420026843426,1.1908702660941115,-0.164653827237081,0.6093065726916449,-0.2313369316472625,1.1906384036262505,-0.3128915240788497,1.0189698590101974,0.2198434512822197,1.1896597373355116,0.1592310570834733,0.9380781064218544,1.1903894690186243,1.1906384036262505,1.1906384036262505,High,train
192,0.2867604630265041,1.207758710139173,0.4153114080536312,1.3652871008346184,-0.1711119701162808,1.1937567004884608,0.5259040981264139,1.8754027951053152,0.3355463761113947,1.2107461310684533,0.6167263453045946,2.878778435012551,1.2040871805653623,1.207758710139173,1.207758710139173,High,train
194,0.0971491768170911,0.8126969431107017,0.2980389032129433,4.160804941524257,0.1303762443210918,0.8278749002856376,0.3942432316493276,5.987673568207338,0.0661799214059388,0.8091350886032187,0.6220021032851425,8.258062012697087,0.8165689773331861,0.8126969431107017,0.8126969431107017,Medium,train
196,-0.1992072015936091,0.4817800090364847,5.842994120220655,147.45353629336623,-0.0701549469359864,0.4772122778940307,6.0533605610229415,160.4452716248698,-0.1300763998542608,0.5065044104538075,7.8531261518542355,209.8006788614716,0.4884988991281076,0.4817800090364847,0.4817800090364847,Low,train
197,-0.1979341661331832,1.2318897071922554,0.0188227179202793,0.2914794214755178,0.1936555887706157,1.2357696655793915,0.0368028790807416,0.4621341617428345,0.2178286275000308,1.2377865809464017,0.1396671216009639,0.8662352646896374,1.2351486512393497,1.2357696655793915,1.2357696655793915,High,train
198,0.189123726676233,1.1351632935947698,0.1467797211850943,1.3112005430190852,0.2910840899438492,1.1377868905828448,0.2087352812944252,1.716630145778722,-0.1042014564486652,1.1250291471666,0.4824924185696481,2.9152891524691498,1.1326597771147382,1.1351632935947698,1.1351632935947698,High,train
199,-0.1019999537550436,0.7951913988686545,0.1562066071030903,2.1150890527798785,0.1486620713154612,0.7756287343691161,0.1145434487455482,2.644267979443784,-0.1182555515070594,0.7713448617917957,0.5504709370753094,6.159491830932762,0.7807216650098554,0.7756287343691161,0.7756287343691161,Medium,train
200,-0.1504524769711546,1.167557118295893,0.3985301900976138,1.9020893444985016,0.287836406381659,1.1665187914102289,0.2829441140672116,2.03834476577296,-0.1953049188743634,1.1638721290165344,0.3869379447859517,2.7841463362769376,1.1659826795742187,1.1665187914102289,1.1665187914102289,High,train
201,-0.0358133943418225,0.5020162539570988,1.64413960205248,34.723672353910295,0.0557374901454311,0.5175718462793145,1.77831658295243,41.37289373442815,-0.1020909316412347,0.475014868418987,2.771428731417355,67.77841243311957,0.4982009895518001,0.5020162539570988,0.5020162539570988,Low,train
202,-0.1216729181362967,0.7702184706614006,0.8485396106797984,9.101177012788924,-0.1308465651387672,0.7940868293367029,0.6038665871144474,6.547729124343546,0.0403572252630628,0.7397451556546687,2.068072171032812,32.60177070969679,0.7680168185509241,0.7702184706614006,0.7702184706614006,Medium,train
203,0.2606488115262935,1.145950145452567,0.439272638140557,2.9051226463101365,0.3257945244608987,1.120705258204414,0.4594302909076723,3.6837597654339342,0.2467541542633208,1.141737277667991,0.620194941105199,4.681380713491604,1.1361308937749903,1.141737277667991,1.141737277667991,High,train
204,-0.1261488267963576,0.7308764718981438,0.5059325609228481,3.938419063882287,-0.0952075783679594,0.7466330029564506,0.6098727384839799,5.509667801018329,0.0785307001276942,0.7402300604131107,0.7490374615850488,7.596116565804394,0.7392465117559016,0.7402300604131107,0.7402300604131107,Medium,train
205,0.2036501276324255,1.1160580422056174,0.3625883634518146,1.3516992289255247,-0.1719413901984804,1.097352244672392,0.4751359564161266,2.1522846360135555,-0.1387320138974155,1.107567460452047,0.4882670277250305,1.7748622902641102,1.1069925824433522,1.107567460452047,1.107567460452047,High,train
206,-0.1683777758026277,1.1818346049135513,0.4504384116499399,0.7650995415322535,-0.1967411081779121,1.187594437648521,0.5494912124846365,1.462604750057091,-0.1320799735920624,1.1610105964246755,0.684050558987897,2.109609670633751,1.1768132129955826,1.1818346049135513,1.1818346049135513,High,train
208,-0.1034788204154287,0.948530920629754,-0.0036571324925923,0.8042571421778089,0.0877119644069148,0.9508583908900892,-0.0050140868824579,1.3031955590105009,-0.103288302995873,0.9270974249446712,0.3745846515667604,2.891548205200758,0.9421622454881714,0.948530920629754,0.948530920629754,Medium,train
209,-0.1410523890511644,1.0554915821154884,0.7581358518301087,3.72404485250352,-0.2337593420042511,1.0203926616430143,1.1294101650040491,8.352554101444799,-0.123316095127111,0.9883214139953004,1.290918031504805,10.644101199728905,1.0214018859179343,1.0203926616430143,1.0203926616430143,Medium,train
210,-0.2190679883804839,0.7893293808589965,1.5898901719304146,20.531117005261063,0.1013919889079192,0.82075502972876,1.4961788281088566,20.66700192937861,0.0866922622274767,0.799930128112285,1.674966452886476,23.879246370522125,0.8033381795666804,0.799930128112285,0.799930128112285,Medium,train
211,0.0961574963112392,0.8071458370205636,0.2944893796229346,9.37612262329678,-0.1332747271171727,0.8291214873694255,0.4809216911623513,11.442543540433666,-0.0804779749093133,0.8088545543827286,0.591008394413941,14.61626627390493,0.8150406262575727,0.8088545543827286,0.8088545543827286,Medium,train
212,-0.1266520169424916,0.5218537409054953,2.34547456104815,46.458407511396175,-0.0092225237830076,0.5347017956370275,2.5547499765452,53.92719654886324,-0.1534764184356846,0.5308047820506455,4.216319775745198,97.3817721261543,0.5291201061977228,0.5308047820506455,0.5308047820506455,Low,train
213,-0.2063543285925324,1.151583688439772,0.1280296984104877,0.7256556840189345,0.2640823852102593,1.1249844472154644,0.0771875949665814,0.9138663867302164,-0.1579147475789254,1.149118342239944,0.4883730489067384,3.2177046825052464,1.1418954926317268,1.149118342239944,1.149118342239944,High,train
215,0.0949502095129063,0.8850997697908765,0.8784757347021969,8.405093885204243,0.0762542846166146,0.8849518082423847,1.0903431240092831,11.716799614910087,-0.2407532949472211,0.8633633311374032,1.2030810901929878,12.09652817944328,0.8778049697235547,0.8849518082423847,0.8849518082423847,Medium,train
216,-0.1675439140754363,1.17666260133448,0.4239472352807102,1.061242389244888,0.3136143041260537,1.1725941144389376,0.4823805903155336,2.068948895018728,-0.1980634705090581,1.166187490465395,0.6181131064024226,2.1602433139304704,1.1718147354129378,1.1725941144389376,1.1725941144389376,High,train
217,-0.1398637315670968,0.8215465872460668,0.7604318771687242,10.895127273935945,-0.1206979773651996,0.8353287355692646,0.9176493160215292,13.200597583582075,-0.1457674672404917,0.8141167542052233,1.181443885609757,16.023090664258184,0.8236640256735183,0.8215465872460668,0.8215465872460668,Medium,train
218,0.0612969099961556,0.9406117664383392,0.4821313181917283,2.716786261300963,0.1072246787951981,0.9628230124750752,0.5536129580602562,3.605818266715168,-0.1565993435364849,0.9096302887560525,0.859773817451306,7.202758534105088,0.9376883558898222,0.9406117664383392,0.9406117664383392,Medium,train
219,-0.1805221895437326,0.9386716439084962,0.167663362688382,3.747219422360312,0.1075695155537709,0.9606889530764668,-0.0397559891012984,2.8544251671569167,-0.1271592269850205,0.9533026098906564,0.1528511361021374,4.982324235298647,0.9508877356252065,0.9533026098906564,0.9533026098906564,Medium,train
221,0.0321767851673251,0.4692684323730892,0.8191531833375811,14.570716277884635,0.1044125238329477,0.4578730878952388,0.9710217300624564,19.044126445965738,0.0560888684365595,0.473771294423808,2.272190886839492,54.70491787297159,0.4669709382307119,0.4692684323730892,0.4692684323730892,Low,train
224,0.1350753462858019,0.8620043257167632,0.448740045769968,3.177104202682412,0.1543121372360123,0.8820123803427048,0.5393405718962575,4.435966160184471,0.0787522698305525,0.8792297109202091,0.8577003228171226,8.142310284669367,0.874415472326559,0.8792297109202091,0.8792297109202091,Medium,train
225,-0.1996672773375245,1.0801666199207671,1.0035375000350566,5.201637404233788,-0.2223932470114981,1.0309713406920624,1.2310056198437342,9.297871865429377,-0.1689549851096158,1.006456796329096,1.5773209186956525,12.6825829356445,1.0391982523139751,1.0309713406920624,1.0309713406920624,High,train
226,0.1830049319228097,1.0678708948026248,0.0478712374630903,0.4487136678215515,-0.1173460010695064,1.0593994890129417,0.1372830227339706,0.6240074448605144,-0.1727792069556913,1.0598960654114271,0.1980572036285838,0.8513109612245344,1.0623888164089978,1.0598960654114271,1.0598960654114271,High,train
229,0.0994065137343495,0.9304355015097304,0.1174521349481807,1.1224083222251444,0.0998129815005914,0.9524781196290149,0.168905131777222,1.9067307229692787,0.0643056426123666,0.9254498112001424,0.2813083675066822,2.1925007487569923,0.9361211441129624,0.9304355015097304,0.9304355015097304,Medium,train
230,0.1161993479573452,0.9642727640623872,0.1844027453969812,0.6646817658422228,-0.1130089758471113,0.9868269141470016,0.2647736748893264,1.0058703082861404,0.0620536491237657,0.9602319073171248,0.2680679160942429,1.1114430422122634,0.9704438618421712,0.9642727640623872,0.9642727640623872,Medium,train
231,0.0347543374886459,0.7607732470281346,0.8482402507980199,9.958951503530772,-0.1324762490196232,0.7481638253871123,0.9728038770259764,12.551402104810634,0.0974790450401536,0.7637864166254836,1.1173237087521728,13.98712923053833,0.7575744963469102,0.7607732470281346,0.7607732470281346,Medium,train
233,0.269812708515362,1.18236498114231,0.5211654909267048,2.3941428966395977,-0.2138406241541979,1.1639890089213665,0.555860286200598,2.545310516278966,0.2864024308978271,1.1777367174219897,0.6536155874577891,3.6885578322445145,1.174696902495222,1.1777367174219897,1.1777367174219897,High,train
234,-0.1076245364757887,0.95145666471314,0.2003666778489373,1.728043050647292,0.1085226046013137,0.968456462082162,0.2762337403898812,2.413615892935593,0.0365791305303564,0.9368265225918194,0.4326796340371456,3.906734378066341,0.9522465497957072,0.95145666471314,0.95145666471314,Medium,train
235,0.160668659353514,0.8155333447765993,-0.1138479854562815,2.6192235124438845,-0.071214609166466,0.8419369553054799,-0.0327504026838513,2.971374485735879,-0.0382740909744232,0.834121336825246,-0.0582296511516195,2.164699466793452,0.8305305456357751,0.834121336825246,0.834121336825246,Medium,train
236,0.2487048467861185,1.231128077823031,0.3431910222715849,0.8864687566003551,-0.170744020221157,1.203656669569808,0.3337005722824048,0.7854172564405113,0.2529681448206308,1.2332576578438064,0.4237619840387799,1.435651600924304,1.2226808017455484,1.231128077823031,1.231128077823031,High,train
237,0.1007615379836911,0.7776233497452645,0.5934520229878302,5.337465251414205,0.1164985469019463,0.7789789123281858,0.5881948500807476,5.750965949382897,0.0514857419533744,0.7848089227884915,1.4238342779414983,18.60945728159073,0.7804703949539805,0.7789789123281858,0.7789789123281858,Medium,train
238,0.1382686461392133,0.8910743620773358,0.8368803823383829,9.684253753800531,0.110991366439751,0.9037135665695286,0.7550283753225031,8.808625660960324,0.150841849823056,0.920442313878617,0.5909818508268833,6.017990959758157,0.905076747508494,0.9037135665695286,0.9037135665695286,Medium,train
239,-0.1916419616729661,1.0508569183445255,1.022097595468884,5.7278906108685685,0.2544477075693721,1.0910913934991546,0.8620201117758214,5.785830903468613,-0.2362447860566266,1.0206202239158877,1.2990538570604104,8.417182001095192,1.054189511919856,1.0508569183445255,1.0508569183445255,High,train
240,-0.1118820300711964,0.9009136008332572,0.1477961787810686,0.5469552105343278,-0.1189692229916826,0.904757739957448,0.2407673332196414,1.210726802184788,0.0989826912773867,0.8911078828332333,0.2098920932009398,1.1417133127503227,0.8989264078746461,0.9009136008332572,0.9009136008332572,Medium,train
241,-0.1512278599687937,1.153264005202543,0.0499136352195575,0.4755701209226921,-0.163814415385356,1.1269544209933136,0.0063296566596514,0.6690729963654518,-0.0917515649489415,1.1434214162983976,0.2777165696500155,1.3841231989778766,1.141213280831418,1.1434214162983976,1.1434214162983976,High,train
243,-0.1325452696703435,0.8652968281404169,0.6018646932381501,4.364128152223187,0.1205886738158459,0.8890785664731193,0.417600232671884,3.005389843349932,0.0595791897337417,0.8621299213280039,0.8108754374646342,7.370856026243832,0.8721684386471801,0.8652968281404169,0.8652968281404169,Medium,train
244,-0.082257236855345,0.3196820385097267,7.111746060031841,189.0063649729435,0.0162108134956894,0.3076530436628363,7.461433809033246,206.62124720325977,-0.1203402933691593,0.3839973663277021,11.01433731078046,332.33726942779015,0.337110816166755,0.3196820385097267,0.3196820385097267,Low,train
245,-0.1028534553120168,1.1550387563763411,0.6588050568103387,3.1258521452525585,0.3129367959077075,1.204209468832104,0.5761798787134319,2.8873786857367936,0.255420022036523,1.188333539391302,0.6419393270031206,3.1280778401878164,1.1825272548665822,1.188333539391302,1.188333539391302,High,train
246,0.0795860308897477,0.9040601530078668,0.4381152997484446,3.741663713070888,0.1489389968186392,0.9234868265967026,0.4146269780104822,3.587955301648697,-0.1374138451530913,0.90175648750507,0.6027370902744854,5.457380503860822,0.9097678223698796,0.9040601530078668,0.9040601530078668,Medium,train
247,-0.0182495014595151,0.5836623018626741,1.4822431678671129,24.53867388427249,-0.0022882361447918,0.5989926474318689,1.368320833016369,22.33979946596681,-0.00476747051189,0.579182390962136,1.7801728665222734,31.50256083844286,0.5872791134188929,0.5836623018626741,0.5836623018626741,Low,train
248,-0.0248258442162471,0.7545846036547154,-0.138861678632001,3.191571768153313,-0.0263964518401348,0.7519369828237822,-0.0592619979171795,4.365008135196662,0.1302659944920098,0.7687794249767214,0.0714356305345797,6.297615340324313,0.7584336704850729,0.7545846036547154,0.7545846036547154,Medium,train
249,-0.0547564138523815,0.942089397998472,0.0174606380022175,0.0700745975409313,-0.0758982811598195,0.9418203493700398,0.1269437542011351,0.2444763252008526,-0.092830522320387,0.9308380454649644,0.168963954006708,0.3611018174917486,0.9382492642778254,0.9418203493700398,0.9418203493700398,Medium,train
250,-0.1907514824717057,0.9317319801636824,1.1529107698123924,9.32142501321187,-0.2564088539523587,0.9514101208723112,1.2141730266943296,10.964547268339626,0.0919545554380374,0.9745813593990555,0.9683131840829136,7.216344094711394,0.9525744868116832,0.9514101208723112,0.9514101208723112,Medium,train
252,0.1337946454815859,0.7324176469436444,-0.0740176014868077,1.5613863939361607,-0.0650211259983128,0.7523200526803274,-0.247693472909832,1.342195735989037,-0.0984823959735139,0.7499265225860248,0.0179668397897703,2.866135318065207,0.7448880740699989,0.7499265225860248,0.7499265225860248,Medium,train
253,-0.166839192300992,1.1617129157935149,0.4192016184567129,1.180812383684291,-0.1786256388517332,1.1386647196040405,0.4909706615872345,1.9334915516335407,0.2278241408908201,1.1929061834585926,0.4798446509258618,1.6447708992042882,1.1644279396187158,1.1617129157935149,1.1617129157935149,High,train
254,0.0992589246034239,0.7769316237865264,0.7186877889583355,7.209268205290623,0.0542208159624982,0.7702073732813928,1.2714775836130563,16.745669779519574,0.0522770569028111,0.791487632196922,1.455252405546111,19.07654372398033,0.779542209754947,0.7769316237865264,0.7769316237865264,Medium,train
255,-0.0865299722979589,0.8115905382148269,0.2983354047005822,4.01533677691492,-0.1178347382409546,0.812095880834529,0.3723906292608675,5.287503192767623,0.1224867094944115,0.8096470224371249,0.2753477336495216,4.292143879948919,0.8111111471621603,0.8115905382148269,0.8115905382148269,Medium,train
256,0.2582580594903967,1.190370838835325,0.0880468923512553,1.026142415021407,0.2635956571385829,1.157455509500506,0.1292750384638678,1.4175482665388062,0.2034792036153895,1.1972375664218713,0.2905181081293793,2.525702195155344,1.1816879715859008,1.190370838835325,1.190370838835325,High,train
257,0.1898780982473853,1.1151606054944392,0.0997705452016915,0.1967031656271447,0.1940287532181619,1.1071061058115406,0.1375711383235026,0.3712042825925197,0.1850771016073551,1.1290247403385236,0.2253321203445955,0.6046009410745898,1.1170971505481675,1.1151606054944392,1.1151606054944392,High,train
259,-0.2229870959679928,1.209697543240374,0.0668602727834486,0.6199992208407519,0.1657614418025893,1.188171887849913,0.0227327908042957,0.7578681975922654,-0.225178045916736,1.2134850473792402,0.1060202493058133,0.8876358737108774,1.2037848261565092,1.209697543240374,1.209697543240374,High,train
260,0.1591399087635489,1.2108977550406164,-0.0718193001720462,0.469738414733424,-0.2125145551420197,1.2220569740584906,-0.0341267847362518,0.5151405154599469,0.1307511689299096,1.2159779456123572,-0.0331700443818438,0.6646726839223756,1.216310891570488,1.2159779456123572,1.2159779456123572,High,train
261,-0.1374697195698729,0.8070119269258571,0.3762926007130051,2.149455965181458,-0.1025671697987938,0.8123946267141977,0.5317249642780728,3.928225635153466,-0.1107218653703074,0.8175834046926104,0.5755538303740616,4.477039708797797,0.8123299861108885,0.8123946267141977,0.8123946267141977,Medium,train
262,0.2041209806721982,1.0718844578812634,0.3827365399785508,3.043031058823757,0.2987466176697456,1.052458613253035,0.4185288871975312,4.120421377139108,0.2849726825462665,1.0952200388875353,0.4636942558831813,3.2319609592299674,1.0731877033406112,1.0718844578812634,1.0718844578812634,High,train
263,-0.1930950320133496,1.1131117018267296,0.497817086067376,2.954938122833584,0.3526393715328338,1.1432142080246754,0.424497199049443,2.9043552387860254,0.3821627941771887,1.1594270806082565,0.5722425235133716,3.6710494449362665,1.1385843301532206,1.1432142080246754,1.1432142080246754,High,train
266,0.1156939452694922,1.1954325701312638,-0.1398731181785059,-0.1411017915884418,0.1549330153375961,1.1872565359039893,-0.0619495673322428,-0.1033151219855672,-0.1684562069287297,1.2135620734509396,0.0143915852565655,-0.1158524048943014,1.1987503931620642,1.1954325701312638,1.1954325701312638,High,train
267,-0.1233891378863079,1.123751465516662,0.3575266018086577,1.348307501564869,-0.2252761590705952,1.0855754737493963,0.3940492627587271,2.0801697099325223,-0.1985844123698881,1.0950357558564,0.5423865149692438,2.688403652449136,1.1014542317074862,1.0950357558564,1.0950357558564,High,train
268,0.0686460990425028,0.9691492261540728,0.1294325448178441,0.244668735005912,-0.1012798915115733,0.9980301006035668,0.1903349139764523,0.5387246902734444,-0.1409728289011399,0.9712131760210724,0.2607576123064446,0.9682818159659856,0.979464167592904,0.9712131760210724,0.9712131760210724,Medium,train
269,-0.1983667870983843,1.2118925020228128,0.4172780019853306,0.8373324782537623,-0.1594776735742516,1.1932879776279344,0.4598217828800995,1.437888055892297,0.2929358035907599,1.2495108158573165,0.3735935827771544,0.8538102334826694,1.2182304318360213,1.2118925020228128,1.2118925020228128,High,train
270,-0.1011434452299987,0.7676464159120223,0.2218800310563907,2.0522812240527104,0.0679756217574842,0.7808728597353982,0.2897387009960952,2.8027467690479817,0.1250993296948258,0.775736634132931,0.3218627624977848,2.9186431978871488,0.7747519699267839,0.775736634132931,0.775736634132931,Medium,train
271,-0.1964686158171407,1.1690746913988224,0.8060128685844759,3.1573629524873192,0.289845896561577,1.2249637563202838,0.6664348531133911,3.011473005444003,-0.1437742562223026,1.1348885790258827,1.0380913930714726,5.683434517955202,1.1763090089149963,1.1690746913988224,1.1690746913988224,High,train
272,-0.1355220187825576,1.181548581932134,0.3876104916140384,1.5173036577672985,-0.1294252432229247,1.16892265332639,0.4150846169069155,2.043504826166436,-0.2091656682220605,1.123707569824088,0.6922377710664285,4.439642331165483,1.158059601694204,1.16892265332639,1.16892265332639,High,train
273,0.1058759721320891,0.810107808589886,0.2012890375827336,2.2802312573646555,0.1082684911271506,0.8099017480099807,0.3020506236440158,3.2803186946188205,-0.1350951810658332,0.8064621088971239,0.4344635554487668,4.161201796907287,0.8088238884989969,0.8099017480099807,0.8099017480099807,Medium,train
274,0.1985002981140969,1.1563908534852745,0.3049130244935212,1.0238967632548714,-0.1852125369332218,1.1130204400387562,0.3921116353218338,1.653968835074945,0.2625555996380097,1.1654715268203502,0.7294776604599532,3.765177960206105,1.1449609401147935,1.1563908534852745,1.1563908534852745,High,train
275,0.1844216258547689,1.1640572538842502,0.0428018008536447,0.108666281042824,0.1575788230803044,1.150938558179906,0.1421827177458379,0.6036169820644375,-0.1560283179511529,1.169020416603408,0.1868983087083164,0.6917806495362724,1.161338742889188,1.1640572538842502,1.1640572538842502,High,train
278,0.0806959832652423,0.8283272214146636,0.0477847233387223,0.3155034741094034,0.1275986569330502,0.8325042684286752,0.1017521257482351,0.5203050187440184,-0.0991837533246996,0.8263082985507214,0.140285622393285,0.6739360424657375,0.8290465961313535,0.8283272214146636,0.8283272214146636,Medium,train
280,-0.091714952361562,0.5772775866604418,1.6010389540738366,27.374228406922484,-0.0584922209487083,0.5942513957813575,1.3755582356627605,23.23508836708669,0.007751347449691,0.5770569805143216,1.9337121774632624,36.79020975006804,0.5828619876520403,0.5772775866604418,0.5772775866604418,Low,train
282,-0.0633168279285472,0.4045482170880552,4.412678440263465,110.47831437137836,-0.0023552748164538,0.4104254646056285,4.810729203341555,127.98921476196466,-0.1306775761137692,0.4355970144349287,7.173145736902163,209.8762356128111,0.4168568987095374,0.4104254646056285,0.4104254646056285,Low,train
283,-0.1709463133042742,1.2191472837764434,0.2877801255983583,2.0995385057612186,0.2746241566887101,1.2256464342886286,0.3170810510259948,3.1645184427578066,0.2914229758828506,1.2449659093834085,0.2596392168527764,2.597913979200987,1.22991987581616,1.2256464342886286,1.2256464342886286,High,train
284,0.0615170929480626,0.8238361613177536,0.2588415736174788,1.2969953999427035,-0.0905058426784623,0.8254996190779655,0.3329899573189753,1.7740165964511014,0.0618394827660616,0.8080908786746436,0.3530401635847566,2.093110058450467,0.8191422196901209,0.8238361613177536,0.8238361613177536,Medium,train
286,-0.1804425889126874,1.101049164801264,0.2658624691032324,1.15398811143361,-0.1903109063518628,1.0565323347300128,0.2181937299374998,1.5018000546272896,-0.1433695665902191,1.0992389820389428,0.498906954830189,2.717823439525368,1.0856068271900732,1.0992389820389428,1.0992389820389428,High,train
287,-0.2023136582323869,0.7787261381436215,1.24717762843506,15.121117202231826,0.0626344276560728,0.7910773098553784,1.357331853843684,18.6523665154949,0.1091666381919588,0.7825068537739774,1.552463190354463,22.02398759730874,0.7841034339243258,0.7825068537739774,0.7825068537739774,Medium,train
288,-0.1632582499173079,1.1906651611136012,0.7067283246255387,2.03213743171252,0.3343626612100887,1.2111038646254852,0.6476036835292609,2.5591406499020293,0.3882637240355734,1.2050370697860209,0.813484188982717,3.917622816698933,1.202268698508369,1.2050370697860209,1.2050370697860209,High,train
290,0.1392494348445295,0.924323658186341,0.693427124677599,6.8246530254170334,0.0894539956383539,0.9419313308723756,0.77015446114084,8.200778100097427,0.1154689702528526,0.9275185128237048,0.8079574044527137,8.12777813687036,0.9312578339608072,0.9275185128237048,0.9275185128237048,Medium,train
292,-0.2214993320211825,1.230860029579122,-0.4355450094805457,0.7177787101903301,-0.246035806689109,1.2265425678001292,-0.4642000341427841,1.2442439589423273,0.0990748958320618,1.2057022841625913,-0.4678346591327593,1.391716012616496,1.2210349605139474,1.2265425678001292,1.2265425678001292,High,train
293,-0.0999426028844237,0.5257844078916248,5.045945176330729,111.78175707795394,-0.2631026236945311,0.547737022287794,5.629014506649446,129.26705905896105,-0.2391596482134459,0.5031609862361138,10.323175320662031,285.79875304110993,0.5255608054718443,0.5257844078916248,0.5257844078916248,Low,train
294,-0.1665736911708101,0.6155357445321922,1.7265841758061573,27.73554074522376,-0.0477375798189907,0.634970873082677,2.04637999300268,36.13058063538534,-0.1748202214980784,0.6143793716245101,2.73810464803882,51.16472171159254,0.621628663079793,0.6155357445321922,0.6155357445321922,Low,train
295,-0.0355922299123036,0.5630419200712011,1.3917230996414798,21.842663970334254,-0.0959094035684847,0.5740007227183187,1.5515283598090657,25.48582559607816,-0.1634488865414482,0.5804058084360889,2.562495625037182,49.247335374348445,0.572482817075203,0.5740007227183187,0.5740007227183187,Low,train
296,0.2158857272920414,1.1238335364831098,0.3251650199920119,1.030788557090326,0.2621795303379342,1.1100822097023924,0.3302088795535318,1.2222406531362775,0.2624871821235969,1.1326853584190242,0.7568715178116386,3.953051546133704,1.122200368201509,1.1238335364831098,1.1238335364831098,High,train
297,0.2730722804118264,1.256820771566788,0.3590556305008977,0.7507003563688253,0.2937328994013038,1.2601597770598718,0.4639754328336665,1.429499542958859,-0.1708530025686988,1.1616567842759598,0.9145249215422646,4.045878688565394,1.226212444300873,1.256820771566788,1.256820771566788,High,train
298,-0.0449002997563991,0.4796012021495152,1.9604432768210995,39.16029439295168,0.0281118012619514,0.4842160519973249,2.314490918104164,50.04448115516717,-0.0716285911662236,0.502858327513709,2.9005734417432816,64.41112688076873,0.4888918605535163,0.4842160519973249,0.4842160519973249,Low,train
299,0.2171149786449954,1.2010584739535322,0.0950362016391547,0.3355171241723433,0.2641713631734244,1.1810772856590908,0.2181010761127122,0.7152674179661775,-0.1635385324110838,1.1905951304622164,0.299706276255854,0.623102215602108,1.1909102966916132,1.1905951304622164,1.1905951304622164,High,train
300,0.098987572948147,0.8054687949657844,0.3187164440873017,2.9793207307961493,-0.1767822891688476,0.8116883518043607,0.7744068852067425,8.763751650657436,-0.1617233748731893,0.7839980076962759,1.111656182809413,13.717255703101518,0.800385051488807,0.8054687949657844,0.8054687949657844,Medium,train
301,0.0603256064963567,0.8084739390815104,1.633929167804581,22.81622793268548,0.1062520667903283,0.797124003807342,1.9453817763526524,30.1490183311939,-0.1423006956771686,0.7816848444017035,2.185885259736174,33.428200034644945,0.795760929096852,0.797124003807342,0.797124003807342,Medium,train
302,-0.1547411258530366,0.858300710720572,1.0061877527112082,9.70385998396156,-0.1481776733104815,0.8867931826134812,1.110502509517939,11.952292559267164,0.1016189332958337,0.8706697528080568,1.076629792191019,11.857659501912812,0.8719212153807033,0.8706697528080568,0.8706697528080568,Medium,train
304,0.0802434105463655,0.7350904686822003,0.3517781556531354,2.595032340591118,0.057407181218634,0.7368550552278488,0.4858682475393439,4.28324995147385,0.0901631627925774,0.737314409627135,0.5584843275989895,5.506899172829847,0.736419977845728,0.7368550552278488,0.7368550552278488,Medium,train
305,0.1611668822477171,0.5970496761844891,-0.254537934529521,-0.2966461912624374,0.2565237397987799,0.5989916180976832,-0.2647209613013589,-0.2590202875934495,0.4096495177397416,0.5635551860804281,-1.1759537048780515,1.081334079842451,0.5865321601208668,0.5970496761844891,0.5970496761844891,Low,train
306,-0.2172672716426083,1.0863026957545574,0.0420818514557785,0.6404317039305054,-0.1866923807222036,1.0713942747373832,0.0757656783301804,1.032473634383562,-0.1444721762347728,1.0715630379552807,0.236031147166055,0.7258664765848692,1.0764200028157405,1.0715630379552807,1.0715630379552807,High,train
307,0.1706478756957721,1.1688614158370956,0.0239478584840718,0.7554108037295872,-0.2071400890378077,1.1488888198127043,0.1544580494572926,1.2100356785395086,-0.1292933040629325,1.1637342100847836,0.2407248197522727,1.0498644957271974,1.160494815244861,1.1637342100847836,1.1637342100847836,High,train
308,-0.1634728461651135,1.167822594996312,0.0896599791913026,0.638015287072212,0.2024047655019654,1.1609634605224628,0.1437685735419687,1.0027483009742246,-0.1431841544190203,1.189496374119371,0.1998066900544802,1.0677990717264905,1.1727608098793818,1.167822594996312,1.167822594996312,High,train
309,-0.154915448065282,1.24744997760682,0.3739682413348891,1.4216736217805126,-0.1719863559209982,1.240835101972517,0.3505002939924724,1.4672952547744271,0.2246010370294228,1.2843733833237412,0.3873069323297657,1.4956483027128495,1.2575528209676927,1.24744997760682,1.24744997760682,High,train
310,0.2867215719877717,1.1779145314163044,0.3205774393530752,0.8417854983406934,0.2322659048986742,1.1720664442795337,0.3957456410246275,1.3300677222187265,0.2803466241374466,1.175104899930946,0.4799932319381793,1.9301094011223,1.175028625208928,1.175104899930946,1.175104899930946,High,train
311,0.1067389839983787,0.8751261711070458,0.1757986714916987,1.1811062430921666,-0.0939789049660541,0.8841769333891973,0.2453047873502379,1.71440636477325,-0.1243509377359893,0.8718394665756646,0.2717023338537066,1.5694414769416527,0.8770475236906359,0.8751261711070458,0.8751261711070458,Medium,train
312,0.0658745848884523,0.9321960428414808,0.3375144666649204,1.3830286204173277,0.0760473368279366,0.9433123757080596,0.375105351017479,1.7876579554910492,-0.1565187112806034,0.9254369812924989,0.5604002978540731,3.5095713948378737,0.933648466614013,0.9321960428414808,0.9321960428414808,Medium,train
313,0.1306065979865793,0.759712229961785,0.0573857611519188,1.2027574873275944,0.1682885076464997,0.7737060794010971,-0.0727679320918025,1.540175819088783,0.1159963104458253,0.7662445364673891,0.2132790763159131,2.9682849557342283,0.7665542819434238,0.7662445364673891,0.7662445364673891,Medium,train
314,-0.2296748352422099,1.2045060095027789,0.2158000269710197,1.2876133932566454,0.1875084978347349,1.226884661766392,0.1901656779489304,1.2670385990359383,-0.2223162611600261,1.2157931834562128,0.2616884130618969,1.3775416948651538,1.215727951575128,1.2157931834562128,1.2157931834562128,High,train
315,-0.2223403743530255,0.7562893930832103,2.2701232510758533,32.165433593553104,-0.2296056720317774,0.7622193436554878,2.42520183600794,36.60982430777639,0.0638387649758432,0.7633284815125843,2.632911922908159,41.0507708111635,0.7606124060837608,0.7622193436554878,0.7622193436554878,Medium,train
316,0.0618572607119583,0.8620190006769421,1.5771033650995403,17.973442029929455,0.0629935978535764,0.8842021749192589,1.718476599261325,20.52989318274411,0.045685162412972,0.8455870991450045,1.972702383565371,24.950971756000225,0.8639360915804017,0.8620190006769421,0.8620190006769421,Medium,train
317,0.2205577072623113,1.1833213961974507,0.0067858442406022,0.4181566322220629,-0.1173043903602798,1.1713565536741892,0.2058039670754831,0.9311092233355244,-0.0920763565269768,1.1816063056026196,0.2981964654177402,1.285777514036864,1.1787614184914197,1.1816063056026196,1.1816063056026196,High,train
318,0.1064781184464329,0.7580718688542768,0.9626261548716456,10.400210396655504,-0.2385841708432635,0.7705046582306312,1.7316056976618408,22.6084566209176,0.0206989973027826,0.7492646930006768,2.198041632445688,32.004529236132896,0.7592804066951949,0.7580718688542768,0.7580718688542768,Medium,train
319,-0.1567147730351362,1.1109555904252,0.2513365671744473,1.03907489679169,0.2753874850535339,1.114474045857734,0.2074617435718728,1.6116479797348937,-0.2203649667722528,1.1188944107183032,0.2383689104290471,1.3985198146295996,1.1147746823337457,1.114474045857734,1.114474045857734,High,train
320,0.0923447148613836,0.9469395305417908,0.1964671227735043,1.2281461056217378,0.1076060783409698,0.9550195362555152,0.1421312887217868,1.552853200930275,0.1101854289406358,0.9268420950554312,0.4155908736973959,4.897923738686145,0.9429337206175792,0.9469395305417908,0.9469395305417908,Medium,train
321,0.2798987417581796,1.1170512373712538,0.5273828668383249,4.915205351995048,0.3187211391966006,1.0882033814984164,0.632208902184221,7.126977102449532,-0.0847469877186416,1.0585234007687816,0.791389542510177,7.756135266278651,1.087926006546151,1.0882033814984164,1.0882033814984164,High,train
322,-0.0996262416825095,0.3861537607464159,3.459062915394993,98.90599904933843,0.0389659613894583,0.3856196857194459,4.246026430725869,134.59883611264928,-0.0239579790936644,0.4049184567011,4.867962207381949,145.05696692123703,0.3922306343889872,0.3861537607464159,0.3861537607464159,Low,train
324,-0.1323491854763497,0.8605125087519451,0.3959740693296791,6.276999258655945,0.1284304825158025,0.8527311683248125,0.3700316255890585,8.014486537204172,0.0702847195650674,0.8416511335687608,0.944307638863416,16.851326960292397,0.8516316035485061,0.8527311683248125,0.8527311683248125,Medium,train
325,-0.1339629903588606,1.1708945479528736,0.1988639500327865,0.6441978213784143,0.2323854419796394,1.1450604761775551,0.1659546744858097,1.0022448307500025,0.1867331823221439,1.1773379692031252,0.2808240405990451,1.0885142991503989,1.1644309977778515,1.1708945479528736,1.1708945479528736,High,train
326,-0.1674644265082555,0.918080832028026,0.6199685241931214,4.0604051314605405,-0.2052539892101253,0.9214405332881948,0.9438447158332082,8.424991039253246,-0.1972558497487159,0.8852303599756619,1.1891120236390775,11.520000165640342,0.9082505750972945,0.918080832028026,0.918080832028026,Medium,train
328,0.0943858319389307,0.9045310393447522,-0.3087611762651435,0.4222865504060276,-0.0490350679023545,0.925886609359511,-0.2628057732528662,0.656023752224884,-0.0658356393455656,0.9120815985185246,-0.2114166101643136,0.7644385593775946,0.9141664157409292,0.9120815985185246,0.9120815985185246,Medium,train
329,0.0590172336008612,0.790302576791648,0.7798255747549449,8.914406855479697,0.0493596137216181,0.8053164119005753,0.7842405649985009,8.998986766230802,-0.1974119563947582,0.7934912768812993,0.9503488499836952,10.514882629548314,0.7963700885245074,0.7934912768812993,0.7934912768812993,Medium,train
330,0.1798383740287752,1.0838464948386195,0.2276648327295577,0.5795045511519685,0.2956143178202809,1.0573378895776888,0.2885785844219482,0.9092551623270086,0.2336158505961705,1.0868089459367245,0.3008183768940352,0.8946866899839354,1.0759977767843445,1.0838464948386195,1.0838464948386195,High,train
332,-0.1677263863273584,1.1574290152066873,0.1872017005753199,0.099340868711975,-0.1676285078443634,1.1613182763250898,0.2246560513871643,0.1849332987615057,0.2515127011048872,1.1618227281270448,0.2119911249296372,0.178559837677652,1.1601900065529407,1.1613182763250898,1.1613182763250898,High,train
333,0.2020458946259061,1.212908637207817,0.1455468920356475,1.0459365652842116,0.1895770831092365,1.190981993746685,0.0815631986700848,1.292807588443802,-0.1676021796939976,1.221167291962312,0.1515704949253801,1.5239038370071238,1.2083526409722714,1.212908637207817,1.212908637207817,High,train
334,-0.2133651122934999,1.181488785416821,-0.2007819170828349,-0.2174787326943907,0.1366066477780253,1.1491003174847274,-0.0687155437299563,-0.2042192329646743,0.1183984815099375,1.1716045635553924,0.0190815439956607,-0.1131437767589056,1.1673978888189802,1.1716045635553924,1.1716045635553924,High,train
335,0.1811493905339887,1.0848962041100392,0.1797738304202389,1.1144429316300677,-0.1519424636353001,1.052285992953547,0.2366658986053992,1.5797023326060904,0.2826125170538145,1.0994417920088506,0.2967983590422246,1.666418916701125,1.0788746630241457,1.0848962041100392,1.0848962041100392,High,train
336,0.2130950521518442,1.2167901157536027,0.2332347552416043,0.2136166434189519,-0.218432423001376,1.203246357197768,0.3275967018154168,0.4032422757916745,-0.1800989945056586,1.2094610488215791,0.3931260496620662,0.5210120454873306,1.20983250725765,1.2094610488215791,1.2094610488215791,High,train
338,0.1043109827979343,0.8647274921483709,0.8819937639941602,9.029209442040743,-0.2161833565360083,0.8627852193685812,1.1840950335875804,13.0837681753158,0.0481708872091821,0.8353656749851167,1.4001857016996873,18.237727904659444,0.8542927955006895,0.8627852193685812,0.8627852193685812,Medium,train
339,-0.1950983882549016,1.0717214923663334,0.4250505357283372,2.613421618434128,0.3238278355135343,1.068798850549184,0.5902380792689372,5.481156841095659,-0.1578797623396257,1.0183281385218508,0.8229851730374512,7.398197882979321,1.0529494938124562,1.068798850549184,1.068798850549184,High,train
340,0.298825122843857,1.210712696245528,0.305265227257334,1.175426123846159,-0.1858025144934645,1.15763759539645,0.2754357795211222,1.6062112542437976,0.3373494652293112,1.1997293637341486,0.513998468487055,2.4462552915128644,1.1893598851253755,1.1997293637341486,1.1997293637341486,High,train
342,-0.1611824563736098,1.125745651232409,0.4341606767710944,0.9544395478157744,0.3058070269052239,1.1374701716333182,0.4492474663948567,1.6016253834841043,0.2294020645639556,1.1665012817097882,0.5642086005154694,1.9544094770234728,1.143239034858505,1.1374701716333182,1.1374701716333182,High,train
343,0.0806422382150481,0.8878006211910594,0.1675401121513647,1.2872890423346908,-0.0480521644643913,0.9025338254565528,0.0412615664992554,0.9873866539932096,-0.1091646628397405,0.8783486691792616,0.4942425199689521,5.144126152523803,0.889561038608958,0.8878006211910594,0.8878006211910594,Medium,train
345,0.1717984412106834,1.188355109472943,0.0069654836139925,1.7724711210022734,-0.2606830233242826,1.1605520627429735,0.0776239662540287,2.4346231347614147,0.2354789862132934,1.188422961808564,0.1153501230640712,2.143879470911864,1.1791100446748268,1.188355109472943,1.188355109472943,High,train
347,-0.1996359213497074,0.8673841186011098,1.5129384157323262,16.777118110447123,0.0681236124167521,0.9195175151573062,1.364210255772413,15.915878505441077,-0.218058297061295,0.8468381364262426,1.9029216038960384,23.6403165583884,0.8779132567282195,0.8673841186011098,0.8673841186011098,Medium,train
348,-0.1837467493642841,1.2023846338419812,0.4737238707371842,1.981694188297423,-0.2340513191594952,1.2092706928218986,0.3987504017450324,1.7341510270157805,-0.1116978696761259,1.1999684409747071,0.5346530911288253,2.970154449986647,1.2038745892128622,1.2023846338419812,1.2023846338419812,High,train
349,-0.1489561985853955,0.8156759729933182,0.3155974266947579,2.571392007426613,0.1002047690605486,0.8176444700181217,0.4319225462182009,4.263555128432151,0.0666930335482421,0.838064896424864,0.5653953059955922,5.190196477536691,0.8237951131454345,0.8176444700181217,0.8176444700181217,Medium,train
350,0.1729840990785859,1.2412879614470065,0.3513912155091896,1.4073852410496135,0.2308215248205733,1.2092147455442968,0.3593581373115638,2.107191995493615,-0.1370147911627052,1.1520147534989844,0.6827928150084661,4.815401818501917,1.2008391534967624,1.2092147455442968,1.2092147455442968,High,train
351,0.0847159952812181,0.9689410485912624,-0.0691714003564753,1.1028345704062854,0.1239513459120257,0.981752294985291,-0.0139675328410866,1.5934352998360497,-0.1124000079154559,0.96169842190243,0.2410177393798508,2.503802809128664,0.9707972551596612,0.9689410485912624,0.9689410485912624,Medium,train
352,-0.1816768080891745,0.8664376005663773,0.762922965424775,6.398791784385892,0.0788107528658129,0.880748263879994,0.9068396596506948,9.291802532383764,-0.195598760540101,0.8363159888627681,1.4736158064696216,17.44673039070017,0.8611672844363798,0.8664376005663773,0.8664376005663773,Medium,train
353,0.0721906404173503,0.9741696774443852,0.2361210919111895,1.6496586858754192,-0.1435679067269628,0.9981594854909892,0.2588295662910844,2.130203984230932,0.0966897199923582,0.9704770737131064,0.1898097130984854,2.1169932229181523,0.9809354122161604,0.9741696774443852,0.9741696774443852,Medium,train
354,0.0101889037936057,0.5993865429899761,0.4636488221570899,6.112423570147593,0.0464682895023844,0.6152212897957668,0.7600099424881969,13.789905604433258,-0.052998593972289,0.587529511687255,0.9645159227147594,15.63480842281844,0.600712448157666,0.5993865429899761,0.5993865429899761,Low,train
356,-0.1795159765550014,1.0297717057411415,0.3616810862766073,1.7433101104238815,-0.2072847659390092,0.9996014338621768,0.471385465701031,2.948386140016764,0.1828667631458904,1.0367284003479762,0.4087144453379499,2.3147863195130407,1.0220338466504315,1.0297717057411415,1.0297717057411415,High,train
357,0.1778978801033063,1.149983122445274,0.2878784546621704,1.5991133279672338,-0.2074972145505354,1.126802538029933,0.4208168829837428,2.665802716753128,-0.1773780455781894,1.1113198657324868,0.5952318708735398,3.1672893597163245,1.129368508735898,1.126802538029933,1.126802538029933,High,train
358,0.0930829320321451,0.8018186645051983,1.2526453672455593,16.52735196090899,-0.2088763577181588,0.8030619774076361,1.377466400484811,17.901650064625688,0.0633914542937494,0.8328783347166464,0.98697869011734,10.68046513385504,0.8125863255431603,0.8030619774076361,0.8030619774076361,Medium,train
359,-0.1848949516006432,1.1081362766659462,-0.2514479018189182,0.2790269590332448,-0.138649677493296,1.090212252705958,-0.0898376588141112,0.5175120502508062,0.1560233373209734,1.0872069015049892,-0.0138170495551193,0.4595263255024258,1.095185143625631,1.090212252705958,1.090212252705958,High,train
360,0.3299939574227107,1.2319889387946876,0.4378649158701986,2.4780217095440653,-0.1507034290342348,1.1964639858065256,0.4424431143380867,2.6717860029369582,-0.1988777210389462,1.1792409969197872,0.4905289375076854,3.0498494629604016,1.2025646405070003,1.1964639858065256,1.1964639858065256,High,train
361,-0.127572794246724,0.9267339984728068,0.436514181935757,2.068354412744424,0.103955538188306,0.9358889828374636,0.5262741888047202,3.000027909828808,0.0854907626407132,0.9301817204314816,0.6025266861411352,3.868105591376176,0.930934900580584,0.9301817204314816,0.9301817204314816,Medium,train
364,-0.234591966804302,0.5471610301882295,4.80574379490282,107.0172545317598,-0.0862788820368855,0.5750603802869726,4.060830273176346,88.13644214524902,-0.2747208100570555,0.5435018308180883,5.837801446655363,137.924395624499,0.5552410804310968,0.5471610301882295,0.5471610301882295,Low,train
366,0.1316191470659083,0.9178764746291356,0.4594540127686009,4.4086782277979095,-0.1647886661196377,0.9278787546369602,0.5840681534349194,5.436549098048149,0.1392385840838586,0.9090435407728888,0.6572296919251762,7.105248979976249,0.9182662566796616,0.9178764746291356,0.9178764746291356,Medium,train
367,-0.0821255942729009,0.3670072487016423,8.363798757082243,247.9073148295399,-0.0187061945327639,0.3624291529219227,9.62489534508305,305.30285479676,-0.1875604629678339,0.4232018829510441,12.850422369367582,405.3527881100431,0.3842127615248698,0.3670072487016423,0.3670072487016423,Low,train
368,-0.192368666836454,1.148880565324584,0.2024163593194582,0.9442474413479468,-0.1620223551551499,1.143709033933895,0.136874310869512,1.144529989113008,-0.1522201448799752,1.1302258930746978,0.4044981329304444,2.337216550336879,1.1409384974443924,1.143709033933895,1.143709033933895,High,train
369,-0.1613232323962163,1.0741252869422626,-0.193433205529199,-0.0121612341967307,-0.124302401412068,1.0381585390733048,-0.1338958870156996,-0.0189903615868729,0.1833331197788602,1.0489325645371643,-0.1656868004712958,-0.002528739176216,1.0537387968509109,1.0489325645371643,1.0489325645371643,High,train
371,-0.2280984375239957,1.2440393154198195,-0.0144590886982276,0.2879802722821445,0.1764462099287198,1.244387363914364,-0.0602128382861236,0.5805558874244396,-0.1425258150112006,1.2341711507083313,0.1000105876017796,0.381303647627857,1.240865943347505,1.2440393154198195,1.2440393154198195,High,train
372,-0.0806161310939706,0.8320670226353664,0.2208471456712396,1.4750194199611224,0.1284097737921226,0.8255087716553028,0.2696516368387405,1.926799651606752,-0.0848330222955709,0.8206715320614049,0.3259085323841526,2.067617358997227,0.8260824421173579,0.8255087716553028,0.8255087716553028,Medium,train
373,-0.1805167958223174,1.2273225298802874,-0.0009350746734741,0.6873209290934583,0.2061148520206467,1.22224001984916,-0.1141517448985678,1.3981129131211336,0.2430707516757519,1.229276446203373,0.1403133929406322,1.220649030252111,1.2262796653109402,1.2273225298802874,1.2273225298802874,High,train
374,-0.1505092558943398,0.9027948272083944,0.5459917260596316,3.278211861750764,-0.1670034426918151,0.9008743117029488,0.7826282042244531,6.441859559015807,0.1620705304096488,0.907529665507729,0.6867328792182339,5.53934663023656,0.9037329348063574,0.9027948272083944,0.9027948272083944,Medium,train
375,-0.1678384103936225,0.7661151231093193,0.4807022474482659,4.848372879825553,0.1027784439426353,0.7562899848534548,0.6507798694701341,7.939440129230842,-0.1354090889336658,0.7797036314102398,0.780171511326976,8.781862107037472,0.7673695797910046,0.7661151231093193,0.7661151231093193,Medium,train
377,0.1735626541841877,1.1405222485036073,-0.0743111841316244,-0.0150507678865641,-0.1417080446146756,1.1471229461621115,0.109394448676348,0.1034488200508829,0.1589265218717268,1.160452911750849,0.1595459286735416,0.2917797158785493,1.1493660354721893,1.1471229461621115,1.1471229461621115,High,train
378,-0.125845275200948,0.7647143286882987,0.2813085850559736,2.9556603218362136,-0.0801306556149427,0.7788772389244714,0.2822761479756167,3.2413940307317164,0.1143043638616077,0.7661412823794649,0.3543959512527268,4.711633681521228,0.7699109499974117,0.7661412823794649,0.7661412823794649,Medium,train
379,-0.1543209368099247,1.2356115351829189,0.0605021066141351,-0.0823711248163756,-0.2202144476477091,1.2133078199517755,0.090015990494582,0.0370508842701799,0.1243217943216075,1.228000780280974,0.1155889614334214,0.1573939935642654,1.225640045138556,1.228000780280974,1.228000780280974,High,train
380,-0.1224717889094621,1.136293933212846,0.564340752936053,2.7422532617658915,0.3009267307594901,1.153135161734424,0.5220415943196046,3.590906704361504,0.3189281845283444,1.1608707026356917,0.7407151937771869,4.629588364527215,1.150099932527654,1.153135161734424,1.153135161734424,High,train
381,0.2881824608555725,1.1701750465721923,0.4357894258919405,1.2147071716718385,-0.1521521236106625,1.1555678823190376,0.6002654326458491,2.063204343830756,-0.175761757395084,1.1397891031689067,0.664989816995129,2.2979966976235096,1.1551773440200457,1.1555678823190376,1.1555678823190376,High,train
384,-0.1796652797398795,1.1456958904592869,0.4629434712216427,2.4953608706145216,-0.1250486252931198,1.1419765655056575,0.6320025990218894,4.055422023113169,-0.1605478781125494,1.1209065790880248,0.6778604627302391,4.209335944260119,1.136193011684323,1.1419765655056575,1.1419765655056575,High,train
385,0.3553716894502768,1.2601442515780692,0.4377164104001571,0.815576025340143,0.4016319050923115,1.2384077836741911,0.565172469486283,1.6296609633027843,0.3981918266519522,1.2661919101169743,0.6656580592073765,1.9907247193587247,1.2549146484564115,1.2601442515780692,1.2601442515780692,High,train
386,-0.1076852397421947,0.7958076641224335,0.3022576895708267,2.361866438867369,-0.0758463212032818,0.7924517703381962,0.2380931900489909,2.4651781883487267,0.0843920307272006,0.7946794999372014,0.363231046153376,3.786683314221526,0.7943129781326105,0.7946794999372014,0.7946794999372014,Medium,train
387,0.2528030044694869,1.0574156692064836,0.2202689876384433,1.0383218809796784,0.2277728396153179,1.0452456880447336,0.1735345608091935,1.5211164519328353,-0.1265959647160998,1.0338270835206398,0.4507628624379157,2.854456780897598,1.0454961469239523,1.0452456880447336,1.0452456880447336,High,train
388,-0.2221639570054124,1.0110119277975271,0.7171318534854504,4.611621127509006,-0.1536979210395978,1.0288294296115197,0.7715766335347171,5.504896492456714,0.2153056446399001,1.0529601718579733,0.7039727370428402,4.773530809014217,1.0309338430890067,1.0288294296115197,1.0288294296115197,High,train
390,-0.1574089997897783,1.1607559915169832,0.2077068750173036,0.8886724683827558,-0.2045986919432933,1.1252928265812796,0.2596549811155354,1.4521773005757712,-0.1922407392050516,1.158071768075289,0.3131161581005112,1.4178199608013389,1.148040195391184,1.158071768075289,1.158071768075289,High,train
391,0.2314214111657952,1.1995967161691043,0.3800866956112795,2.9109973196515364,0.2588935383086001,1.191140316020039,0.4298917793841008,4.493994609208903,-0.1759441563044599,1.1541786546220458,0.4554470451762786,5.103685733114968,1.1816385622703964,1.191140316020039,1.191140316020039,High,train
392,-0.131199571559805,0.8427248410031278,0.6207096843701427,5.259448056936016,-0.1774178029012249,0.8610783488951478,0.8703102483226688,9.088993911834793,-0.1805162405286113,0.8360590936784968,1.1621587713456405,13.105854841404977,0.8466207611922574,0.8427248410031278,0.8427248410031278,Medium,train
395,-0.1676163584006291,1.0456370578018337,0.9911184964489004,8.764878901651471,0.2564876231285505,1.096358403493614,0.9446968111682852,9.143855086722464,0.2826317547781724,1.0988551959951889,0.9845718828949837,9.339587223674778,1.080283552430212,1.096358403493614,1.096358403493614,High,train
396,0.1009722461001121,0.7296448269888189,1.0566315082356212,12.519861222466137,0.1212440766886476,0.7285715010509847,1.7908273620754307,26.884738423938327,-0.1715391152513462,0.7183492311867242,2.0621247158004388,30.763846686056745,0.7255218530755093,0.7285715010509847,0.7285715010509847,Medium,train
397,0.3448717804074505,1.2326712911066575,0.6027438918993459,2.6413788472671005,0.3013154332941068,1.2176454981772362,0.6582955142433702,3.46535599271442,-0.1502478994490953,1.1434227791984488,0.946945956465106,4.869453041265735,1.1979131894941142,1.2176454981772362,1.2176454981772362,High,train
398,0.0778492442899127,0.9041244123351068,0.5725938636132334,4.830945139475143,0.1092485740569424,0.9080733159402972,0.7751046358843939,7.775008496346322,0.0953618501472128,0.8985368154654916,0.9654216108342558,10.384501927773169,0.9035781812469652,0.9041244123351068,0.9041244123351068,Medium,train
400,0.1670916406057488,1.2166362120956875,0.1079309908239301,1.3151793505331062,-0.2421591777691879,1.207572046010225,0.0326997509877931,1.438420785077973,-0.2061557331296354,1.2329393935007924,0.0223961049092809,1.3347093203578853,1.2190492172022351,1.2166362120956875,1.2166362120956875,High,train
401,0.0605407585950217,0.899427608597221,0.0430719077216794,0.3068827629820969,0.1275542958553029,0.9068749844273054,0.0510841545110261,0.2963308199430399,0.1192641986272483,0.895314818965973,0.1095497756549041,0.8277247340351672,0.9005391373301664,0.899427608597221,0.899427608597221,Medium,train
402,-0.1240190860058855,0.7893511943311763,0.5216404657939446,6.745502660826162,-0.0720946832087976,0.8035212970837399,0.7189194625968283,10.153313489031218,-0.1327433990816167,0.7899136768608264,0.8449264093891432,11.614071438025755,0.7942620560919141,0.7899136768608264,0.7899136768608264,Medium,train
404,0.0628990267761093,0.8187839965928745,0.5791591818553816,6.627817316097048,0.0962713196196598,0.814384497979689,0.9195820132526272,13.106805445989409,-0.1506992779496201,0.8052563895677384,1.0842708923179083,13.517012012204038,0.812808294713434,0.814384497979689,0.814384497979689,Medium,train
405,-0.0832241691448481,1.1416732702798762,0.5953055143332489,2.63398074405465,0.3118695757310325,1.1472804171175548,0.5845879227725836,3.2901733654103342,0.3332453655608398,1.1907059010122294,0.6776476128383435,3.504995812063706,1.1598865294698868,1.1472804171175548,1.1472804171175548,High,train
410,-0.0251805831422021,0.477379343889751,2.1452666446301865,40.70706420721644,0.0353022116879707,0.4880098336252365,1.392855282010346,22.98398465091929,-0.1729565092391423,0.4916880716674967,3.3313950611226293,73.82456767398057,0.4856924163941614,0.4880098336252365,0.4880098336252365,Low,train
412,0.318215060565132,1.2889299681734676,0.5351452778074703,1.6116905644920836,0.3103843923112083,1.2467288719049987,0.6306369899905497,2.9137198750334115,-0.0740784096919694,1.187872843861994,0.9370575819403446,4.666872166504593,1.2411772279801534,1.2467288719049987,1.2467288719049987,High,train
413,0.1524064702502068,0.7853260460831434,1.0589832636256815,12.565519519469678,0.1329706609505931,0.8058399818137086,1.145334808703545,14.194755380827733,-0.1285313635495101,0.7890525947223557,1.0242429512202935,11.302695255849557,0.793406207539736,0.7890525947223557,0.7890525947223557,Medium,train
415,-0.1196964608653539,1.1557802820624057,0.4433348598963355,1.5245394467842992,0.3355431145794375,1.1373406862233415,0.4995310630248376,2.864173309534757,0.3205689020508148,1.170696985036772,0.4696062352407019,2.363970154842605,1.1546059844408398,1.1557802820624057,1.1557802820624057,High,train
416,-0.2097106605184717,1.2182486986470695,-0.0580563684157072,0.94936696745099,0.1395445837897952,1.1897958177822865,-0.0564325929403555,1.2725127812191932,-0.1681237667851773,1.220301844124882,0.0126343501751993,1.6866486666494165,1.2094487868514128,1.2182486986470695,1.2182486986470695,High,train
417,-0.1548741678928319,1.10518492529698,0.7518614228828866,3.658246498586565,0.3457765578156771,1.1466421305708523,0.5893251432355082,3.099056330651198,-0.0971155831126243,1.104279355346206,0.902641947259621,5.242804241126105,1.118702137071346,1.10518492529698,1.10518492529698,High,train
418,-0.1621560468902646,1.2063980265335472,0.0787423217689805,0.3786499995152299,-0.2341800754732526,1.182730160898307,0.0680211183639436,0.7685225098761057,0.1952183507033987,1.196014401678351,0.2132854533492691,1.1278254486295405,1.1950475297034018,1.196014401678351,1.196014401678351,High,train
419,-0.1518856812619549,1.1390388991331477,1.014159472941689,5.183409589390097,0.2787587901158454,1.17683879271722,0.9161902304210168,5.399440937737952,0.4007668142086132,1.213167852788921,0.8888720089632776,4.833046939907463,1.1763485148797628,1.17683879271722,1.17683879271722,High,train
420,-0.1759324332585989,0.7283307386991055,0.8161141866772958,9.577209912472272,-0.201064094563213,0.7135561619005103,1.147720730363024,15.96136535765588,-0.1669295341387902,0.7430601759770457,1.7221917815312549,25.00791638690616,0.7283156921922206,0.7283307386991055,0.7283307386991055,Medium,train
422,0.1853276461182456,1.1176976159984515,0.0171247694397331,0.112968159079374,-0.1247488287939396,1.103298842993924,0.0581506613281151,0.2112059115247313,0.2618720191783031,1.1263556349742856,0.0511934726579858,0.3330691845211335,1.1157840313222205,1.1176976159984515,1.1176976159984515,High,train
424,0.0602767025916129,0.8190708964588914,0.0684093330238369,0.0799406565557356,-0.0771303811114637,0.8235953525388032,0.0956313776561852,0.1491162619284969,-0.0842498451621283,0.8119939065330437,0.1035145354385404,0.1741953067847452,0.8182200518435794,0.8190708964588914,0.8190708964588914,Medium,train
427,0.0068245778512648,0.3919610735168062,1.260339515738542,20.289284274508017,0.0176780458812003,0.3903535853061237,1.4728801849782838,24.86167602629024,-0.0666755595508568,0.3838041637561817,1.6035217006296267,26.57869873726181,0.3887062741930372,0.3903535853061237,0.3903535853061237,Low,train
428,0.0842374442760352,0.8700753957789182,0.3283101767350534,1.8408209454463336,0.1348341615393151,0.8818879367962359,0.3806526855964636,2.2620221196622685,-0.085105460771001,0.862759216272057,0.4210544005526757,2.536451376135494,0.8715741829490703,0.8700753957789182,0.8700753957789182,Medium,train
429,0.2230050835398682,1.1793058074430804,0.186772931479713,0.2408842709132326,-0.1854971494402021,1.1713022006710554,0.2765592988913272,0.4545876737933385,-0.1968568075276282,1.1667604642575216,0.3169201900689258,0.5177069014685092,1.1724561574572192,1.1713022006710554,1.1713022006710554,High,train
430,-0.1624601219483496,0.8929079387363344,0.775170064721937,8.80636118507539,-0.1901686425831085,0.9099160277319042,0.8316175804606881,10.01462591676922,0.0766566847841969,0.8838976474505096,1.1723613296928226,16.684423658439616,0.8955738713062494,0.8929079387363344,0.8929079387363344,Medium,train
431,-0.1147238892371247,0.777022514047051,0.4159820382640297,4.592339978545815,-0.1673616377427207,0.7717674288078719,0.6082894257847427,8.0585058026008,-0.1646276044791583,0.7772098895143549,0.6895936019872151,9.084077147424145,0.775333277456426,0.777022514047051,0.777022514047051,Medium,train
434,-0.1109803728156189,0.9514139481382548,0.1951013990446299,0.655723640279648,0.116860602453164,0.9800769727717,0.2580182378503476,1.0066179593503888,0.0824567530756254,0.9517285360109896,0.309585253629498,1.231625500895322,0.9610731523069814,0.9517285360109896,0.9517285360109896,Medium,train
435,-0.1558000705975862,1.2198021316212722,0.2183928512344156,0.5176882171072994,0.2396899122489568,1.2159886240801536,0.2204543050652944,0.9286209924026044,-0.139992088364239,1.2147856193118418,0.3087209775775606,0.9040962870762028,1.2168587916710891,1.2159886240801536,1.2159886240801536,High,train
436,0.2616773477639979,1.136600447236166,0.3694741663310977,2.051176008850767,-0.1659043413758484,1.0635160369330583,0.4867227189218334,3.5888519159706123,0.2401093267684645,1.124444781133376,0.4265931835842447,2.3585484536245893,1.1081870884342002,1.124444781133376,1.124444781133376,High,train
437,0.2587253406132275,1.2684300789886802,0.2469372786742976,0.4179100820072063,0.2719305180073672,1.2452827437735223,0.210500382302656,0.6995777065652868,-0.1650780753552311,1.2093804410528837,0.5377614796915193,1.903887363999852,1.241031087938362,1.2452827437735223,1.2452827437735223,High,train
438,0.2457747083291879,1.245178585922632,0.3399879791929963,0.7724354908655746,-0.1222947026920601,1.2312376742991409,0.4689599394835582,1.4621866220496162,0.3329264966976412,1.2418364426320838,0.6363115391747906,2.6081613132039063,1.2394175676179522,1.2418364426320838,1.2418364426320838,High,train
439,-0.2540680798504151,0.8124322538692398,1.818663489768344,20.54914034518993,0.0871241982902979,0.8553975884361424,1.6912668408346436,20.336257140092595,-0.2562701090397857,0.7547437420113831,3.035877524688526,45.13588929259826,0.8075245281055884,0.8124322538692398,0.8124322538692398,Medium,train
441,0.051130445606221,0.839310664609155,0.8800294787762767,10.577483991580976,-0.1734410377994747,0.8463155537379959,1.050338702295075,12.467019627090464,0.0923688537374788,0.8431649113191867,1.1068396668790377,13.369891121837153,0.8429303765554459,0.8431649113191867,0.8431649113191867,Medium,train
443,0.2408182160595401,1.1847101912395126,0.2005094154544056,0.1764593206753333,0.2020231629591043,1.1869002251413685,0.2215413287704085,0.2734385844959122,-0.1552224702960598,1.1966003500698166,0.3189625245816365,0.4050008564531979,1.1894035888168994,1.1869002251413685,1.1869002251413685,High,train
444,0.1917925159109307,1.1326013114868805,-0.0700010163712911,0.4888386144574879,-0.1817165267216962,1.1132626551202949,0.0877228678830645,0.7086997806985695,-0.1291046916167717,1.149004736093439,0.2312746154259928,0.6820929912701015,1.131622900900205,1.1326013114868805,1.1326013114868805,High,train
445,-0.1438420235121605,0.8187854057378301,1.2507554207507638,16.848531289070554,-0.1538233116481712,0.8172886095230174,1.4993000714525944,22.245332684722445,-0.2073494519186232,0.7906645177640828,1.7804838391711872,27.289121009507483,0.8089128443416435,0.8172886095230174,0.8172886095230174,Medium,train
446,0.1629277906161785,1.2388635999309725,-0.0550676047313104,0.0516608219865859,-0.1360638526947054,1.2584076283404908,0.0993384983417218,0.0146493668945066,0.2308003851779683,1.2675833438725008,0.2844624301664655,0.5365299616329797,1.254951524047988,1.2584076283404908,1.2584076283404908,High,train
447,-0.1406541663596278,1.1656436263711656,0.4027553092602283,1.6873175196361752,-0.1818291554903955,1.1623722391654423,0.5348887130493402,3.242471606547777,-0.1621995997970229,1.1621197316941108,0.5953952384125841,2.27068875108888,1.1633785324102397,1.1623722391654423,1.1623722391654423,High,train
448,0.0743471389546383,0.8310069853024379,0.7474983979399089,11.471631254915964,-0.1234073228951207,0.8603311440903787,0.7518180624667483,9.447131804959264,-0.0996085134882319,0.8842341443151515,0.3223872239130757,2.7772949803482883,0.8585240912359894,0.8603311440903787,0.8603311440903787,Medium,train
450,-0.1185361610637509,1.2258615793793255,0.2616542255781329,0.1119914879538028,0.2788579724468372,1.2419856179232909,0.3050394341009676,0.2461771119746765,0.2422632328674746,1.263150142351433,0.3396388656300937,0.346610154228697,1.243665779884683,1.2419856179232909,1.2419856179232909,High,train
451,-0.018899456260295,0.7469082201731314,-0.080972294463644,0.2928932092815293,-0.036999175996063,0.7400728090131812,-0.043583830636873,0.4884108878577917,-0.1004517159343039,0.718833043790966,0.1068968069070222,0.6983396444226471,0.7352713576590929,0.7400728090131812,0.7400728090131812,Medium,train
452,-0.1280645253432908,1.0555957991715887,0.2977905445526196,1.7057072534722693,-0.1679845489043565,1.0466711314920751,0.4031306759442324,2.955936471515523,-0.1956531021049463,1.0220845902181086,0.6440711811813399,4.888849320980094,1.0414505069605908,1.0466711314920751,1.0466711314920751,High,train
453,-0.1779102711411501,1.144861440192294,0.0921576734109859,0.19111414489132,-0.2123852545016211,1.1345522604192173,0.1719504414779407,0.3304578648299685,-0.1379998266183869,1.138672884155706,0.2119206626198861,0.3421473141559819,1.1393621949224058,1.138672884155706,1.138672884155706,High,train
455,0.0822455279163564,0.9450103945078572,-0.0444293639754453,-0.1700095652909432,0.0669123240766585,0.9363571972543472,0.1038510393382289,0.086285833743426,-0.1352714102278074,0.9215546748043152,0.1650471818137051,0.2108708642944949,0.93430742218884,0.9363571972543472,0.9363571972543472,Medium,train
457,0.2236057183365503,1.1841823772307964,0.2791739720873771,1.870232123542936,0.1772609179468275,1.1913263942918193,0.2787050397392215,2.080062715867669,0.201144318303014,1.1887412781354638,0.4190133392757268,2.18821006502862,1.1880833498860264,1.1887412781354638,1.1887412781354638,High,train
458,0.0251297184926174,0.6360395417524783,0.0992414794042101,0.2704350214427369,0.0348917625217145,0.6338700537661737,0.2034033241682527,0.964311177016298,0.0271887443235732,0.6059862434385278,0.3010063190145562,1.9008650918563583,0.6252986129857265,0.6338700537661737,0.6338700537661737,Low,train
459,0.0658834917515319,1.2266195534690802,-0.2810094570247702,0.1191023014117838,0.1600190685106559,1.2395905050123073,-0.1790419860976514,0.0948090755597528,0.1536833807137212,1.244199588980501,-0.0385956066028898,-0.0330982725991817,1.2368032158206297,1.2395905050123073,1.2395905050123073,High,train
460,-0.1159710733317982,0.87659256225831,0.0091487527643047,0.291217248703004,-0.0498232708696868,0.8864320731663368,0.0424129444151385,0.4432067452012642,0.0832832682381137,0.8673788926623056,0.0634639133448188,0.5450015122627025,0.8768011760289841,0.87659256225831,0.87659256225831,Medium,train
