image,severity,R_mean,R_std,R_skew,R_kurtosis,G_mean,G_std,G_skew,G_kurtosis,B_mean,B_std,B_skew,B_kurtosis
001,1.1135137334964385,0.1895247782444602,0.9999999999999998,0.15069823511204217,0.7395521352886503,0.22383535826052864,0.9619405875389049,0.06266733186739663,1.4780549967002736,0.18464843876655462,1.0113994286157342,0.3222593107059078,1.755400946632152
002,0.8724377105932243,0.1381838058077839,1.0,0.08378065742554486,2.6457651369637203,0.14000621257901244,1.0010365682903883,0.28643769305832056,4.716563842407212,0.15422811848306925,0.9925408817255784,0.3507921353690014,4.881276366285308
003,1.16995467006133,0.19355538219481183,0.9999999999999999,0.33768257547120467,0.9094443157704712,-0.17444997203654294,0.9883999163950221,0.28714305597542583,0.8280246365850803,0.24665722196936637,1.0015183572463784,0.5493130440016637,2.683528316809223
004,0.471737131087787,-0.11777720845531779,0.9999999999999999,1.2617302281919964,20.558375990320332,-0.11679469139343338,1.018740563320553,1.970702742882209,39.46263936264268,-0.24039596443383296,0.9901181173646848,2.676340700549711,58.63689231639066
005,0.5231371923673289,0.13565587503643067,1.023457625963251,0.31455695704805575,4.3903977984535585,0.02122895793699733,1.0,1.147140835076376,20.543561560179604,-0.22576653384342515,0.9780544120429291,1.5887480060320796,31.045260219039335
006,1.1946597749861965,0.23121082449482125,1.0209124501006184,0.26268998726280207,0.7721181730356461,0.21056732216849136,1.0,0.2815525062140212,0.9897051495677913,-0.18458202055924602,0.9830444234640957,0.6035507931247653,2.429406479494153
007,0.969696145888771,0.11208355498719902,0.9957302786345763,0.033663054893137805,3.1757139388365783,0.11295783306532615,1.0074080565773218,0.16718324386519412,4.941084482929328,0.1012576986440673,1.0,0.22941907331592692,5.806427670454816
008,0.8793171077611397,0.1077711914155648,0.9751783063253443,0.30110838221226144,1.2222646763901261,0.11121531786808629,1.0,0.3672401893378663,1.7759001203780187,0.1733525464967047,1.0060932666459155,0.40407060158374186,2.2417852460786527
009,1.0841185174832664,0.2242656895769854,1.0,0.06270492462629247,1.3802980634286843,-0.20582078156703637,0.9979138753688144,-0.15495027761478505,1.453043635813513,0.13580289581423577,1.0151294947893719,-0.39730709979548756,2.476147924498518
010,1.1738716879172628,0.18975387987363476,1.0440523841843508,0.4235871119770087,1.441599212004105,-0.20556596693019627,1.0,0.46878705310037644,1.9047246127178497,-0.14726722804561637,0.9873366826939287,0.7335838268718814,3.3631259447229764
011,1.061975610094688,-0.22266819691297643,1.0,0.5527006235450114,2.7521203455313126,-0.16578243336917625,1.0205926558994565,0.5210843272859514,2.824053233768476,-0.1223455282123115,0.9881951988111476,0.7900503830720079,5.619159596189181
012,0.8166818912627493,0.11273364751257779,0.9999999999999999,0.489080914229868,5.6285127869681055,-0.12560597877257237,1.0199984877714503,0.7574816237105045,9.043820149285754,0.07342074080979127,0.9828239954962472,1.0731820608614957,14.766382989227807
013,0.7432234920953111,-0.02444438427424143,1.0056126324259758,2.468050336956541,41.22908168228235,-0.2978913247593949,1.0,2.919322138694272,51.96984426672843,-0.01146141369231933,0.9895860680877454,3.0599622199896346,55.460029944077505
014,1.1415513659694982,-0.171662312445517,0.9999999999999999,0.7155853584476722,2.3978740342750102,0.3303370526552189,1.0226783928210563,0.8229437427950946,4.506838187897825,-0.09968971363842034,0.9511752594202717,1.218705778870303,7.604505455585709
015,0.8649571204052556,-0.13163587955900283,0.9875445970628042,1.1558435117266426,12.65455629714646,0.17513719992124496,1.0294067131872546,0.9994815105753804,11.344955741861778,-0.15690441257417012,1.0,1.2665563943749976,13.290166785489994
016,1.240633560271749,-0.14429331106906018,1.0,-0.1224137673549985,-0.02298368339356527,-0.1170404043897954,1.0067862362506068,-0.047782484288476666,-0.0249056598232138,-0.1644990291593489,0.995466051393551,0.05367857368486294,-0.0724788080999903
017,0.8390743571501175,-0.1349701970317457,0.9974051508613215,0.11681398047803357,2.113215691291021,-0.10284158402497214,1.0,0.1156308647760151,2.7949144349892565,-0.099154174085533,1.0046899753461198,0.28385643862833615,4.480372395615856
018,1.213337794055492,-0.11063781236988023,1.0,0.2677956993073578,0.6409066671258383,0.2615282428692369,0.9825797111634722,0.32795910005572104,1.4190344007158417,0.2791059621695697,1.0006684777811654,0.4210050082865462,1.4444756015050508
019,0.8453061531634464,-0.22398157057889168,1.0,1.046936649829675,10.236840094613692,0.18274890524183154,1.0185059495420394,0.9551953802671704,10.678929066166807,0.09448754021614038,0.9772739268036861,1.967734919556573,27.283516996743057
020,0.7681281221950583,0.18688051182802448,0.9999999999999999,0.3751868138380693,5.834828708340314,0.15599752221484947,1.01241512485267,0.4323142739379716,6.785179924825714,0.13348631763969082,0.996928581418646,0.563476444729721,9.302462012003984
021,1.043959870845047,-0.15064258193451477,1.0,0.8741685063440129,6.447088083736711,0.30919838612738815,1.0597192361247298,0.5838328390393599,4.4176888680866515,-0.2162312170872958,0.9767414417085174,1.0255456393973772,9.430042515038899
022,0.7632083179328683,-0.18678810448681266,1.0,1.0806354470300636,13.646217301770275,-0.18075163281231246,0.9900199842217565,1.360810873765637,19.762310966195418,-0.16585607974730715,1.0189674801396806,1.2672844517823587,16.36560168324693
023,0.5237633020412751,-0.11804405697848501,0.9834382751253933,3.2530162127547313,67.96108261528427,-0.17266080875819007,1.0,3.39400201408914,73.8962033745306,-0.13369325178503505,1.0226829606511478,3.6351356491746096,78.51720351327697
024,1.2171950449988873,0.16166204944014786,1.0,0.04426378928897783,0.7731748765629769,-0.15915574076627056,0.9979447787231616,0.06952113385413063,1.368265073241134,0.24049246829173382,1.0011668161926395,0.2904952552828596,1.4676229304620687
025,0.9397146638406906,0.08576036098832839,0.9976464221763167,0.004585316769148322,2.1796618391508717,0.12785096442520855,1.0026312721589707,0.09767967756554839,2.907780421005831,-0.10375967449745187,1.0,0.19605842858154796,2.756563825313558
026,0.8499251462429648,0.13291276444255115,1.0,-0.06305868605072015,0.21037340215631328,-0.1255137359329295,1.0056723395998752,-0.020923667632617767,0.39187000425828966,0.1118967586019921,0.9837773638935411,0.2346787049364469,1.550017258099361
027,0.9078644367263634,-0.20415296470463404,1.0,0.6561299623449902,4.987038998031112,0.09754454586006814,1.004585704796761,0.9079371249636968,9.557038158552645,-0.192855291252583,0.9793220665873744,1.2575444646295226,12.54023304978211
028,0.4742839165599703,-0.12053661907188999,0.9999999999999999,3.8380026586094664,88.78253375091718,-0.16243653076784012,0.9999223366398797,4.562629273009621,113.41872240868304,0.0381826242803037,1.0491244623224678,4.90107152110165,123.423924317744
029,1.13558385827009,0.28238576457373227,1.0248981425908412,0.8591284752298316,4.7855233529252805,0.2351950192127267,0.9722249123352954,1.0920490941743586,8.334179635745759,0.2990976581504175,1.0000000000000002,1.1174701424577291,7.614507952158716
030,0.7921288291691372,0.12058179379835166,0.9983884857998805,-0.7970768215747993,0.051842736235746756,0.0778011680674994,1.0103838076549208,-0.7190405604675815,-0.12712079430544065,0.2779124153814744,0.9999999999999999,-0.567110544826362,-0.3332241776172076
031,0.9341179382804524,0.12139581879580422,1.0,0.2414008143613701,1.0866627220362357,0.10589986373333217,1.0193183811599746,0.20702418574062612,0.990241091196074,0.13321915143103918,0.9902847177316928,0.571978003600351,4.497672386017508
032,0.8599499103779575,0.14235911581246113,1.0,0.4274020077371343,3.652762164083885,-0.1741777394588178,1.0200715265593299,0.4298612140498179,3.626495091771683,-0.17381422123597817,0.9966957693914079,0.6222314540179138,5.66575211971775
033,1.246939019979685,0.3058217543278106,1.010701582653566,0.590548173933436,3.0903533717822738,0.2722841641870935,0.9850707350636528,0.7037334036025316,4.829189052849487,0.28719103969519816,1.0,0.7236295014069294,4.264913499905832
034,1.1420454716794235,0.22275336540435262,1.0000935439986345,0.6627246704708355,2.8774286199079055,-0.201984876604607,0.9567222123993153,0.9398004067706803,5.185664361229021,0.22223744843844212,1.0000000000000002,0.7103415826619665,3.1589381004473465
035,1.1926704625009776,-0.12438494201029986,1.0118026782628815,0.44073642109146016,1.465824773878956,-0.18187671756664792,1.0,0.4427157613811845,1.810379787851411,-0.11198581516956836,0.9586106529752209,0.7266666517785704,4.620202832753887
036,1.2315807374614651,0.10294778903409342,1.0,-0.2644955452438271,0.5199516832105577,0.11205419721653259,0.9997500122991555,-0.19694022872679273,0.45800722294372287,-0.11213879262134555,1.017757624051345,-0.10073251809213023,0.3423690925209355
037,0.8724590208763536,0.10599626839216557,0.9998418830475981,0.1426120442693981,1.1806798257514082,-0.11781350610967603,1.0232428372967917,0.16542324627838634,1.442518824777733,0.11670901206625518,0.9999999999999999,0.16723884214749477,1.8383823187374935
038,0.4933853413401734,-0.15175436856274463,0.9984146793679257,2.4485731879922863,49.40902305287316,-0.07136368149303099,1.0,2.5928395961698296,55.16330990031589,-0.1674887467772488,1.0377532644291847,2.8831023442894437,59.851696566875525
039,1.0633759046513638,0.2040064972666743,0.9999999999999999,0.10505123800545654,0.13395337012456743,-0.20162193408375356,0.9936369405046366,0.192465451854028,0.3314156185783732,-0.19252021909924202,1.0088198186346975,0.24904948643370223,0.5123543249551359
040,1.0810990786993138,0.20996705556011952,1.0453690295315956,0.378966774149625,2.8877736052990617,-0.13150981622108407,0.9963990634538658,0.4759248385569368,3.8299502686430715,-0.14740696411864743,1.0,0.5567869792419434,4.564527271095975
041,0.9047260248152852,-0.17589683153583505,1.0,0.524913997335083,5.225038497735234,0.06206326093401987,1.0277418244023078,0.551587104420338,5.9941918113322785,0.1162545901913099,0.9963630408244152,0.5735794069694166,6.680752120473821
042,1.1306222303883908,-0.12803176792872256,0.9999999999999999,0.19588912686919382,0.5566772710168713,0.1643301530852906,1.0097300319039055,0.2406404851132212,1.308095496727299,-0.10345613541376679,0.9833833276959337,0.4716098823338584,2.4628894590993458
043,1.229648273286486,-0.1521919583669994,1.0,-0.026111532381486006,0.34012294919395325,-0.13036086049529755,1.0024912792321936,0.05862723871928887,0.545856630640599,0.10390822374679137,0.996285787823752,0.08794146291160938,0.4788057006067308
044,1.1388862090534946,0.35608884336222957,1.0972778457142502,0.5891114951896126,2.3404183209836784,-0.16029561317243537,1.0,0.8964833464365528,5.359739768247197,-0.03761969307530134,0.9872095960779265,1.152436916279299,7.40960773352818
045,0.7666932740152291,0.1367993566788775,1.0021725304943685,0.16382781601482516,2.241730105190106,-0.11524131854740154,0.989092507928776,0.5452732588158613,7.1979080459819365,0.1671292009835261,1.0,0.46329299080361563,5.804796699870327
046,1.1384001264497692,0.19415295315871497,1.0231438483731645,0.38627074226506025,1.9249393158427912,-0.17680383538868705,1.0,0.4474589114376664,2.0732213145359664,-0.16638474671781528,0.9909751600157068,0.5666228141265955,2.4601865524604687
047,0.4906632677805814,0.04840854965533391,0.9852745647091207,1.0588933692884948,17.85017981356127,0.09505135234823046,1.007664339622811,1.1451018878877943,20.707071491892027,-0.16019064038012834,1.0,1.9733907723855195,41.030421916940575
048,1.2106759809004162,-0.14100845861939781,0.9860992729398816,0.5479391453269484,1.653586713373759,0.24828476320557585,1.0,0.6674623580255561,2.603358004467273,0.2033537638955267,1.0003768110945181,0.7174823392223802,2.7348216066786906
049,1.1339737147632225,-0.14373301786505266,1.0078776267427243,-0.24711600827262367,0.614302414248288,0.1498156353324272,0.9877306943804912,-0.23930227976454937,0.7827266927650887,0.1382923288585632,0.9999999999999997,-0.2123216358179452,0.7766493348182366
050,0.9236726877851004,0.10283761545310327,1.0,0.6052860173416001,4.67049646040135,0.11041622086520692,1.0236960557475385,0.5877815390470659,4.7948560159975795,-0.19942452658038934,0.9850953631034578,0.9658571254657411,8.84302317368892
051,0.6004837934417665,-0.31323221845401505,1.0,2.2366739443711645,36.7195568879502,-0.3213125987639113,1.0457846659084435,1.7697199764309182,27.14044077551692,-0.43765695767507484,0.9890108843935239,3.4200956284968704,65.4512146986684
052,1.2535943046751092,-0.1447697536199886,1.0,0.3576569972718428,0.6290311160022553,0.20655063331443468,0.9931700735577624,0.26170176833375663,0.751344252956998,0.2502560639612864,1.0175299265399822,0.47246902871348073,1.4951219331921077
053,1.1752780911248304,0.16115438850668018,1.001744100024682,0.09093522078315346,0.43542816834978604,-0.12100284613274347,0.9869465648419142,0.2293718020197354,0.8444264340033727,0.14301693423320574,1.0,0.245518275524927,0.8098788469295739
054,0.5900214479139739,0.025263757301930576,0.9924169696977497,1.028661039096981,17.825984001700736,-0.1414249078526495,1.024178582328845,1.179417336282718,20.142173447077017,0.003536792193091447,1.0,1.1227601835632466,18.64268140760127
055,1.0379588008137726,0.16851462939348724,1.0329996568274646,0.28407026860329315,2.2809389270829064,-0.25321677696822104,0.9999999999999999,0.3910362661055823,3.3563924100244025,-0.2358822636996579,0.9741582975753625,0.6490975998763634,6.226685632987943
056,0.898528363404182,-0.07120474380872033,1.0,0.11703951075918712,1.171420560830768,-0.13558997641309808,1.011950976405212,0.28627350873759205,2.4937384877804822,0.0842409993536719,0.9873082943055786,0.30135969366588594,2.684858059191636
057,1.208139322615564,0.19522341616861788,1.0333269144230999,0.5189046846641648,1.9952275947970648,-0.10735225893061474,0.9912738304539062,0.7222287283748003,3.7213953560194293,-0.12982107352643762,0.9999999999999999,0.7291361144727647,2.9278962425428237
058,1.2349097985191304,0.20264056740777667,1.0,0.23880124606236391,1.5220015020925555,0.20877106494025868,0.9962732267111145,0.35022843975207946,2.253027207155017,0.22755858487685698,1.0016943693778566,0.35015199690886173,1.7035986828977219
059,0.5107143526397243,-0.1715096362266869,0.9698747524868658,1.1404627533780207,17.320523777318545,-0.1688214046785455,1.0,1.07991804014869,18.825660785523894,-0.0932852866072968,1.0091523994292115,2.9603864580607553,61.65343055736244
060,0.5813411350261203,-0.009728213159194959,0.9882255195526755,0.985898968925349,16.050068728041236,0.03606442524123157,1.0174430450469576,1.1117453836515547,20.17526598293811,-0.15490120083485004,1.0,1.349526935529526,23.780776641733553
061,0.9407969334714568,0.07855886406704787,1.0,-0.037612923577080785,0.43202279878324923,0.11938229203642436,1.0205338425954915,-0.13022541926029194,0.3549627950602341,-0.08586752884442661,0.9864585656633225,0.23860038306870082,1.5484580557722474
062,1.23633994945441,-0.13867149988497315,1.0021417256701064,-0.07487681637245375,0.6202635705388113,0.11032460343482521,0.9888510021916491,-0.16826196719037756,1.2266569692861937,0.1265554718221182,0.9999999999999999,0.09707408266015709,0.9470893416752735
063,1.1737789906789533,0.12075662441801871,1.0,-0.10799737274579076,2.574393537842119,-0.2566018451483033,0.9831232495235128,-0.056651491193714994,3.346724521734994,0.173060927002286,1.0051466430205116,-0.09081739381581892,3.035373742300787
064,0.9371091287196258,-0.11508887071716549,1.0,0.3199865960498813,2.4667308067645344,-0.12008911269050372,1.0157935466389998,0.32786077989291545,3.2323267142552385,-0.08029817649777254,0.9953324245504754,0.49886391303898087,4.074390957757762
065,1.1445324766981575,-0.16138080098896354,1.0000000000000002,0.44285352045524123,3.328622798054246,0.23438062429336118,1.01081395816989,0.42661213895768435,4.8536409414562165,-0.17091134894297044,0.9856857982357236,0.4782121833820265,5.288356346289667
066,0.8262537628303542,-0.1610566862343388,0.9982981666576987,0.36800612687612494,3.2888915976741435,-0.16458659367398268,1.006258300771553,0.41541978695917425,4.336491277660425,0.1049049472834256,0.9999999999999999,0.538842212758286,5.360820828778392
067,0.6107341415313532,-0.3558581601247992,0.9999999999999999,3.348269357639331,61.52917937152566,-0.11172760117666514,1.048961105720417,3.208762562617234,59.49825482925762,-0.43795344895927024,0.9586472736142418,5.718808829227501,126.15626477168175
068,1.0620458130138792,-0.18504796327359518,0.9999999999999999,1.2450585186760708,6.949315558647262,-0.22745487874282838,1.0215575938119856,1.2300380688836927,7.6490326185002555,-0.09503709661702382,0.9392164922740414,1.8357009074614532,15.583727184574126
069,1.24108525592909,0.12720590088020686,1.0105704280689984,0.03614261601470063,1.1872346615024174,0.17200495186941708,0.9925576723407152,0.008898054267806486,1.367065091834669,-0.1375293946649018,1.0000000000000002,0.1283168626798456,2.0075878168409433
070,0.9142694104475144,-0.10052544449960282,0.9956130163075484,0.024587690011777626,0.9312192736295448,0.13085788324317416,0.9999999999999999,0.02497509403982852,1.0802674072478906,-0.12874663682969628,1.0008545261506063,0.012437619927903949,0.724181209823652
071,0.8472290912416631,-0.1733346332983067,1.0,0.8965960483211193,10.084037861311606,0.094904896934081,1.0133856207329044,1.0081806840206193,12.8969391088139,0.055150978456021946,0.9818402576838017,1.2454225244228816,17.12577320821106
072,1.1470071480249582,0.21673552020755113,1.0060564870869013,0.5016197592242441,2.959731848860806,-0.17437385606975025,1.0,0.5735225367932957,3.144551118143978,-0.11839264691549585,0.9940181154701153,0.5656840083041134,3.0443330592490048
073,0.6201027273807035,0.022098043447323912,1.0,0.9925026371064122,19.2632012536526,-0.0036217243164636268,1.0225777651704457,1.227097692640882,24.738731354255798,0.004231110324231752,0.9949330069981996,1.189164331482689,22.414932493065695
074,1.190443233685803,-0.14918908607393133,1.008860113346302,-0.0808714119320875,-0.39358232697681217,-0.14233404026389246,1.0,-0.06765211833869142,-0.4184244123504248,0.09237894713630258,0.9849566806991555,-0.10053821659164766,-0.43384746517285633
075,1.1602031487780902,0.15350977397894314,0.9959313533437414,0.23589678474065512,0.2511078755267224,0.2424147681829691,1.0030097823397148,0.29727897665390074,0.49016494979124126,-0.1450260712579936,1.0,0.38931760030799883,0.6180547605935724
076,0.5929433086281547,-0.1868183688466273,1.0,2.8248297507760207,53.07430975944886,-0.3593012072818397,1.0312850950279155,3.226722203276006,63.89096544357781,-0.18385531162866878,0.9839234314065601,4.711415265610249,104.34993945732356
077,1.2270554482878606,0.14432219910145794,1.0,0.18650961739998514,0.047795207235656445,-0.12116882438641079,0.9880364820905381,0.27467428722977516,0.2232246657700938,0.17642498321025976,1.0288740494058173,0.28376936085684656,0.2699353045277957
078,0.5609834539588535,0.04214852244704554,0.9812361407747212,1.0750098886387989,15.45358019485375,0.14122805687934847,1.0089436854380711,1.0587152284729375,15.99843089751812,-0.07973079231726245,0.9999999999999999,1.4907220657121194,24.76728614337694
079,0.9285042538760164,0.125253129700853,1.0032058538510813,0.5944254065818276,6.691158859115236,-0.21040177419238698,1.0000000000000002,0.7711579659890441,8.942239882819852,0.08633463909442472,0.9998772723833136,0.9065267011982094,10.870242151590917
080,1.102031239701893,-0.1565420873759493,1.0,0.9912732584678129,5.513017810104479,-0.21117087749992983,1.0607652755839454,0.7782348781306213,3.5433887101997827,-0.11427507428705035,0.9716767953184576,1.2657534113241184,8.771600205931449
081,1.224621060466384,0.12453932940762052,1.0027987010464947,0.08095201782496364,1.0745048621874123,0.17106797657282746,0.9999328189527426,0.012636992219232285,1.4874609896720017,-0.20252204523604916,0.9999999999999999,0.046629948003622065,1.7925955228862573
082,1.081315066866462,-0.16701408539616241,1.0050792665741901,0.1322695227255063,0.0062390711282267475,0.14073374192040883,0.9996578571977397,0.14706019196681638,0.06459258514313282,0.1472290295961987,0.9999999999999999,0.14781294188185296,0.1457723128611419
083,0.4921358703590843,-0.12453113557956486,1.0,1.6852489074982249,32.692529127160476,0.08083186276341213,0.9886425119835329,1.7321192278619624,35.05816948958841,-0.1697311423154134,1.0357885577152643,1.9320189143065616,39.75001858249308
084,1.1355299569821675,0.16710284573926135,0.9999999999999999,0.035513786133811044,0.4516178088774456,-0.15847829622972426,0.9844699710523627,-0.06595573410114822,0.45898352267172493,0.20638328730175318,1.024591594788462,0.10100625769268987,0.8832304315663162
085,1.205135049282289,0.1916136826233756,1.0,0.348398325738415,2.173934164751233,-0.16123640386227148,0.9713093170896339,0.457582876207397,2.6395224362314105,0.22531102099325143,1.0068921117042777,0.41497789996824314,2.0616454550691277
086,1.18635117458766,0.1915382735894766,1.001716017947793,0.2778676633464046,1.2988438797511375,-0.14416986866582093,0.9776972671519163,0.33772083960336424,1.954269432643887,0.26736043665685805,1.0,0.45918619664924964,3.113765796191493
087,0.9579490488383416,-0.10250750306011569,1.000332977383782,0.015646781995783364,0.45538399710630983,0.09679164554848359,1.0,0.15165053964537556,1.2321601218136635,-0.15767720716825367,0.9771441323502139,0.4251211406050479,3.0698877016100115
088,1.0834695886825372,-0.1829655882668257,1.0188786576758138,0.12919313456867562,0.7308154239748217,0.23143118372114874,0.9870984471008304,0.04783680528269078,1.9134536308057655,-0.13066234915794048,1.0,0.4072394543020492,1.941142306131037
089,0.8188240693504951,0.13877494023998116,0.990918872671435,1.0432504848691717,16.52755621412291,0.09658246788450667,1.0,1.1186086334775267,18.667944845718765,0.08831501117154089,1.0055451296469093,1.1449976080282729,19.588859572100844
090,0.3793252854405926,0.026127502139871146,1.0,2.1224194672937626,52.04002000493844,-0.07999509491275869,1.0612975882977842,2.1339864895174414,52.13664516381742,-0.0024735846786199107,0.9730861306592208,2.7428758788458105,74.77186982683529
091,1.187512959802359,-0.18879833557031656,1.0,0.061636131727137375,0.825566510571706,-0.18788428416943884,0.99763690659449,0.004643404788209845,1.066391071360309,-0.1723737490789655,1.0275503577051062,-0.03626520884437049,1.7096908535407582
092,0.8533095673524976,0.09428799080101646,1.0105430711887333,0.5289910477284158,4.319908432711024,-0.1375831267229307,1.0,0.7202294234420025,7.220283031074215,-0.16731584075559813,0.9992156337415751,0.8760802885479726,8.847497976334667
093,1.1951535949495589,-0.181537298350094,0.9999999999999999,-0.3736227040976374,-0.01530729801544961,0.12253285905015074,0.9803782395869426,-0.3150967094368297,-0.10712460722457573,-0.12836305146676602,1.0002858728646882,-0.15607098104736852,-0.22337123361569144
094,1.18625777311656,-0.1585444990793266,1.0018766419720004,0.10195769095403219,0.6552270801595714,-0.20984144595537763,1.0,0.19234892113412325,1.093401832494214,-0.12191318411137805,0.9923474943462315,0.2573526768795698,1.0556020335334733
095,0.5398800617720868,-0.1221183531143812,0.9851364479689408,4.100929864254867,89.90596412001166,-0.461294543108736,1.0027913590097912,5.035445968010633,117.92819939714855,-0.4451593956355853,0.9999999999999999,6.0248739920939745,144.447006493545
096,0.9705898097369612,-0.07717330562115415,1.0,0.05725810398073782,-0.14376920072758503,-0.08219357148135212,1.0023177466666118,0.08147057179286223,-0.11042688467503847,0.08997127719094834,0.9838032689405362,0.07439700135703772,-0.10135665087121914
097,0.8716061853707274,0.18672703133771482,0.9771685833052639,-0.3982592828077269,-0.07535537558034378,-0.024551425536141244,1.0,-0.2807997354284154,-0.002571283478738806,-0.04928372955831977,1.0043561003554515,-0.22233141274220028,-0.0716027746021064
098,1.2147659107738993,-0.11577420146527673,1.0095162640381556,-0.06180147874286658,-0.3965345595187735,0.12424458113470313,1.0,0.06426995731075172,-0.2627360849443843,0.18378568964224445,0.9986338915968417,0.16346360320851108,-0.02713046034417843
099,0.439266287974998,-0.27881320343249827,0.9709048294054968,7.379011371516958,208.8339309674859,-0.4891788527702613,1.0,10.69097768728755,340.8120999542802,-0.3777871227914479,1.0037932595119188,9.561485817321126,283.1021190052398
100,1.1049679376879251,0.16944210518771705,1.0072763371126525,0.29461385633979686,1.1338996839249544,-0.1329287222382675,1.0,0.33473674894691147,1.4848316457449728,-0.20698497054732465,0.9859179201132698,0.2944019594560329,1.1856083539841231
101,0.4693474897097721,-0.2524787199618767,0.9837460827579507,2.759616544530112,60.88482369231951,-0.039593363977543324,1.030466235883651,4.171776895733942,106.08265980865805,-0.3176813115663221,1.0,3.5157273121735346,80.33663929315824
102,0.8915766254600701,0.10833244921247763,0.9999999999999999,-0.07303216043560193,1.0763947598940709,-0.10918153946087066,1.0113961053208729,0.014461860508884972,1.1261830604506278,-0.15138916696784105,0.994751844046266,0.19936010208448937,1.8071537764435366
103,0.4264388199381202,-0.2404173901084722,1.0,7.609991021101303,217.56004550577742,-0.3855308220261852,0.992652526039821,7.325654730214777,211.85606967262618,-0.4753152018411847,1.0608804038903963,8.985087019814152,262.88933166287956
104,1.161049345208861,0.30727063874495514,1.0,0.6233311794225885,3.3489476651518695,0.2814553190612096,0.9312328662431851,0.6738115955684869,5.0196395043260065,0.30191155270813347,1.0045092133353395,0.7661449372754086,4.442358217895832
105,0.8423618426493493,-0.09497945222644973,1.0,0.07961472791357825,0.36824965945150145,-0.13895972023225636,1.0100987648078323,0.13286704289281753,0.6302079841327712,-0.12055658306279438,0.995298043689018,0.18302336482264225,0.8868698446576588
106,0.4709789209047453,-0.37007262339829483,0.99822591928511,4.718749641938645,117.71892477546643,-0.16194926208972008,1.0124168627609236,6.245000302041649,171.58191076769626,-0.2340634445803439,1.0,5.4712894968812895,141.38390287059545
107,1.2274056915267566,-0.15103751719651268,0.9834710599987643,0.3486711935527212,0.829482564247201,0.18289670338039318,1.0,0.21620249230214242,0.7729693256461885,0.19587094372327593,1.002580675384731,0.3622439649019807,1.3676789706846035
108,0.8691264623766993,0.11997660246008036,1.001789538136033,-0.007599854918745372,1.5722620368174276,0.1461653493866065,0.9980051200385737,0.1373309454208125,3.7708450912576446,0.1355752209076955,1.0,0.30404521135383533,3.1373466620125567
109,0.8748115262822712,0.11026964499807634,0.9999999999999999,-0.10712225584565561,0.5881265875996586,-0.09006224027966826,1.0197514994253067,-0.06967150247363928,1.0797761919950206,0.1171954743777792,0.9931082114782761,0.08827486165964937,1.3249290905538018
110,1.217194073290798,0.2588054815954497,1.023841627513883,0.34283463077874043,0.8398430129338368,-0.07318449986467351,0.9910189531469641,0.40449686555868475,1.5377595476909898,-0.06618168153044056,1.0,0.5325238611237436,2.1122528499533475
111,1.2195408901349245,-0.13938224048811082,0.9896440258724644,0.3255598242022235,0.8085565641898143,0.13622466069172406,0.9999999999999997,0.31182595671623425,1.3186108081252828,0.17956806661278107,1.000208261024317,0.5204461336731777,2.3077998235009343
112,1.1408850882957018,0.19607830184268563,1.0405749060876306,0.42049666474417857,1.6054291063209076,-0.19263700860986493,1.0,0.5839131574502511,2.765134497685157,-0.09551646679237165,0.956623235596136,1.024023795266377,6.838217831746457
113,0.5879714616850055,-0.0761558065206038,0.9658345974280069,0.7280825291470225,8.86652055762646,-0.0537519610032502,1.0011309903207752,0.32438624572706193,3.612101857146601,-0.16041858874969045,0.9999999999999999,1.9527972616475402,34.74525297205736
114,0.4480927823173178,0.14822449202417418,0.9997049817404497,0.7232293928501005,12.011185153754452,-0.0019616088466252023,1.012229825510569,1.0627074044694123,21.607947107343993,-0.09120407793196786,1.0,1.3033751249856582,26.14634241107375
115,0.8397226390195973,-0.25488228290238374,1.0,1.4340443276748158,14.43239424015269,-0.24673471016727222,1.0407800698066652,1.5363559892282408,16.619477479197833,-0.29606306628734885,0.9319691457473437,2.4815377792148214,33.80661634138527
116,0.9589157483049264,0.06396710544236636,0.9999999999999999,0.046212444091506585,0.5518503405029507,-0.11613962862189027,1.02316875976213,-0.39875404450585916,1.0000224611378883,0.10179468920364043,0.9866143257265511,0.0813805257173466,1.3709433705789698
117,1.1042246393635586,0.21406821312767874,1.0113963460211524,0.5028297829078651,3.1738050636310513,0.2768521723470349,0.9716085051265083,0.587878688447806,4.988009015055148,0.30994285532157173,1.0,0.9616650237816566,7.984806248383453
118,0.9073223691832908,0.106517101915397,0.9999999999999999,0.17129370511767109,1.7839912820196577,-0.11237925290185105,1.0048477123228008,0.3845774170460082,4.386893728484384,0.10074009637998,0.9878506170391665,0.5637195090761494,6.05756102798496
119,0.8422912535189447,-0.16367761020156818,1.0,0.9944202085059503,10.922370288998172,-0.19251520530945332,1.0024653989367474,1.1078452343689518,13.238465331863924,-0.20602948555114028,0.9685873869676094,1.6997310050602719,22.59768932183617
120,1.2011294021736103,-0.18191484691876292,0.9984080791764022,0.22860173091804792,0.7555424244523685,-0.12222464064359562,1.0000000000000002,0.2359048474789244,1.185253222926458,0.15811076827083734,1.004053646238284,0.34092710011569133,1.3453464185481758
121,1.1315356591123398,0.21660143540928317,1.015422091908801,0.40182070415202836,2.2889441880165666,-0.15905939241389014,1.0,0.4939788120567652,3.0705856575644956,-0.12150091483481922,0.9998656038794693,0.4223114919971451,2.389528856597029
122,0.8116265328240008,0.05946698940284608,1.024356690162857,0.9769194973923534,10.608424858338196,0.15046317166484915,0.9999999999999999,1.264063969571397,16.20013316213655,-0.19153989692809906,0.9954362650980721,1.5150081541459857,18.965098045839106
123,0.9063955814791226,-0.1194980140113986,0.9978644821598279,0.16587764138313685,0.9329686486475506,0.1546713332772815,1.0,0.12977504969810158,1.204363131671835,0.08886616294394709,1.0009512510783978,0.25160870111957323,2.4657014084235342
124,0.8971942404597181,-0.18268300481457508,0.9943953434640104,0.34907704824361213,1.6410653745768489,0.08984140861667356,1.0,0.32805071450427015,1.7417732028398127,-0.21197332311020603,1.0033960472503687,0.6154822963612278,4.149020716671168
125,0.8370610606984351,-0.11742419772397467,1.0,-0.12477970724087721,1.8434157494002088,0.1898574053105314,0.9943546617960441,-0.2652388194726093,2.249798527311113,-0.11223218809372491,1.0065299197683157,-0.2507714122297732,1.3052891844044314
126,0.9062449252178524,-0.16633480821984584,0.9905579618347754,0.616874696483934,6.104824005697198,0.14947510693758334,1.0111185895080248,0.6345786774944341,7.393490978906867,0.10169555223808872,1.0,0.4130029037915498,4.357597376716465
127,1.1481022440686903,-0.09366219863454402,1.0000000000000002,1.0429192364070767,5.470259435417658,0.34461712504357794,1.0503255990956928,0.8683784751067122,4.995930572515625,-0.11181274334730334,0.9199248474454501,1.4597446944457404,11.903632226342536
128,1.1796017164127373,-0.14408016746572652,0.9990393639023168,0.004785155892405795,0.9169903082213544,-0.16807781780937636,1.0003097219450972,0.07272267142403736,0.919048594772053,-0.17315276566675775,1.0,0.14837417698037753,1.1119966227849938
129,1.1222877509151068,0.16927681974659808,1.0,0.3136145827709579,1.6219311882949325,-0.18023208673189717,0.9716031094103449,0.46824451246880494,2.5448061249856373,0.18741723292266693,1.0140255149605286,0.3988499213100396,1.7369585163094072
130,1.1660159907398493,-0.1707734438137671,1.0026713234753404,0.5386797859087963,1.6080720942503595,0.22958549057544422,1.0,0.5458988482722148,2.454649554802801,-0.1384851924355471,0.9763830542398478,0.6952957990198708,3.181377288329763
131,1.114557572049773,-0.17141007813392867,1.0,0.16776888317980967,1.217561541400098,-0.16420457593854423,0.9994471153401409,0.20300219557772758,1.7779535459929088,0.17390133188607887,1.011465415901577,0.32993172864795695,2.735042721931472
132,1.076534754606134,-0.12704954531168863,0.9984023999281273,0.15254186536616623,0.7320442416184387,-0.18689466273321056,1.0,0.059297927116969296,0.9436343855284606,0.18860811988830273,1.0155888833714752,0.2511974887529877,2.1588709485126234
133,0.8848567890099763,0.13081323202367423,1.0203429887016695,1.018794795154001,9.816413019887202,-0.21524534957603628,1.0,1.4102096614690858,15.356196547655909,-0.1831825387413418,0.9835644376987122,1.5319995697263777,16.500886646431265
134,1.1669377095736295,-0.17684673014023644,1.0037722858161766,0.08475631113445146,0.6535656474454101,0.21894956955405506,1.0000000000000002,0.1384374141538758,0.9720410864534461,-0.16998976561125095,0.9886824869636923,0.2047607376907799,0.9763286275620895
135,1.1530823102398569,-0.15974094905406339,1.0,-0.1901316433409259,0.1675861782854975,-0.09492733939615543,1.0000381809345915,0.20478977637860094,0.7670863239248149,-0.10534758682278,0.9893553941890855,0.31715402193856507,1.1832067147401624
136,0.9100505635580984,-0.17046968939851595,1.0,0.48545129969439477,3.3556873975176025,-0.1679718317173429,1.0064946780497148,0.5312157329148519,4.155184306664268,0.0478717768885783,0.996037384357811,0.6905385563801145,6.2719596950699525
137,1.228814996328909,0.12715442977055155,0.9963335852155621,-0.009761566466180968,0.15427707717774153,-0.14031893016145502,1.0,-0.0029802024577469215,0.186014739182216,-0.13979612737751204,1.0086763165306771,0.11753037665487462,0.2192042151692175
138,1.127867272606929,0.22751042065167276,1.0,0.4816331719103671,2.096301087176151,-0.1293840842146507,0.988663971004293,0.4544289146342693,1.799574480335508,0.21927659795627732,1.0023193644119734,0.5880924030893614,2.971900654916025
139,1.0781293774855822,-0.13981016452025538,1.0,1.164386052587195,7.997118892137085,0.2684718571795823,1.0396644718665902,1.1032115858349392,8.726028098031952,-0.05347190496623783,0.9702402999508086,1.4613526103204817,12.55518642329649
140,0.9535733608060616,0.11232899065338015,1.0,0.3376456015469383,2.661793786670451,-0.0936990626181502,1.022103853500694,0.4978808715912706,4.196621691140138,0.14445481377842448,0.9936989185463079,0.5682557544068949,4.750899654955449
141,0.9236295392928098,-0.08394702662891186,0.9999999999999999,0.018480847629938513,-0.00804868612592946,0.10924708398177384,1.009928018357978,0.06808624917281877,0.21079880418676877,0.11519043353014916,0.9867882225112695,0.14650277671466164,0.36172422097351875
142,1.1972456537349856,-0.16896378229700978,1.0,-0.029071156966246868,0.5314786676152687,-0.13458223163990402,1.0066870437260698,0.011309517384951567,0.829956919833136,0.1852296029845838,0.9933402431253534,0.2633551731682299,1.2849778800159921
143,0.734708339088579,0.11810900724887172,0.9993448291038485,0.4810170140989739,4.961577155369054,0.11376872243383684,1.0178316130401797,0.691620233668041,8.301796939265701,0.08448569604590951,1.0,0.8800818101543396,11.327742300569247
144,0.805391122657412,-0.14599797152274965,1.0,0.6223350195076848,5.064965333843874,0.16251013778942255,1.0023163322564268,0.5675621891601847,4.768894912628554,-0.24497149916080085,0.9950463515926784,1.470988737493731,16.608495188915793
145,0.7088599766245179,0.1416398173738612,1.0,0.3938923290194411,5.848229869747556,-0.10583027545541975,1.0029657107425922,0.5276223660107461,9.447127935596436,0.12307786781925065,0.9897425052246369,0.9400943676429998,15.21746566773081
146,0.9449790615071056,0.09956353463302886,0.9999999999999999,-0.12453669927591572,0.9579136448291083,0.10606987158781124,1.01952346548266,-0.14342352790671312,1.1275128826587775,0.10672671924601525,0.9996321316292271,0.18235149918464014,3.3910843351426667
147,0.8730086449612332,-0.12253975208951176,1.0,0.20949315184313053,0.855995178242531,0.14520477538454574,1.0019958737941912,0.2680251691347451,1.3362931744134166,0.1221188183658021,0.999533075813819,0.2797476462700363,1.424039321152013
148,0.8917063584030827,0.0751771803802454,1.0,0.7697937934826252,6.54597724758945,0.12848535499468178,1.0245200748649184,0.7755731175757835,6.725953377657062,0.0987315436698721,0.9869480778961782,1.0617073454001595,10.73701812830805
149,0.4602984086763455,-0.21942148480674936,0.997235963863499,2.858197382947912,59.96141830768351,-0.24653005409412992,1.0,3.1619751610337605,70.18324983891105,-0.1698128534490303,1.0356907922964236,4.836108506861257,126.43073238057605
150,1.1536612292538662,-0.17200326240752192,1.0137714319242928,-0.20807438563490807,0.2065517656408531,0.1759081355110671,0.975589023687246,-0.23550372633189484,0.25733894545106706,0.1373952371486402,1.0000000000000002,-0.11967378751048255,0.1736161641245837
151,0.500010721805474,-0.04567006605599928,0.9823686292429721,5.206062733315769,126.56304643354883,-0.07492083714863787,1.0,4.951939591751183,120.25333480003749,-0.1945599926547241,1.0167899666554217,4.090207750374428,88.76412421226291
152,1.2364336982652373,-0.1600757717520721,1.0032161777342727,-0.09670044102916317,0.5469307989597896,0.18798589557033998,1.0,-0.06358618749162663,1.2066425664339917,0.13357419330998616,0.9972113114886693,-0.03473112809445404,1.4076494113009197
153,0.8384285502012804,-0.18006917790167004,1.0,0.5883822917920932,6.077677388973099,-0.18673505554596986,1.0179683333383487,0.707128576459226,7.64303139043786,-0.131459719263461,0.9882101235413954,0.8499089667575181,9.808671245017868
154,1.198542994603832,0.07071615609540242,0.9997903357038279,-0.23804449526498286,0.3048543618569597,0.10913664252533015,1.0,-0.12449284600294408,0.34319694709293724,0.09400586795032302,1.0060376683476915,-0.05389364340664203,0.20926284857707378
155,1.0246066748716398,-0.11638222444634337,1.0,1.4037733619989774,11.291520854446391,-0.16770323608015092,0.9853164203218662,1.6005827850565757,15.1533225001188,0.3859205323131471,1.111801019563186,1.1012158254324496,7.926179039964614
156,1.2453809585712114,0.24008842361222982,1.0,0.3815890631407573,0.9606169455789346,0.21038947589000476,1.008660280707317,0.39539864996552565,1.1934786216799118,-0.10643744306774389,0.9803148694796823,0.5953031830686253,1.5238392248907262
157,0.8299840439141601,0.13312038364557122,1.0,0.2833956529927816,3.728501723147586,-0.11353266437218265,1.0111862510721557,0.07066857591812088,3.485920220845771,-0.14279110142885934,0.9976327221317274,0.46434603565033233,4.689491104203666
158,0.9137432197311388,-0.12602240478991064,0.999907060108229,0.6245190302144314,4.662947070176714,-0.16755251740396923,1.0328676060552104,0.4908889744214344,3.8090948810299103,-0.1390768875322785,0.9999999999999999,0.6705761517990353,6.267163712296156
159,0.9404761893460432,0.1086063357500927,0.9942852068982947,0.7110108911884894,7.8604721876590435,0.1063638295845513,1.0114623130881786,0.6862783428772012,7.255906737967942,-0.14624201799267786,1.0,0.7551889105503552,6.626163763527886
160,0.8169362328038237,-0.16173562518828768,1.0070863744956495,0.25074064917740113,1.617348040593443,0.13186615462548595,1.0,0.1668943387606576,1.3710610655686235,0.14364290656191758,0.9958178831077283,0.23623634160402723,2.1903750924275
161,1.1844240376429012,0.24265435078724018,1.0189785170943664,0.2784121715824197,0.48645726528984534,-0.12250833085370225,0.9688319414670142,0.540616293827318,2.036376938897959,-0.08785440668545719,1.0,0.5516120451139958,1.4755267289346339
162,0.9094057265483856,-0.07658945483696872,0.9999999999999998,0.012486016089552819,0.21753385438453687,-0.12369372478497057,1.0072121125436244,0.16163141733364966,0.8676583326415441,-0.10810830529168793,0.9783820664412085,0.2540929686446493,1.632645723970211
163,1.1070479320465971,-0.12570894266800497,1.0041998890041535,-0.047958695373432315,0.2241445893816696,-0.1866837316975478,0.9825521383824408,-0.14186013222732838,0.44812423836897475,0.19152851238544505,0.9999999999999999,0.11376768304379234,0.5405670271802561
164,1.1545332649081226,-0.12469055493403051,1.0000000000000002,0.16074196918534497,0.4228415775908072,0.23451624858816417,0.9967834751112019,0.21000382839258178,0.7869573973808688,0.26012958138159725,1.002882353967771,0.28052883335494017,0.9915207339443861
165,0.442533699908324,5.870019137283841e-05,0.9780999647007778,3.3321759889459743,85.9018014843641,-0.23655947127140795,1.0,3.0443900701349467,79.52417317696907,-0.3084878081368325,1.0327213795157124,3.9857878382999288,101.60469186908128
166,1.1448733643800322,0.25338259910915717,1.0411394943564012,0.30249986501091486,0.986856669078779,-0.16711969056714954,0.9999999999999999,0.4506902671268193,1.872474259082665,-0.15642373036677734,0.9847418875127969,0.7605646766738701,3.8915731909347935
167,1.0805257419771188,0.26296670386266047,0.9999999999999999,0.34268635002340864,1.405934896769316,0.24604293833412821,0.957740523525832,0.5354129739621916,3.4018422561548105,0.20501656667639212,1.009020787522346,0.5889498953406807,3.3281007748858933
168,1.1009979581608342,0.0911696656501104,1.0,-0.2751927229525376,-0.17904137529681075,0.15883329463308424,0.9839808540159553,-0.07612601619310358,-0.23400489160143678,0.14986608416563044,1.0048143407944639,0.02018688074818344,-0.14713282276626893
169,1.2530329633313029,-0.008150484455942198,0.9553258153762694,0.8775243708354662,3.8520883293727817,0.34727523414343825,1.0210054666264008,0.5902070780877218,2.1652564045052634,0.3278829564798507,0.9999999999999998,0.7285446860487426,3.268990712585853
170,0.7134492473678666,-0.17485929411134823,1.0143314970204649,0.14632276093715002,0.2562646489557796,0.1420459066297391,0.9999999999999999,0.19465058191019677,0.5663622419848742,-0.1756046484456222,0.9871882466218863,0.2590940876112617,1.1072701173532007
171,1.1686397221659737,0.16314163968491352,1.0057840698478784,0.1314201492822732,0.4355490958582511,-0.2049355834816153,1.0,0.18830041621940236,0.49771536215028966,-0.11103462456598508,0.9852974043284576,0.39861293972674927,1.9914859327868264
172,1.063894557316749,0.3183507056061702,1.0631711750884238,0.7304654158335474,4.1935298978368625,-0.1884671565253594,0.9999999999999999,1.0838427288305812,7.876852138239073,-0.13425456952701675,0.9501763872319271,1.4133806248512308,11.787421196890932
173,0.7827810643832493,0.13499404852797167,0.9986374219078932,0.5680260499514338,6.602059205672605,-0.12144935558708637,1.0162744844679243,0.5606706627252691,6.84472401229762,0.05307898194432325,0.9999999999999999,1.03627464618249,14.237241588582208
174,0.557401101866843,0.08229931906716073,1.0,0.8266871335031241,13.566458756914756,0.09186832837986733,1.0332911842991122,0.9558784620296756,16.783207997579357,0.06879677204345866,0.979038579793375,1.2476860549249835,22.01745504587014
175,0.8376238139495679,-0.08928398195436994,1.0,0.2937743475667256,1.1857385140410317,0.11021461138548279,1.0105750114956,0.35168304975033193,1.6883694502342674,0.09750234985268226,0.994597953283305,0.40516277695617947,2.3254902562239694
176,0.4553655044736483,-0.38778557895198934,1.0,4.225227551429193,99.97602784281308,-0.19836663823945191,0.9974786892345193,5.196881116887759,134.6932236262265,-0.21484039376550776,1.05703303910851,6.404464620490459,167.27160005804996
177,1.2112735731222304,0.16823422980355926,1.0011738927968028,0.3119824185100576,1.1293749650707712,-0.11320638107919152,0.9957485472898171,0.3038911187096678,1.1871538372997517,0.17667720741646062,0.9999999999999999,0.3992452081687922,1.7067202190670896
178,0.8833570808092257,0.11889024318768196,1.0,0.6637217545445382,6.6187639267586835,0.11488064302368751,0.9936299246866419,0.682504711121858,7.537298309690353,0.07161528197500569,1.0000768439133425,0.8662434111210274,9.332520848952072
179,0.8643504145368186,0.08568742297544618,1.0,0.2669783279057649,0.9413669230475907,-0.10755204755303548,1.019117784668896,0.35957369893618174,1.6355699801759718,-0.1316432476512155,0.992065863927583,0.36569579985240136,1.6406610249759161
180,1.099215020096888,-0.09691370191189558,1.0,0.7042527159184072,3.8244645802481125,0.31328445916475434,1.0241394319434614,0.6093382121342767,3.7940222591170274,-0.08866994988100484,0.986055374222063,0.9452076316706816,6.2379233433113
181,1.1904881823628988,-0.13718172352408986,0.9591349659871495,0.7853461476860661,3.4886938526320614,0.2496155859331903,1.0103836675087672,0.5349324982582964,2.5566246696460047,0.23009427353662915,1.0,0.7103251522188788,3.5467702671336685
182,0.4726143285759356,-0.32832481697368715,0.9838904129925908,3.1214458879946543,71.32969264801862,-0.12701247922358117,1.0008085294791058,4.204104576810461,107.72698218640534,-0.3322025209232234,1.0,4.26229296358096,104.38022770023548
183,1.1926611187001095,0.08982672454716674,0.9790491233553604,-0.42048109827155,-0.0073089788665381406,-0.18169034763853223,1.0,-0.1440960965514909,-0.22714362432883028,-0.1291190195571588,1.0027860486189029,-0.010631123736533795,-0.2269499777364099
184,0.8327184568916745,0.11515731242908805,1.0,0.21688734482763308,0.9386316604442841,-0.09912709475497836,1.016808725553668,0.22146772324931666,0.9607096590489217,0.07235738224944295,0.9849056465679025,0.5599599447255301,4.634188323064571
185,0.6893032889418917,0.13476499278405862,0.9999999999999999,0.6726964120468979,7.810053136766234,0.1246473815926644,0.9971432306968122,1.1026729144614937,15.60984253971844,0.16597971906546252,1.0244070975766717,1.1061093264875048,15.295845885668154
186,0.4064081877755677,-0.3228592249821962,1.0000000000000002,4.99535915479549,139.29782175915807,-0.3142002165866132,0.9770246711447091,5.230496417096337,153.87807153219669,-0.5165356516414588,1.1070499595778698,6.576409858909928,178.26983456060714
187,1.0992004647409586,0.24392535456258724,1.0059038967123777,0.363920970154092,1.3699657667302665,-0.17280133793110292,0.9662705934709042,0.4788074023902124,2.219646725002133,0.23936233952311234,1.0,0.6374291950562103,3.7873579648425943
188,1.0703953352588478,-0.07809718215993583,0.9999999999999999,1.5475441862557417,10.247812456695131,-0.17384121896120777,0.9718686330638735,1.8820387235998215,15.347535472192025,-0.026877027714772767,1.0530187655548933,1.4200463921647477,8.22183850310591
189,0.3948860766430009,-0.18437932721822595,1.0000000000000002,2.6471334377959264,60.82678191678063,-0.08267698947303209,1.025543892879418,3.1045090183776343,82.3974937221152,-0.34876257547661454,0.9840964272028798,4.798966772967435,140.78340299536157
190,1.1260765913817423,0.19729750875414148,0.9930284014273298,-0.07129464564412877,1.1308330194672953,-0.19163693684501804,1.0,-0.2381175513236228,1.3717628500078316,-0.27343592502940434,1.0470736083351622,-0.47446084938980965,1.9308059474649824
191,1.1906384036262505,0.10029915588117788,1.0001947379381977,-0.1646538272370812,0.6093065726916458,-0.19429654792142984,0.9999999999999999,-0.3128915240788497,1.0189698590101974,0.18464333975173042,0.9991780323163117,0.1592310570834733,0.9380781064218526
192,1.207758710139173,0.2374319146855584,0.9999999999999998,0.4153114080536313,1.3652871008346175,-0.14167728096662888,0.9884066167081514,0.5259040981264138,1.8754027951053143,0.277825672706371,1.0024735246404775,0.6167263453045946,2.878778435012551
193,0.4791505006178154,-0.14471948172610954,0.9859581820356779,2.7829555104228727,56.453418749427335,-0.10475400491655809,1.0,2.436937837918047,48.31523108885049,-0.23358202807777428,1.0990911320191235,4.029670682753531,91.13387187364636
194,0.8126969431107017,0.11953924232228583,1.0,0.29803890321294313,4.160804941524256,0.16042418447159418,1.0186760357641316,0.3942432316493274,5.98767356820734,0.08143247242031788,0.9956172414112331,0.6220021032851424,8.258062012697081
195,1.2069527589211295,0.15129832440294436,1.0,0.13984762362681455,0.529070213567207,0.1904814170525132,1.0022796967653433,0.08613181985364063,0.6281042620224575,-0.11833489321822853,0.9877999726330267,0.25990434330066337,1.3179936829163497
196,0.4817800090364847,-0.41348166768481126,1.0,5.842994120220655,147.45353629336617,-0.14561614350975216,0.9905190521466656,6.053360561022941,160.44527162486978,-0.2699912769614529,1.0513188612096405,7.853126151854236,209.8006788614716
197,1.2357696655793915,-0.16017075968633818,0.9968602899915681,0.01882271792027939,0.2914794214755183,0.1567084823042814,1.0,0.03680287908074158,0.4621341617428363,0.17626960231128647,1.0016321127012489,0.13966712160096398,0.866235264689637
198,1.1351632935947698,0.16660486446608658,1.0,0.14677972118509416,1.3112005430190852,0.2564248611510868,1.0023112066809057,0.20873528129442534,1.7166301457787219,-0.09179424408508323,0.9910725210325667,0.4824924185696481,2.915289152469148
199,0.7756287343691161,-0.1315061565350705,1.0252216861401486,0.1562066071030906,2.1150890527798785,0.19166653416518994,1.0,0.11454344874554814,2.644267979443783,-0.15246411880710767,0.9944769032044631,0.5504709370753093,6.159491830932765
200,1.1665187914102289,-0.12897561366265647,1.0008901072947216,0.39853019009761403,1.9020893444985028,0.24674819514367843,1.0,0.28294411406721137,2.0383447657729574,-0.1674254373890156,0.9977311446560626,0.38693794478595184,2.7841463362769376
201,0.5020162539570988,-0.07133911314529483,1.0,1.64413960205248,34.723672353910295,0.11102726197824338,1.030986232416979,1.7783165829524292,41.372893734428125,-0.20336180519358074,0.9462141209068914,2.7714287314173554,67.77841243311958
202,0.7702184706614006,-0.15797195571253173,1.0,0.848539610679798,9.101177012788924,-0.169882403659324,1.0309890759368652,0.6038665871144475,6.547729124343547,0.05239711432576697,0.9604354917890194,2.068072171032812,32.60177070969679
203,1.141737277667991,0.2282914087369304,1.0036898749537029,0.4392726381405568,2.905122646310134,0.28534981806527066,0.9815789324961559,0.4594302909076727,3.683759765433935,0.21612165871234268,0.9999999999999999,0.6201949411051995,4.681380713491607
204,0.7402300604131107,-0.17041840576692602,0.9873639439747329,0.5059325609228478,3.938419063882285,-0.1286189030405299,1.0086499358588148,0.6098727384839795,5.5096678010183275,0.10608958528902154,1.0,0.7490374615850487,7.596116565804396
205,1.107567460452047,0.18387153370261253,1.0076659725540376,0.3625883634518146,1.3516992289255247,-0.15524236341170916,0.990776890668596,0.4751359564161263,2.1522846360135537,-0.12525829698968668,1.0,0.4882670277250306,1.774862290264112
206,1.1818346049135513,-0.14247152275164954,1.0,0.45043841164993975,0.7650995415322526,-0.1664709320237778,1.0048736368955715,0.5494912124846361,1.4626047500570891,-0.11175842460775107,0.9823799299814895,0.684050558987897,2.10960967063375
207,1.1461097631784538,-0.14268681672847253,1.0,0.5339824953968664,1.5509572497288948,-0.16162690036134558,0.9813047503851211,0.6651833771579216,3.0682097665745065,0.30265074871187164,1.0051379080752592,0.7804627568194054,4.169983774653372
208,0.948530920629754,-0.10909377666542122,1.0000000000000002,-0.0036571324925923597,0.8042571421778071,0.09247138126892122,1.0024537631928645,-0.0050140868824579314,1.303195559010497,-0.10889292141082473,0.9774034823547424,0.37458465156676024,2.891548205200757
209,1.0203926616430143,-0.13823344125588374,1.0343974646151988,0.758135851830109,3.7240448525035186,-0.22908763536956142,1.0,1.1294101650040491,8.352554101444795,-0.12085160915264728,0.9685696998290112,1.2909180315048052,10.644101199728903
210,0.799930128112285,-0.27385890427386633,0.9867479084975775,1.589890171930415,20.531117005261077,0.12675105655438823,1.0260334007741636,1.4961788281088566,20.667001929378614,0.10837479322357503,1.0,1.6749664528864752,23.879246370522118
211,0.8088545543827286,0.11888107174548973,0.997887485020754,0.2944893796229346,9.37612262329678,-0.16476970599353352,1.0250563378507072,0.4809216911623514,11.442543540433672,-0.09949622521533495,1.0,0.5910083944139413,14.616266273904941
212,0.5308047820506455,-0.23860376022461566,0.9831368490868341,2.3454745610481504,46.45840751139619,-0.017374605683427486,1.0073417077580324,2.5547499765452004,53.927196548863236,-0.2891391027841966,1.0,4.2163197757452,97.38177212615437
213,1.149118342239944,-0.17957622031364653,1.0021454241127354,0.1280296984104879,0.7256556840189359,0.2298130449258089,0.9789979028814073,0.07718759496658165,0.9138663867302173,-0.1374225280149185,1.0,0.4883730489067383,3.217704682505248
214,0.6045346897324735,-0.0040928871082872974,1.0,1.2836552152922638,18.246004064530194,-0.015549274343849251,1.02064739347549,1.9311617133385122,32.423449002385226,-0.08289286272625199,0.977919054806125,3.0941768512956,60.54709919905215
215,0.8849518082423847,0.10729421492622104,1.0001671972949415,0.8784757347021972,8.405093885204241,0.08616772563928012,1.0,1.0903431240092836,11.716799614910093,-0.27205243574267013,0.9756049121501218,1.2030810901929876,12.096528179443276
216,1.1725941144389376,-0.14288312725806468,1.0034696463554134,0.4239472352807103,1.0612423892448897,0.2674534182495975,0.9999999999999999,0.48238059031553376,2.0689488950187283,-0.1689105105254835,0.9945363669366463,0.6181131064024223,2.1602433139304686
217,0.8215465872460668,-0.17024443134252268,0.9999999999999999,0.7604318771687245,10.895127273935946,-0.14691556052809526,1.0167758573124837,0.9176493160215292,13.200597583582073,-0.177430555373766,0.9909562851867607,1.181443885609757,16.023090664258184
218,0.9406117664383392,0.06516706699115471,1.0,0.4821313181917283,2.716786261300964,0.11399461778073258,1.0236136170407901,0.5536129580602563,3.6058182667151684,-0.16648669421758786,0.9670624174736838,0.859773817451306,7.202758534105087
219,0.9533026098906564,-0.18936504282143785,0.9846523382708054,0.1676633626883821,3.747219422360307,0.11283879267477208,1.0077481621356914,-0.039755989101298385,2.854425167156915,-0.1333881032798239,0.9999999999999999,0.15285113610213738,4.982324235298647
220,1.1440814836855495,0.1385757777083726,0.9701406530419333,-0.3915385324013859,-0.22121323757624278,-0.15596328516191257,1.0,-0.32108384139935897,-0.26622853533279445,-0.13095942740276478,1.0028908890290509,-0.3136100777443666,-0.20657202602882663
221,0.4692684323730892,0.06856797292885712,1.0,0.8191531833375811,14.570716277884635,0.222500634242397,0.9757167887466367,0.9710217300624565,19.044126445965738,0.11952406036118451,1.0095954931976734,2.272190886839492,54.70491787297158
222,0.9493127178254483,-0.2048864005171498,1.0,0.4851938905621021,2.223881848453649,-0.16069523117952023,1.0033948445014564,0.727500405879765,4.893066451737284,0.07886845111662752,0.9728133279767921,0.9446928269381939,8.057445404104126
223,1.1626408426592856,0.20019143226530708,1.0068428199378254,0.15386815141642318,0.915322373406191,-0.13536274536737364,0.9627791975495731,0.3417079626042135,2.455184488273641,0.17105072553007078,0.9999999999999999,0.3660294343526381,2.1523064766912903
224,0.8792297109202091,0.15362918769479592,0.980408549677629,0.4487400457699679,3.177104202682413,0.17550832884674467,1.0031648946662453,0.5393405718962574,4.435966160184471,0.08956961855637226,0.9999999999999999,0.8577003228171224,8.142310284669373
225,1.0309713406920624,-0.19366908609068945,1.0477174071547726,1.0035375000350568,5.201637404233789,-0.2157123464384681,0.9999999999999999,1.2310056198437342,9.297871865429382,-0.1638794197675767,0.9762218954151428,1.5773209186956525,12.682582935644499
226,1.0598960654114271,0.17266309206626923,1.0075241617092918,0.04787123746309019,0.44871366782155153,-0.11071463032930069,0.9995314857610187,0.1372830227339705,0.6240074448605144,-0.16301523573315885,0.9999999999999999,0.19805720362858403,0.8513109612245353
227,1.0786180500064648,-0.1288307220765249,0.9922913659880449,1.0596098985234814,7.205912751399419,-0.11385113305102765,1.0,1.1290421516085778,8.807203135856781,-0.09839622657262351,1.013129637020016,1.1128631137586926,7.627539804779923
228,0.9105476873365208,0.1176526653195411,1.0,0.29405075702909356,1.9721850670056194,0.13948029487312924,1.0093924389065285,0.43997083238168405,3.5207995599752593,0.06499281353421224,0.9952126887866568,0.4448020960981672,3.160556474934446
229,0.9304355015097304,0.10683869389447402,0.9999999999999999,0.11745213494818069,1.1224083222251435,0.10727555143654159,1.0236906460292172,0.16890513177722197,1.9067307229692796,0.06911348772485994,0.9946415519383146,0.28130836750668214,2.1925007487569923
230,0.9642727640623872,0.12050464587199233,0.9999999999999999,0.18440274539698123,0.6646817658422242,-0.1171960673980001,1.0233898030984472,0.26477367488932635,1.0058703082861387,0.06435279667377493,0.9958094256149694,0.26806791609424285,1.1114430422122634
231,0.7607732470281346,0.04568291225330196,0.9999999999999999,0.8482402507980199,9.958951503530775,-0.17413368508570076,0.9834255191145597,0.9728038770259761,12.551402104810624,0.1281315364610195,1.003960667135864,1.1173237087521732,13.98712923053833
232,1.0550139719012803,0.16164393946739442,0.9927205793200836,-0.05022725971216691,0.2602530014809066,0.1801206349156312,1.0000000000000002,0.03685807842528779,0.6275583936137883,-0.1233250521677315,1.0063248269505705,0.2272792477833225,1.1287201107556752
233,1.1777367174219897,0.22909424876042697,1.0039297948784778,0.5211654909267049,2.3941428966395986,-0.18156912405880068,0.9883270103604173,0.5558602862005977,2.5453105162789633,0.24318035318177783,1.0,0.6536155874577891,3.6885578322445145
234,0.95145666471314,-0.11311554216527256,1.0,0.2003666778489374,1.7280430506472912,0.11405942974190303,1.0178671273211872,0.27623374038988086,2.413615892935593,0.03844539839487587,0.9846234277777313,0.43267963403714566,3.9067343780663393
235,0.834121336825246,0.19262024870990105,0.9777154818753414,-0.11384798545628147,2.6192235124438836,-0.08537679834149352,1.009369881976621,-0.032750402683851494,2.97137448573588,-0.04588551962967223,0.9999999999999999,-0.05822965115161974,2.1646994667934543
236,1.231128077823031,0.20201378822087815,0.9999999999999999,0.3431910222715848,0.8864687566003542,-0.13868907979345158,0.9776859867400636,0.33370057228240474,0.7854172564405113,0.2054767082137768,1.0017297794268012,0.42376198403877985,1.4356516009243059
237,0.7789789123281858,0.12935079036034297,0.9982598212076501,0.5934520229878301,5.337465251414203,0.149552889119629,0.9999999999999999,0.5881948500807476,5.750965949382897,0.06609388410720334,1.007484169812609,1.4238342779414987,18.609457281590736
238,0.9037135665695286,0.15300052057874633,0.9860141476683029,0.8368803823383826,9.684253753800531,0.12281697491946612,1.0,0.755028375322503,8.80862566096032,0.1669133400261407,1.0185111167165393,0.5909818508268833,6.017990959758151
239,1.0508569183445255,-0.18236732168530673,1.0,1.0220975954688833,5.727890610868565,0.2421335418053088,1.0382873010133606,0.8620201117758208,5.785830903468607,-0.22481156276612463,0.9712266304757536,1.2990538570604109,8.417182001095192
240,0.9009136008332572,-0.12418730271994619,0.9999999999999999,0.14779617878106863,0.5469552105343278,-0.13205397596578378,1.0042669342771997,0.24076733321964142,1.2107268021847863,0.10986923849949368,0.9891158064536326,0.2098920932009397,1.141713312750321
241,1.1434214162983976,-0.1322590759742495,1.0086080151760748,0.04991363521955724,0.4755701209226899,-0.14326687698020651,0.9855984896991061,0.006329656659651277,0.6690729963654514,-0.0802430002106916,1.0,0.27771656965001545,1.3841231989778766
242,0.9257026760868012,-0.10332830854289972,1.0021488275872352,0.4581615073385109,3.0484023842468373,0.13496175853148337,0.9999999999999999,0.7104162478272102,5.850455588900033,-0.1658571342894584,0.9752368482634252,0.8355730558399199,6.6743150185006925
243,0.8652968281404169,-0.15317896166936443,1.0,0.6018646932381504,4.3641281522231905,0.13936104917314837,1.0274839079022295,0.4176002326718841,3.005389843349932,0.06885404845615986,0.9963400919668007,0.8108754374646339,7.370856026243832
244,0.3196820385097267,-0.25730953555853997,1.0000000000000002,7.111746060031842,189.0063649729435,0.05070917831749309,0.9623720028095216,7.461433809033246,206.62124720325983,-0.37643745619914715,1.2011853031149216,11.014337310780464,332.33726942779026
245,1.188333539391302,-0.08655268230895956,0.9719819546353837,0.6588050568103385,3.1258521452525585,0.26334087655895216,1.0133598261048276,0.5761798787134319,2.8873786857367953,0.21493967271794448,0.9999999999999999,0.6419393270031206,3.1280778401878173
246,0.9040601530078668,0.08803178707186664,0.9999999999999999,0.4381152997484448,3.741663713070886,0.16474456519636388,1.0214882533249605,0.4146269780104824,3.5879553016487025,-0.15199635189749997,0.9974518670078177,0.6027370902744859,5.457380503860822
247,0.5836623018626741,-0.031267226615929206,1.0,1.4822431678671122,24.53867388427248,-0.003920479594946037,1.0262657799214892,1.368320833016369,22.339799465966788,-0.00816820016758902,0.9923244813203781,1.7801728665222734,31.502560838442854
248,0.7545846036547154,-0.032900014254209506,1.0,-0.13886167863200094,3.191571768153316,-0.03498143443728859,0.9964912869701956,-0.05926199791717959,4.365008135196657,0.17263272250863101,1.0188114377808077,0.07143563053457974,6.29761534032431
249,0.9418203493700398,-0.058138915653082594,1.0002856687356694,0.017460638002217463,0.07007459754093182,-0.08058679259859484,1.0,0.1269437542011354,0.24447632520085394,-0.09856499955907634,0.988339279447061,0.16896395400670808,0.3611018174917482
250,0.9514101208723112,-0.20049343420565366,0.9793168684283211,1.1529107698123926,9.321425013211876,-0.2695040217958447,0.9999999999999999,1.2141730266943294,10.964547268339627,0.09665080644057882,1.0243546269042205,0.9683131840829137,7.216344094711394
251,0.9555668207595271,0.10928995388652321,1.0,0.12205531685955874,0.48263375161859123,-0.09417085096540886,1.0119076875662643,0.21209080104438618,0.8231732338543587,0.10267115835907302,0.9953565859525801,0.21301976321472557,0.7643410762187157
252,0.7499265225860248,0.17841033948261004,0.9766525451293504,-0.0740176014868075,1.5613863939361599,-0.08670332897961246,1.003191686148196,-0.24769347290983215,1.342195735989037,-0.13132272697051728,1.0,0.0179668397897704,2.866135318065206
253,1.1617129157935149,-0.14361482086736677,0.9999999999999999,0.41920161845671294,1.1808123836842892,-0.15376056891794299,0.9801601618815339,0.49097066158723457,1.9334915516335416,0.19611053453357152,1.0268510982713581,0.4798446509258619,1.644770899204289
254,0.7769316237865264,0.12775760641543507,1.0,0.7186877889583355,7.209268205290627,0.06978840132448544,0.9913451193138958,1.2714775836130563,16.745669779519574,0.06728656075038986,1.0187352502649514,1.455252405546111,19.076543723980322
255,0.8115905382148269,-0.10661776871905145,1.0,0.2983354047005821,4.0153367769149195,-0.14518988663931903,1.0006226571108305,0.3723906292608677,5.2875031927676215,0.1509218056728866,0.9976053001036991,0.2753477336495216,4.292143879948918
256,1.190370838835325,0.21695596957254087,0.9999999999999999,0.08804689235125526,1.0261424150214067,0.22143994840842074,0.9723486763444038,0.12927503846386795,1.417548266538808,0.1709376582296626,1.0057685616637457,0.2905181081293794,2.525702195155345
257,1.1151606054944392,0.17026973272894386,1.0,0.0997705452016916,0.1967031656271443,0.17399175711747245,0.992777273835523,0.1375711383235025,0.3712042825925197,0.16596452627134886,1.0124324108794511,0.2253321203445953,0.6046009410745898
258,1.0455712694333856,-0.16654138993585205,0.9955436756332705,0.7560305593794301,5.739431210198585,-0.12702107541566807,1.0342165282574947,0.6380204016586306,5.203706826552542,-0.10549648640959576,1.0,0.9249622983596544,7.61546954646445
259,1.209697543240374,-0.18433293281780605,0.9999999999999999,0.06686027278344864,0.6199992208407532,0.13702717900754768,0.982205754231094,0.02273279080429584,0.7578681975922654,-0.18614408797885093,1.0031309513357536,0.1060202493058135,0.8876358737108783
260,1.2159779456123572,0.130874009136249,0.9958221359276525,-0.07181930017204616,0.46973841473342404,-0.17476842890846928,1.0049992916960941,-0.03412678473625164,0.5151405154599469,0.10752758255336968,0.9999999999999999,-0.03317004438184374,0.6646726839223756
261,0.8123946267141977,-0.1692154465938327,0.9933742794310304,0.3762926007130052,2.149455965181458,-0.1262528904377862,1.0,0.5317249642780728,3.9282256351534643,-0.1362907406442751,1.006387016614572,0.5755538303740613,4.477039708797796
262,1.0718844578812634,0.19043188766415486,1.0,0.3827365399785506,3.0430310588237566,0.2787115863777539,0.9818769229412782,0.41852888719753106,4.120421377139106,0.2658613812812966,1.0217706123404364,0.4636942558831813,3.2319609592299647
263,1.1432142080246754,-0.168905381561862,0.9736685338699917,0.49781708606737596,2.9549381228335845,0.3084630763486998,0.9999999999999999,0.42449719904944305,2.9043552387860254,0.3342880026285853,1.014181832651988,0.5722425235133712,3.671049444936264
264,1.1244929151845309,0.19734411904054705,1.0,0.5618763381992823,2.6189115312340956,0.2061025835995259,1.008468470051641,0.4909721021877835,2.356170193413063,-0.12392391885541393,0.9396739213739759,0.9801899188848301,6.465434323323935
265,0.7401985809757652,-0.2055735865738988,1.0167318365283329,1.0664199588743435,13.690751674894205,0.09481535702330365,0.989049827458002,1.2373566924307364,18.165187566624933,-0.27928197519969855,1.0,2.0151573844853674,30.47194968438692
266,1.1954325701312638,0.09677998421674971,1.0,-0.13987311817850578,-0.14110179158844138,0.129604144314542,0.9931606061006213,-0.06194956733224274,-0.1033151219855668,-0.14091652773876864,1.0151656427745523,0.014391585256565547,-0.11585240489430149
267,1.0950357558564,-0.11268046474866786,1.026223536087006,0.3575266018086575,1.348307501564868,-0.20572493442865925,0.9913607550653861,0.394049262758727,2.0801697099325223,-0.18134970598707092,1.0,0.5423865149692438,2.688403652449135
268,0.9712131760210724,0.07068077404359005,0.9978748745198708,0.12943254481784428,0.24466873500591202,-0.104281834320353,1.0276117800340803,0.19033491397645252,0.5387246902734462,-0.1451512730487104,1.0000000000000002,0.2607576123064448,0.9682818159659856
269,1.2118925020228128,-0.16368348411041675,0.9999999999999999,0.41727800198533077,0.8373324782537628,-0.1315939106051583,0.9846483707392983,0.4598217828800995,1.4378880558922962,0.24171764665744724,1.0310409659039177,0.3735935827771544,0.8538102334826689
270,0.775736634132931,-0.13038374208412937,0.9895709215409796,0.2218800310563909,2.0522812240527095,0.08762719042328464,1.0066210945525451,0.28973870099609533,2.80274676904798,0.16126520804919037,1.0,0.3218627624977848,2.9186431978871514
271,1.1690746913988224,-0.1680548020264316,1.0,0.8060128685844759,3.1573629524873175,0.2479276120628104,1.047806239697644,0.6664348531133913,3.011473005444003,-0.12298124087373213,0.9707579741273543,1.0380913930714726,5.683434517955204
272,1.16892265332639,-0.11593754163023887,1.0108013379412357,0.38761049161403827,1.5173036577672976,-0.11072181966413334,1.0,0.4150846169069154,2.0435048261664344,-0.17893884392336837,0.9613190116782886,0.6922377710664285,4.439642331165482
273,0.8099017480099807,0.13072693372034108,1.000254426639295,0.20128903758273367,2.2802312573646555,0.1336810192016235,1.0,0.3020506236440159,3.280318694618818,-0.16680440732197108,0.99575301680567,0.43446355544876686,4.16120179690729
274,1.1563908534852745,0.17165502262131538,1.0,0.30491302449352137,1.0238967632548723,-0.1601643046336844,0.9624950220629962,0.392111635321834,1.6539688350749442,0.22704745445425054,1.0078525987192888,0.7294776604599535,3.7651779602061053
275,1.1640572538842502,0.15843003017195847,1.0,0.04280180085364466,0.10866628104282405,0.13537033728752787,0.988730197195568,0.1421827177458381,0.6036169820644375,-0.1340383537240238,1.0042636757793457,0.18689830870831617,0.6917806495362719
276,1.188679135487475,-0.14050947056069138,1.0,0.23117207832271686,1.317081373754882,-0.16710543878593273,0.995588378780533,0.31502546748816906,1.5666033183443568,0.19776015698791247,1.0055320274185136,0.40618270556330005,2.5947450398663214
277,1.1251963594698176,-0.19008441251246086,0.9971855924112712,0.4173812124596753,1.0594850091890367,-0.19008673387261182,1.0024914380715815,0.4635263826801067,1.459017236689058,-0.1822154152644963,0.9999999999999999,0.5122812222090115,1.4626945950142893
278,0.8283272214146636,0.09742041693067287,0.9999999999999999,0.047784723338722315,0.31550347410940427,0.15404378080818124,1.0050427499012742,0.10175212574823524,0.5203050187440192,-0.11973982112444409,0.9975626505905549,0.1402856223932851,0.6739360424657388
279,0.9322808446630866,0.06932056469869183,0.9913838007703254,0.26136098404427105,5.018185965112684,0.08111239550097954,1.0239284196341232,0.33230927153859896,5.615054795052867,-0.19506128145865537,1.0,0.36851540579511993,6.249659551546465
280,0.5772775866604418,-0.15887495804597954,1.0,1.6010389540738363,27.374228406922484,-0.10132425422418798,1.0294032013595218,1.3755582356627607,23.235088367086696,0.01342741798539715,0.9996178508377634,1.9337121774632626,36.79020975006804
281,0.7752176230981553,-0.20093945708128788,0.9919651012773211,0.9598884808450221,11.286903950587797,-0.15795596427987915,1.0032720390445882,0.9042686772119681,10.92956131689071,0.08443567761178948,1.0,1.3010148808141908,17.971782798157488
282,0.4104254646056285,-0.15427119754712942,0.9856801099726581,4.412678440263466,110.47831437137837,-0.005738617653066364,1.0,4.810729203341555,127.9892147619646,-0.31839539059628114,1.0613303803005674,7.173145736902165,209.87623561281103
283,1.2256464342886286,-0.13947441001082203,0.9946973692164678,0.2877801255983584,2.0995385057612213,0.22406474575851343,1.0,0.3170810510259948,3.164518442757804,0.23777083482643507,1.0157626820870187,0.2596392168527765,2.597913979200987
284,0.8238361613177536,0.0746715133864286,1.0,0.2588415736174788,1.2969953999427037,-0.10985903135605894,1.0020191608942624,0.3329899573189751,1.7740165964510988,0.07506284097452981,0.9808878471443583,0.35304016358475654,2.093110058450468
285,0.7898010087300089,0.10206318631421885,1.0096626844374306,0.31642694147077705,2.3208277196013336,0.14163103364798288,1.0,0.43372953868432457,3.8012231515706816,0.11594715430814356,0.9979758618418112,0.43558911235681136,3.5129088691182453
286,1.0992389820389428,-0.16415228340791765,1.001646759978402,0.26586246910323236,1.153988111433609,-0.17312969196094313,0.9611488966396416,0.21819372993749972,1.5018000546272905,-0.13042620297570565,1.0,0.498906954830189,2.717823439525368
287,0.7825068537739774,-0.25854554149480213,0.9951684568484969,1.2471776284350597,15.121117202231826,0.08004329592001821,1.0109525635974512,1.3573318538436843,18.652366515494904,0.13950885882399056,1.0,1.5524631903544623,22.023987597308732
288,1.2050370697860209,-0.13547985701908555,0.9880734717356274,0.7067283246255387,2.0321374317125187,0.277470850975117,1.005034529635293,0.6476036835292609,2.5591406499020293,0.32220064740789883,1.0,0.8134841889827172,3.917622816698934
289,1.1550276747175898,0.1790040701912502,1.0075354510007788,0.09140367439626956,0.17057923146650733,-0.1608687493757858,0.9768368056420471,0.11495819476883584,0.22137211562331194,0.20291666062405295,0.9999999999999999,0.16093673669019565,0.35130988314132594
290,0.9275185128237048,0.15013116495174142,0.9965554815422093,0.6934271246775989,6.8246530254170334,0.09644443146048197,1.0155391163080865,0.7701544611408401,8.200778100097432,0.12449236177650295,1.0000000000000002,0.8079574044527135,8.12777813687036
291,0.9588464362927074,0.0954292216970714,1.0,0.05839898875743673,0.1600248148867376,0.120633693051754,1.0042011069107464,0.30015589118512787,1.3697922049108788,0.0831156159273091,0.9899927482995134,0.403850474556628,2.2578320069768374
292,1.2265425678001292,-0.18058837731042116,1.003520026040952,-0.43554500948054586,0.7177787101903301,-0.20059296199591967,1.0,-0.4642000341427839,1.2442439589423255,0.08077575000903398,0.9830089193928947,-0.46783465913275957,1.391716012616496
293,0.5257844078916248,-0.19008285788692308,1.0,5.045945176330729,111.78175707795393,-0.5004002015760841,1.0417521213384746,5.629014506649449,129.26705905896114,-0.45486257223272725,0.9569720567670881,10.323175320662031,285.79875304111
294,0.6155357445321922,-0.27061578901060623,1.0,1.7265841758061569,27.735540745223748,-0.07755452098930729,1.0315743297170428,2.0463799930026787,36.13058063538533,-0.28401311061300266,0.9981213553916987,2.738104648038818,51.16472171159254
295,0.5740007227183187,-0.062007291112366726,0.9809080333641054,1.3917230996414796,21.84266397033425,-0.16708934287448737,1.0,1.5515283598090661,25.485825596078165,-0.28475379920672683,1.0111586718696755,2.5624956250371826,49.24733537434844
296,1.1238335364831098,0.1920976018989677,0.9999999999999999,0.32516501999201186,1.0307885570903261,0.2332903600282216,0.9877639113495844,0.33020887955353173,1.2222406531362777,0.23356411212377257,1.0078764529163413,0.7568715178116384,3.9530515461337012
297,1.256820771566788,0.21727225280610765,1.0,0.35905563050089745,0.7507003563688244,0.23371104778538007,1.0026567077570825,0.4639754328336666,1.4294995429588582,-0.1359406260891986,0.9242819744519386,0.9145249215422646,4.045878688565394
298,0.4842160519973249,-0.09272782174649428,0.9904694405962503,1.960443276821098,39.16029439295166,0.05805631834383449,1.0,2.3144909181041644,50.044481155167176,-0.1479269240884632,1.0384999122591811,2.9005734417432802,64.4111268807687
299,1.1905951304622164,0.18235836271286146,1.008788330494224,0.09503620163915465,0.33551712417234514,0.2218817769486987,0.9920058090616996,0.21810107611271237,0.715267417966178,-0.13735864377976623,1.0,0.29970627625585405,0.6231022156021062
300,0.8054687949657844,0.12289436110600901,0.9999999999999999,0.3187164440873018,2.979320730796151,-0.21947751455269876,1.007721660823422,0.7744068852067423,8.763751650657438,-0.20078167631566554,0.9733437379527279,1.1116561828094131,13.717255703101515
301,0.797124003807342,0.07567907403141874,1.0142386068164515,1.6339291678045806,22.816227932685468,0.13329427577495023,0.9999999999999999,1.9453817763526524,30.1490183311939,-0.1785176396614466,0.9806314207928808,2.1858852597361738,33.42820003464494
302,0.8706697528080568,-0.17772654367970225,0.985793646732768,1.0061877527112086,9.703859983961559,-0.17018814864371196,1.018518421885478,1.1105025095179388,11.952292559267164,0.11671352193882417,1.0,1.0766297921910188,11.857659501912806
303,0.927820761524522,0.06118205242827476,0.9999999999999999,0.2564451649104208,0.5302403679750216,-0.118420752778794,1.0031932527019407,0.31068518003859247,0.7230466239749336,-0.1577934668077556,0.9865534483751958,0.32182487230200735,0.8146875573710619
304,0.7368550552278488,0.10889985754600383,0.9976052460614485,0.35177815565313575,2.5950323405911213,0.07790837670358758,0.9999999999999999,0.48586824753934404,4.2832499514738505,0.12236214185257563,1.0006233985856883,0.5584843275989895,5.506899172829849
305,0.5970496761844891,0.2699388152719077,1.0,-0.25453793452952117,-0.2966461912624383,0.4296522551324754,1.0032525633806624,-0.26472096130135886,-0.2590202875934504,0.6861230046344743,0.9438999945228826,-1.1759537048780513,1.08133407984245
306,1.0715630379552807,-0.20275734039612844,1.0137552876286235,0.04208185145577845,0.6404317039305072,-0.1742243564862441,0.9998425074289427,0.07576567833018039,1.0324736343835639,-0.13482377715309177,1.0,0.23603114716605472,0.7258664765848684
307,1.1637342100847836,0.14663818784131102,1.004405821971959,0.023947858484071632,0.7554108037295881,-0.17799604690036275,0.987243315403611,0.15445804945729277,1.2100356785395086,-0.11110209096071248,0.9999999999999999,0.24072481975227272,1.0498644957271983
308,1.167822594996312,-0.13998088996182662,1.0,0.08965997919130254,0.6380152870722111,0.17331807619513023,0.9941265612574736,0.14376857354196848,1.0027483009742255,-0.12260779593793746,1.0185591366496272,0.19980669005448015,1.0677990717264922
309,1.24744997760682,-0.1241856995039439,1.0,0.3739682413348891,1.4216736217805135,-0.13787034270580278,0.9946972818525409,0.3505002939924724,1.4672952547744282,0.1800481310363326,1.029599107282648,0.3873069323297656,1.4956483027128469
310,1.175104899930946,0.24399657596919283,1.002390962275388,0.32057743935307514,0.8417854983406929,0.19765546455667335,0.9974143111380177,0.3957456410246275,1.3300677222187254,0.23857157276250066,1.0000000000000002,0.47999323193817894,1.930109401122298
311,0.8751261711070458,0.12196982277807165,0.9999999999999999,0.1757986714916988,1.1811062430921675,-0.1073889778055313,1.0103422370178943,0.24530478735023803,1.714406364773251,-0.14209486796479168,0.9962443078039553,0.27170233385370696,1.5694414769416518
312,0.9321960428414808,0.07066602073063531,1.0,0.3375144666649207,1.3830286204173277,0.08157869518103972,1.0119248874224935,0.37510535101747905,1.7876579554910519,-0.16790321358102928,0.9927493131934145,0.5604002978540726,3.509571394837872
313,0.7662445364673891,0.17045028286754754,0.9914749062541837,0.05738576115191889,1.2027574873275935,0.2196276771151399,1.0097378089873343,-0.07276793209180273,1.540175819088784,0.15138288747950115,0.9999999999999999,0.21327907631591317,2.9682849557342292
314,1.2157931834562128,-0.18890946122045085,0.9907162055956367,0.21580002697101988,1.2876133932566436,0.15422729818380176,1.0091228331110138,0.19016567794893052,1.2670385990359376,-0.18285697286773187,0.9999999999999999,0.26168841306189683,1.3775416948651547
315,0.7622193436554878,-0.2917013012116892,0.9922201520839942,2.270123251075853,32.16543359355309,-0.30123306885734974,1.0,2.42520183600794,36.60982430777638,0.08375379804674368,1.0014551426257134,2.6329119229081592,41.05077081116348
316,0.8620190006769421,0.07175858149690661,0.9999999999999999,1.5771033650995403,17.973442029929455,0.07307680898461369,1.0257339736419921,1.7184765992613242,20.52989318274411,0.052997860113402996,0.9809378893979904,1.9727023835653712,24.950971756000232
317,1.1816063056026196,0.18665921653983292,1.0014514907263943,0.006785844240602176,0.41815663222206245,-0.09927535914803247,0.9913255778343167,0.20580396707548299,0.9311092233355263,-0.0779247335516019,1.0,0.2981964654177401,1.2857775140368624
318,0.7580718688542768,0.14045913431316243,1.0,0.9626261548716455,10.400210396655499,-0.3147250025302368,1.0164005418050204,1.7316056976618406,22.608456620917597,0.027304795433269954,0.9883821360276687,2.1980416324456873,32.00452923613289
319,1.114474045857734,-0.14061769640810584,0.9968429453825225,0.25133656717444713,1.039074896791691,0.24710085091446615,1.0,0.20746174357187303,1.6116479797348946,-0.19773001227915818,1.0039663237353968,0.23836891042904676,1.398519814629597
320,0.9469395305417908,0.09751912543829344,1.0,0.19646712277350437,1.2281461056217369,0.11363563867631875,1.0085327578510757,0.14213128872178687,1.552853200930274,0.11635951968083258,0.9787764320337742,0.4155908736973957,4.897923738686144
321,1.0882033814984164,0.257211791947172,1.0265096179292468,0.5273828668383244,4.915205351995044,0.29288747362440026,0.9999999999999999,0.6322089021842213,7.126977102449533,-0.07787789411382655,0.972725704372682,0.7913895425101769,7.756135266278653
322,0.3861537607464159,-0.25799630046315486,1.0000000000000002,3.4590629153949917,98.90599904933842,0.10090789045829605,0.998616936875255,4.246026430725869,134.59883611264925,-0.06204258906440504,1.0485938448933214,4.867962207381949,145.0569669212371
323,0.7662562857418683,0.1488250557005998,0.9844376169470281,0.24929457690024426,1.3759872817508683,0.17581957047848806,1.0,0.25336590068499004,1.6220663459724696,0.1229178150251324,1.018489092137809,0.8302366731835407,9.096171994029254
324,0.8527311683248125,-0.15520622488368666,1.0091251976193374,0.39597406932967927,6.276999258655952,0.15061075200066137,1.0,0.3700316255890583,8.014486537204167,0.08242306857757004,0.9870064151896566,0.9443076388634161,16.851326960292397
325,1.1708945479528736,-0.11441080718419434,1.0,0.1988639500327865,0.6441978213784139,0.1984682927988085,0.9779364659093467,0.16595467448580964,1.0022448307500005,0.15947907746997173,1.0055029902236003,0.2808240405990452,1.0885142991503987
326,0.918080832028026,-0.18240706119343464,0.9999999999999999,0.6199685241931217,4.060405131460538,-0.22356853781243038,1.0036594830683343,0.9438447158332082,8.424991039253245,-0.2148567346874903,0.9642183227158789,1.1891120236390782,11.520000165640345
327,1.233189757782179,0.22296321279562473,1.0000000000000002,0.6258688335694863,2.1967831704488407,-0.1541572485547238,1.0042082787513265,0.6991710712591056,2.2819199620827417,-0.15431069399543243,0.9261778092462637,1.018927688752563,5.09529877652605
328,0.9120815985185246,0.10348397785049024,0.991721618782753,-0.30876117626514343,0.4222865504060276,-0.05376171165167805,1.015135719066594,-0.26280577325286614,0.6560237522248835,-0.07218174278759834,1.0,-0.21141661016431357,0.7644385593775942
329,0.7934912768812993,0.07437666338667244,0.995981430190154,0.7798255747549445,8.914406855479697,0.062205616066277204,1.0149026654278457,0.784240564998501,8.998986766230805,-0.24878906945348772,0.9999999999999999,0.9503488499836955,10.514882629548316
330,1.0838464948386195,0.16592605584386969,1.0,0.22766483272955754,0.5795045511519672,0.2727455587373531,0.97554210362153,0.28857858442194817,0.9092551623270082,0.21554330037387354,1.0027332755258351,0.3008183768940352,0.8946866899839359
331,1.1988689715966352,-0.13482112749775182,1.0,0.4895490717919071,1.8903077515825926,0.25044777791123907,1.013823027644751,0.44406971288455055,2.333163318575263,-0.12652930992430758,0.9925198526096904,0.5295365989813539,2.41671003411276
332,1.1613182763250898,-0.1444275783363341,0.9966509946517763,0.18720170057531985,0.09934086871197678,-0.14434329611586938,1.0,0.22465605138716407,0.18493329876150488,0.21657516826548323,1.0004343785956349,0.21199112492963734,0.1785598376776516
333,1.212908637207817,0.1665796486461066,1.0,0.14554689203564758,1.0459365652842116,0.15629955735631781,0.9819222629071152,0.08156319867008505,1.292807588443802,-0.1381820316490013,1.0068089668925986,0.15157049492537997,1.5239038370071247
334,1.1716045635553924,-0.1821135892864864,1.0084364828961008,-0.20078191708283466,-0.21747873269439166,0.1165979136881082,0.9807919439965539,-0.0687155437299562,-0.2042192329646748,0.10105669198713375,0.9999999999999999,0.019081543995660696,-0.11314377675890519
335,1.0848962041100392,0.16697393708975966,1.0,0.17977383042023898,1.1144429316300677,-0.14005253503485288,0.9699416303302094,0.2366658986053993,1.5797023326060877,0.2604972862686406,1.0134073544028512,0.29679835904222496,1.6664189167011267
336,1.2094610488215791,0.17619009091650392,1.0060597792208064,0.23323475524160436,0.21361664341895148,-0.18060310682531075,0.9948616025047964,0.3275967018154169,0.40324227579167493,-0.14890847016622444,1.0000000000000002,0.39312604966206605,0.5210120454873306
337,1.1018976576045023,-0.16433177565866208,1.000284187928645,0.4660788127983893,1.9851043652598408,-0.15942471344019438,1.0000000000000002,0.5362800449990849,2.7667627194337943,-0.18297212704051338,0.9980692402569611,0.48808616874042887,1.9029595480376802
338,0.8627852193685812,0.12090028949994423,1.0022511660332,0.8819937639941601,9.029209442040743,-0.25056451093844595,1.0,1.18409503358758,13.083768175315797,0.0558318410281013,0.9682197332917557,1.4001857016996868,18.237727904659447
339,1.068798850549184,-0.18253985598380246,1.0027345106290557,0.4250505357283371,2.6134216184341303,0.3029829563786871,1.0,0.590238079268937,5.481156841095654,-0.14771700236999874,0.9527781003868034,0.8229851730374511,7.398197882979323
340,1.1997293637341486,0.24907711011904052,1.0091548417863125,0.30526522725733424,1.175426123846158,-0.15487035669040855,0.9649156137958578,0.27543577952112236,1.6062112542437985,0.2811879707430962,0.9999999999999999,0.5139984684870551,2.446255291512866
341,1.2784830377273075,0.15235252171076114,1.0034400785567261,0.26022682178701534,0.523736703036576,-0.10934998363095894,1.0,0.29197697809604006,0.7333724842602605,-0.12163237916000193,0.9840749825925261,0.40890067904490607,1.1563944801810209
342,1.1374701716333182,-0.14170257857589746,0.9896924590259158,0.43416067677109466,0.9544395478157748,0.26884839227573676,1.0,0.44924746639485647,1.6016253834841034,0.20167743320649206,1.0255225242827983,0.5642086005154694,1.9544094770234732
343,0.8878006211910594,0.09083372582783258,0.9999999999999999,0.16754011215136488,1.2872890423346899,-0.05412495026183395,1.0165951722873627,0.04126156649925543,0.9873866539932101,-0.12296078672854158,0.9893535194882864,0.49424251996895163,5.144126152523803
344,0.918419075936551,-0.18493817301748589,0.9722382413488516,1.0780433583586382,11.207821981026791,0.1590933576010644,1.0151334799018001,0.6936673092926683,7.211663223244507,0.15513533530077303,0.9999999999999999,0.959280490829872,10.619009808112445
345,1.188355109472943,0.14456826906468986,1.0,0.006965483613992637,1.7724711210022734,-0.21936458323463623,0.9766037554697767,0.07762396625402875,2.434623134761414,0.19815540349528402,1.0000570976933412,0.11535012306407116,2.1438794709118634
346,0.7966094792596812,0.10982041540851872,0.9978144382561988,0.712876092749202,7.820025598194844,0.14804056185347902,1.013948291725738,0.7994098435415015,9.919267590901617,0.1489554661300836,1.0,0.9774368767493218,11.382682020579276
347,0.8673841186011098,-0.23015860801287677,0.9999999999999999,1.512938415732326,16.77711811044712,0.0785391511740148,1.0601041631247243,1.364210255772413,15.915878505441079,-0.25139761310475994,0.9763127065226844,1.9029216038960386,23.640316558388406
348,1.2023846338419812,-0.15281861077778244,1.0,0.4737238707371843,1.981694188297424,-0.19465594666793998,1.0057270018146478,0.3987504017450325,1.7341510270157796,-0.09289695371373596,0.9979904992135891,0.5346530911288253,2.9701544499866452
349,0.8176444700181217,-0.18217722255504784,0.9975924780305064,0.31559742669475793,2.5713920074266134,0.12255298327686093,1.0,0.431922546218201,4.263555128432148,0.081567277702941,1.0249747012980956,0.5653953059955921,5.19019647753669
350,1.2092147455442968,0.14305490378445698,1.026524003301227,0.3513912155091896,1.4073852410496164,0.19088546982337284,0.9999999999999999,0.35935813731156396,2.107191995493616,-0.11330889874406187,0.952696580771875,0.6827928150084659,4.815401818501916
351,0.9689410485912624,0.08743152682445045,0.9999999999999999,-0.0691714003564753,1.1028345704062854,0.12792454823979016,1.0132219048957156,-0.013967532841086691,1.5934352998360488,-0.11600293751500532,0.9925252143054911,0.24101773937985088,2.5038028091286604
352,0.8664376005663773,-0.20968250681920442,1.0,0.7629229654247751,6.398791784385894,0.09095952531872532,1.0165166692953562,0.9068396596506942,9.291802532383757,-0.22575054500432698,0.9652351055818456,1.4736158064696214,17.446730390700168
353,0.9741696774443852,0.07410479107370045,0.9999999999999999,0.23612109191118927,1.6496586858754174,-0.14737464124688793,1.0246259030660227,0.2588295662910843,2.130203984230932,0.0992534691143455,0.9962094860712911,0.18980971309848554,2.116993222918153
354,0.5993865429899761,0.01699888646611836,1.0,0.46364882215709,6.112423570147591,0.07752641437457429,1.0264182554496482,0.7600099424881969,13.789905604433262,-0.08842139449429608,0.9802180555412979,0.9645159227147594,15.634808422818448
355,0.8982366323539719,0.1515913447746192,0.9845245346590917,0.006170355731443628,0.9457879867115673,-0.02164964687914522,1.0,-0.26267108930087923,0.5626983192542006,-0.10906372149517465,1.0071079328081851,-0.5487720083986138,2.8401463762539283
356,1.0297717057411415,-0.1743259943482339,1.0000000000000002,0.3616810862766074,1.7433101104238808,-0.20129196091071797,0.9707019801468998,0.4713854657010313,2.9483861400167637,0.17757990642622926,1.0067555697714843,0.40871444533794987,2.3147863195130434
357,1.126802538029933,0.1578784872230919,1.0205720023100668,0.2878784546621708,1.5991133279672347,-0.18414691798024987,1.0,0.42081688298374287,2.665802716753131,-0.1574171512679691,0.9862596401987915,0.5952318708735397,3.1672893597163245
358,0.8030619774076361,0.1159100227016426,0.9984517846225877,1.2526453672455595,16.527351960908987,-0.26009992204142507,0.9999999999999999,1.377466400484811,17.9016500646257,0.07893718800930327,1.0371283389673864,0.9869786901173397,10.680465133855037
359,1.090212252705958,-0.1695953711231233,1.016440857195927,-0.2514479018189181,0.2790269590332448,-0.12717677420076776,1.0000000000000002,-0.08983765881411147,0.5175120502508053,0.14311280847717148,0.9972433338613567,-0.013817049555119268,0.459526325502424
360,1.1964639858065256,0.27580768108140324,1.0296916191457404,0.43786491587019866,2.478021709544066,-0.1259573466665167,0.9999999999999999,0.44244311433808675,2.671786002936959,-0.16622123473686046,0.9856050920954978,0.49052893750768545,3.049849462960405
361,0.9301817204314816,-0.13714824904057146,0.996293496332012,0.43651418193575714,2.068354412744423,0.11175831120405635,1.0061356424025776,0.5262741888047201,3.000027909828809,0.0919075926379813,1.0,0.6025266861411352,3.868105591376178
362,0.9098408792254704,-0.14732172289581266,0.9999999999999999,0.2398707732646457,2.227678302476077,0.08345565126149336,1.0145568673595462,0.22180381655311113,3.2118306267352787,-0.10726280716252866,0.9947332353094009,0.24825559648399714,3.3565397726991746
363,0.7697937644604541,-0.10301835229556579,1.018178784996879,0.2795977019021721,3.098932066732506,-0.15253853989088764,0.9992104943610378,0.5115387576342935,5.986743455482575,-0.18883831023951045,1.0,0.561185126642905,6.053221852988589
364,0.5471610301882295,-0.4287439233813851,1.0,4.80574379490282,107.01725453175978,-0.1576846253235627,1.0509892857120056,4.0608302731763475,88.13644214524905,-0.5020840207910064,0.9933123903782358,5.837801446655364,137.92439562449903
365,1.0898994144167709,0.11043295374256866,0.9988621728720006,-0.2179610555204353,-0.2627627631561462,-0.1391176172366907,1.0164765348079325,-0.0346729860373533,-0.21587083363538984,0.09980055942742878,1.0,0.028166265265728886,-0.14735772200191732
366,0.9178764746291356,0.14339527235305663,0.9999999999999999,0.45945401276860065,4.408678227797908,-0.17953250864853026,1.0108971961743176,0.5840681534349192,5.436549098048145,0.15169642967493796,0.990376772800702,0.6572296919251762,7.1052489799762455
367,0.3670072487016423,-0.22377104148061314,1.0,8.363798757082245,247.90731482953998,-0.05096955059863447,0.9875258709578204,9.624895345083052,305.3028547967602,-0.5110538378502457,1.1531158701856736,12.85042236936758,405.3527881100431
368,1.143709033933895,-0.16819720849347838,1.004521719455954,0.20241635931945814,0.9442474413479447,-0.14166396377744678,1.0,0.13687431086951196,1.144529989113007,-0.13309341831147362,0.9882110392948278,0.40449813293044434,2.337216550336879
369,1.0489325645371643,-0.15379752507483582,1.024017485257705,-0.19343320552919896,-0.012161234196731208,-0.1185037109291347,0.9897285813901551,-0.1338958870156997,-0.01899036158687384,0.17478065414029256,1.0,-0.16568680047129594,-0.0025287391762165434
370,0.9450132663062072,0.06170845123912792,1.0000000000000002,0.2453736575019807,0.8041538368712735,0.10476517002598461,1.0123058606494963,0.305178648325391,1.0722596733386265,0.06703186112401195,0.9820549552596335,0.3561311020811375,1.4552715742978108
371,1.2440393154198195,-0.18335307791058078,1.0,-0.014459088698227648,0.2879802722821445,0.1418333068269433,1.0002797729060733,-0.06021283828612373,0.5805558874244388,-0.11456697006645904,0.9920676424055311,0.10001058760177953,0.3813036476278584
372,0.8255087716553028,-0.09765629859064966,1.0079444958130643,0.22084714567124,1.475019419961126,0.1555522826664052,1.0,0.26965163683874055,1.9267996516067507,-0.10276453165417548,0.9941402929199671,0.3259085323841525,2.067617358997227
373,1.2273225298802874,-0.14708179099419366,0.9999999999999999,-0.0009350746734739246,0.6873209290934579,0.16793862004696603,0.9958588635771045,-0.11415174489856786,1.3981129131211345,0.19804961267961152,1.0015920153631306,0.1403133929406322,1.2206490302521091
374,0.9027948272083944,-0.16671479649450563,1.0,0.5459917260596314,3.278211861750761,-0.18498493529057994,0.997872699922989,0.7826282042244531,6.441859559015807,0.1795208894924668,1.005244644914477,0.6867328792182338,5.539346630236562
375,0.7661151231093193,-0.21907727093604598,0.9999999999999999,0.480702247448266,4.848372879825552,0.13415535190782227,0.9871753761810774,0.6507798694701343,7.939440129230846,-0.1767477039013416,1.0177369012711441,0.7801715113269762,8.78186210703747
376,1.210520832800149,0.1877681026705156,1.0,0.4680907155211022,2.664917976212597,0.289986699229288,0.9682876005961953,0.529357264660223,4.150435372870284,0.249038498835502,1.0031927812002233,0.5926493344941575,3.7341301608349386
377,1.1471229461621115,0.15130257376933326,0.9942458672973216,-0.0743111841316245,-0.015050767886563232,-0.12353344084762949,1.0,0.10939444867634793,0.10344882005088163,0.13854358192680358,1.0116203460434083,0.1595459286735418,0.291779715878548
378,0.7661412823794649,-0.16425857488073292,0.9981374796999133,0.28130858505597384,2.9556603218362136,-0.10458992023778532,1.0166235090549505,0.28227614797561673,3.2413940307317164,0.1491948893637526,1.0,0.35439595125272644,4.711633681521225
379,1.228000780280974,-0.12566843546680417,1.0061976792068517,0.06050210661413506,-0.08237112481637565,-0.17932761215129098,0.9880350561944783,0.09001599049458213,0.03705088427018177,0.10123918186205216,0.9999999999999999,0.11558896143342157,0.15739399356426587
380,1.153135161734424,-0.10620766148978839,0.9853952692794075,0.5643407529360529,2.7422532617658932,0.26096397087299633,0.9999999999999998,0.5220415943196046,3.590906704361502,0.2765748501230735,1.0067082690372848,0.740715193777187,4.629588364527217
381,1.1555678823190376,0.24938600774991862,1.0126406803759904,0.4357894258919403,1.2147071716718374,-0.1316687024091721,1.0,0.6002654326458488,2.063204343830754,-0.1520998983135103,0.9863454329325375,0.6649898169951294,2.2979966976235113
382,1.1438257364398907,0.29781768643856493,1.0,0.5458511122783168,2.8647724652037923,0.2183640959578055,0.9966501049652153,0.5178554743666314,3.008513713621526,0.31361320202172965,1.0072461564988586,0.675205481733234,4.334697244013046
383,0.7400884185403891,0.11435729947785027,1.0076550342826351,0.37233144189343076,3.3354311820938305,-0.18147947519166538,1.0,0.5639421885403615,5.569134182036807,-0.19178344203983125,0.9997557283908345,0.5551494371074621,5.323859234235027
384,1.1419765655056575,-0.15732834207532562,1.0032569188072458,0.46294347122164226,2.4953608706145225,-0.1095019189275127,1.0,0.632002599021889,4.055422023113171,-0.14058771691296507,0.9815495457139237,0.6778604627302388,4.209335944260117
385,1.2601442515780692,0.28200873749592353,1.0,0.43771641040015724,0.8155760253401438,0.31871899156731537,0.9827508097770096,0.5651724694862829,1.6296609633027845,0.3159890831175078,1.004799179563238,0.6656580592073766,1.9907247193587265
386,0.7946794999372014,-0.1355077609913235,1.001419646769951,0.30225768957082677,2.361866438867371,-0.0954426548177919,0.997196694265825,0.23809319004899085,2.4651781883487285,0.10619631025321478,0.9999999999999999,0.36323104615337587,3.786683314221529
387,1.0452456880447336,0.2418598874513297,1.0116431775810675,0.22026898763844338,1.0383218809796784,0.21791320664656005,1.0,0.17353456080919358,1.5211164519328344,-0.1211159884839265,0.9890756741169113,0.45076286243791563,2.8544567808976
388,1.0288294296115197,-0.21593857116752613,0.9826817727981203,0.7171318534854508,4.6116211275090055,-0.1493910619349539,0.9999999999999999,0.7715766335347175,5.504896492456723,0.20927243957358252,1.023454560641374,0.7039727370428399,4.773530809014211
389,1.164163079351064,-0.1310093424687056,1.0,0.09351862448058314,0.8948089372492545,-0.12625478845364124,0.9750153882213729,0.1817185610726652,1.7351749923264501,0.23551205891213045,1.0133431366499823,0.2780292246883746,1.5917656164321086
390,1.158071768075289,-0.13592335477739123,1.0023178385966143,0.20770687501730342,0.8886724683827554,-0.17667185884630932,0.9716952416960412,0.2596549811155355,1.4521773005757703,-0.16600071299946728,1.0,0.31311615810051113,1.4178199608013369
391,1.191140316020039,0.19428560015418198,1.0070994156064845,0.38008669561127933,2.9109973196515346,0.21734932050125041,0.9999999999999999,0.42989177938410045,4.4939946092089,-0.14771068860496864,0.9689695152612304,0.45544704517627854,5.103685733114968
392,0.8427248410031278,-0.15568494623183662,0.9999999999999999,0.620709684370143,5.259448056936023,-0.21052874469683097,1.0217787669225142,0.8703102483226687,9.088993911834795,-0.21420543425981828,0.9920902446441515,1.1621587713456405,13.105854841404984
393,1.2172303509377798,-0.1780838341936324,0.9862518532175539,0.21728421116611726,1.3768068096539645,-0.13388248311344136,1.0028608388696754,0.2530435831491806,1.6721807236287711,0.16350756071418796,0.9999999999999999,0.2568755842701273,1.7805924217759062
394,1.190383110893272,-0.16808101684632684,1.0025481320520448,-0.11201834061027957,0.16281117896734099,-0.1532219275220984,0.9999999999999999,0.0653181902596025,0.5274461457877373,-0.10399549368915553,0.996846051656123,0.16221864151426707,0.7784855310699723
395,1.096358403493614,-0.15288463869708044,0.9537365285565798,0.9911184964489005,8.764878901651478,0.23394505146422634,1.0,0.9446968111682849,9.14385508672246,0.25779138817885533,1.0022773506306137,0.9845718828949835,9.339587223674783
396,0.7285715010509847,0.13858934360520128,1.0014731923171385,1.056631508235621,12.519861222466128,0.16641342203716405,1.0,1.7908273620754303,26.88473842393832,-0.23544582104007133,0.9859694349154277,2.0621247158004397,30.763846686056745
397,1.2176454981772362,0.2832283952297356,1.012340038994859,0.602743891899346,2.6413788472671014,0.24745743629419503,0.9999999999999999,0.6582955142433704,3.4653559927144206,-0.1233921528671605,0.9390440657072229,0.9469459564651062,4.869453041265737
398,0.9041244123351068,0.08610457059648394,1.0,0.5725938636132335,4.830945139475146,0.12083356291064314,1.0043676551051104,0.7751046358843939,7.775008496346322,0.1054742564697697,0.9938198805458821,0.9654216108342557,10.384501927773167
399,1.0978700743174672,-0.11446716059421386,1.0084130600677115,0.6878289378773426,3.6490569156888144,-0.18474931237323913,0.9595048985969477,0.7905114698560587,5.753732356206331,-0.12769311990022927,1.0,0.9341685987739146,5.3650199989665115
400,1.2166362120956875,0.13733903277293472,0.9999999999999998,0.10793099082393028,1.315179350533107,-0.1990399228312155,0.9925498139909471,0.03269975098779325,1.4384207850779722,-0.1694473097874728,1.0134002105502204,0.022396104909281,1.3347093203578835
401,0.899427608597221,0.06731031826946393,1.0,0.043071907721679445,0.30688276298209605,0.14181718977277238,1.0082801281158131,0.051084154511025874,0.2963308199430399,0.13260010865494445,0.9954273255657979,0.10954977565490417,0.8277247340351677
402,0.7899136768608264,-0.15700334054063508,0.999287918988964,0.5216404657939446,6.745502660826167,-0.09126906562158428,1.0172267180851853,0.7189194625968282,10.153313489031218,-0.16804798165939921,1.0,0.844926409389143,11.614071438025752
403,0.5895020349679032,-0.14825342613626416,1.0,0.7661008318098986,8.857742980382561,-0.07647757242087001,1.0655635506260772,0.4315554052828002,5.150392214259194,0.021634972608636168,0.9903718173656504,1.646000300953506,26.55791523249552
404,0.814384497979689,0.07723504920851047,1.005402237670412,0.5791591818553816,6.627817316097049,0.11821359549265502,1.0,0.919582013252627,13.106805445989409,-0.18504684006568434,0.9887914020532126,1.0842708923179085,13.517012012204042
405,1.1472804171175548,-0.07254039021596988,0.995112662297709,0.5953055143332486,2.633980744054649,0.27183378281185916,0.9999999999999999,0.5845879227725834,3.290173365410335,0.2904654874159629,1.0378508019894366,0.6776476128383432,3.5049958120637044
406,0.7648148226490711,0.10912257810650491,1.0,0.7392106392710459,7.831665383616619,-0.1680417992014255,1.0161399523360046,1.0713138006407956,13.22640783764853,-0.21610915518123353,0.9904578669775701,1.2884347868566175,16.46375577262013
407,0.9473479941393697,-0.10941448836038759,1.0001405914700614,-0.1648108044106018,0.2927907403017622,-0.13506149095146583,0.9999999999999999,-0.0304413551120758,0.3772779702934961,-0.13537555287336775,0.9785369090496986,0.09751781282638884,0.5219479573172139
408,0.7318365428859214,-0.27786639722577844,1.0128738871966652,1.9023326844124273,26.663226002760567,-0.20511497405067314,0.984255980615515,2.339447810750072,37.92727088022807,-0.3166781410094809,1.0,2.7570785224241368,43.075213090772536
409,1.1274276349770131,0.1467831099035705,1.0024838172819053,0.039410226888337604,0.19779046682300372,-0.1292646768429459,0.9809383842018432,0.14046861630950902,0.3090038633578658,0.1646196788274672,1.0,0.09195229849952011,0.14209225737455844
410,0.4880098336252365,-0.05159851586420987,0.9782166485119457,2.145266644630187,40.707064207216455,0.07233914002454471,0.9999999999999999,1.392855282010346,22.983984650919293,-0.35441193460040593,1.0075372211558444,3.3313950611226306,73.82456767398058
411,0.8378022358957878,-0.12533610967355033,0.9922584439632602,0.3603683395135597,3.626115742935733,-0.12292059761665168,1.0051968244049088,0.21807771117247338,2.8079822456865378,-0.09496775900337166,1.0,0.32184538175077354,3.7681230529286562
412,1.2467288719049987,0.2552399866050267,1.0338494577445583,0.5351452778074706,1.6116905644920854,0.24895901531256084,1.0,0.6306369899905496,2.9137198750334115,-0.05941821943914542,0.952791637885892,0.9370575819403442,4.6668721665045885
413,0.7890525947223557,0.1931512186508102,0.9952771860023811,1.0589832636256817,12.565519519469678,0.16851938874541253,1.021275371507092,1.1453348087035449,14.19475538082773,-0.16289327784890759,1.0,1.0242429512202935,11.302695255849551
414,0.9627750076813693,0.05433407847520432,1.0094896221442236,0.031670230159284427,1.222649481655087,0.045607064751298325,0.9999999999999999,0.24758757728468186,2.5946498818507626,-0.15649026544849012,0.9908963695882222,0.3680932582818938,2.9679873250765905
415,1.1557802820624057,-0.10356333528355777,0.9999999999999999,0.4433348598963353,1.5245394467842983,0.29031738972106813,0.9840457601455529,0.4995310630248375,2.864173309534758,0.27736145617468316,1.0129061753396142,0.4696062352407015,2.3639701548426038
416,1.2182486986470695,-0.17214109134806932,1.0,-0.058056368415707174,0.9493669674509895,0.1145452352584222,0.9766444397630949,-0.056432592940355734,1.2725127812191914,-0.13800447065684354,1.001685325402024,0.012634350175199623,1.6866486666494165
417,1.10518492529698,-0.14013416610004414,0.9999999999999997,0.7518614228828866,3.658246498586567,0.3128676024265909,1.03751155514787,0.5893251432355079,3.0990563306511962,-0.08787269975341722,0.9991806168089645,0.9026419472596211,5.242804241126109
418,1.196014401678351,-0.13558034640946903,1.0086818560383766,0.07874232176898069,0.3786499995152295,-0.19580038095246252,0.9888929090139698,0.06802111836394349,0.7685225098761057,0.1632240802698123,0.9999999999999999,0.21328545334926927,1.127825448629542
419,1.17683879271722,-0.12906243591041378,0.9678801431275091,1.014159472941689,5.183409589390093,0.23687083723014882,1.0,0.9161902304210167,5.3994409377379515,0.3405452103454858,1.0308700395470651,0.8888720089632778,4.833046939907463
420,0.7283307386991055,-0.2415556887971493,1.0,0.8161141866772961,9.577209912472272,-0.2760615251833803,0.9797144675989036,1.1477207303630241,15.961365357655886,-0.22919468487207928,1.0202235557217438,1.7221917815312544,25.007916386906167
421,0.4470104368094571,-0.2325859988233096,0.972694880267387,7.489359496488167,218.28937848478537,-0.5519127673048122,1.0,8.57481295244044,262.5015747974107,-0.5454721188706481,1.0221243757971206,7.760579634404162,220.7833859508545
422,1.1176976159984515,0.16581197227721597,0.9999999999999999,0.01712476943973318,0.11296815907937452,-0.11161232430696395,0.9871174700577089,0.0581506613281154,0.21120591152473134,0.23429594501225626,1.0077462981506853,0.05119347265798603,0.3330691845211353
423,0.8401719888201877,-0.14760922238186042,0.9958239852260604,0.7972901480978362,9.455000054834786,-0.18431722803489953,1.0041736309739173,0.8547504090145704,11.168714666942225,0.1370878459283314,1.0,1.0251983645784932,14.1508498528306
424,0.8190708964588914,0.07359155703396206,1.0,0.06840933302383685,0.07994065655573568,-0.09416813788027793,1.0055238882244169,0.09563137765618548,0.14911626192849825,-0.10286025974841456,0.9913597346011881,0.10351453543854033,0.17419530678474482
425,1.0606553760091264,-0.15091522116353442,1.0,1.1854039469214888,7.383083254308527,-0.18393673312729,0.986834521849767,1.3622104377008757,10.160610660378092,-0.11152399005286857,1.0346573738545988,1.1818734842271106,6.773120148305388
426,0.5648615824371019,-0.25435293222776534,0.9950727690624938,1.8075210631402123,29.57365233604274,-0.024500849550277256,1.0324959849157933,1.7856732551150436,30.103175062889527,-0.2979310539101156,1.0,2.7756183350615276,52.38887462756643
427,0.3903535853061237,0.017483066912048092,1.0041180311163838,1.2603395157385417,20.289284274508006,0.04528726402586233,1.0,1.472880184978283,24.861676026290226,-0.17080811361978007,0.983221822992081,1.6035217006296263,26.5786987372618
428,0.8700753957789182,0.09681625832049102,1.0,0.3283101767350533,1.8408209454463327,0.15496836503301814,1.0135764567928538,0.3806526855964635,2.2620221196622667,-0.09781389197290424,0.99159132697884,0.4210544005526759,2.536451376135494
429,1.1713022006710554,0.19039073213736427,1.0068330843803073,0.18677293147971286,0.2408842709132344,-0.15836830950537634,1.0,0.27655929889132713,0.45458767379333853,-0.16806662483417711,0.9961224896436361,0.3169201900689259,0.5177069014685078
430,0.8929079387363344,-0.18194498547998939,1.0,0.7751700647219364,8.806361185075387,-0.21297676315011815,1.0190479760093074,0.8316175804606878,10.014625916769214,0.08585060279863044,0.9899090478481168,1.1723613296928226,16.68442365843962
431,0.777022514047051,-0.14764551497947706,1.0,0.41598203826403,4.592339978545816,-0.21538840215971716,0.9932368944989657,0.6082894257847429,8.0585058026008,-0.21186979978444953,1.0002411454802358,0.6895936019872152,9.08407714742415
432,1.2202155007486133,-0.20516034640289404,0.993388999024536,0.33001982386964773,1.2364611685162181,0.20423905563514538,1.0307924035528724,0.23628105739407648,1.3502120736516163,0.1668370640112028,1.0,0.5131256122753026,2.4316957341148084
433,0.779082661397217,-0.1324819407723133,1.0,0.4239879585008519,3.7750871350997652,-0.20209038510211763,0.9974881609620921,0.7329552651379444,8.33355701264345,0.08194006626821584,1.0260392220639438,0.7857031673346482,8.628144875415648
434,0.9517285360109896,-0.11660927314502363,0.9996694562989008,0.19510139904462995,0.6557236402796489,0.1227877467486324,1.0297862632968096,0.2580182378503475,1.0066179593503897,0.08663894162638966,0.9999999999999999,0.3095852536294981,1.23162550089532
435,1.2159886240801536,-0.12812625670362887,1.003136137514447,0.21839285123441582,0.5176882171072985,0.19711525873054328,1.0,0.22045430506529412,0.9286209924026032,-0.11512614969579787,0.9990106776128586,0.30872097757756084,0.9040962870762033
436,1.124444781133376,0.23271693919931052,1.0108103717556833,0.3694741663310978,2.0511760088507662,-0.14754334242062675,0.9458143741492534,0.4867227189218337,3.588851915970616,0.21353589860272915,1.0,0.4265931835842449,2.358548453624591
437,1.2452827437735223,0.20776433457129923,1.0185880157184348,0.24693727867429763,0.41791008200720636,0.21836849451823995,0.9999999999999999,0.21050038230265578,0.6995777065652877,-0.13256272616048848,0.9711693565978071,0.5377614796915192,1.9038873639998517
438,1.2418364426320838,0.19791230140441537,1.002691291039474,0.3399879791929966,0.7724354908655755,-0.09847891275670358,0.9914652461716467,0.4689599394835582,1.4621866220496145,0.26809206532222585,1.0,0.6363115391747903,2.608161313203907
439,0.8124322538692398,-0.3127252501859768,1.0,1.818663489768343,20.549140345189926,0.10723872406021003,1.0528848213032884,1.6912668408346438,20.336257140092595,-0.31543566595157874,0.9289928340694096,3.035877524688527,45.13588929259828
440,1.2336598709713509,-0.1291009819370981,0.9896152188060425,0.3386373474642361,0.566195160476862,0.2251164973864353,1.0,0.3028068484141474,0.7373508421239325,0.2586257374092002,1.0036071528667279,0.5397979059471647,2.099650628862025
441,0.8431649113191867,0.06064109751225789,0.9954288340770712,0.8800294787762766,10.577483991580971,-0.20570239044710106,1.0037366858802035,1.050338702295075,12.467019627090457,0.10955016331616749,0.9999999999999999,1.1068396668790377,13.369891121837153
442,1.1728066595700748,0.1382903882833352,0.9906282099222494,-0.33541718025035683,1.1572537376670367,0.14232105970245096,0.9999999999999999,-0.3331147948279806,1.610223783782219,-0.16613104737938028,1.0068801346406464,-0.2744428970463832,1.6310740880400578
443,1.1869002251413685,0.2028967650004927,0.9981548289776462,0.20050941545440573,0.17645932067533332,0.17021073775181225,0.9999999999999999,0.2215413287704087,0.2734385844959131,-0.13077971257236196,1.0081726540470517,0.3189625245816363,0.40500085645319617
444,1.1326013114868805,0.16933806624252032,0.9999999999999999,-0.0700010163712909,0.4888386144574879,-0.16044174139542405,0.9829254511976523,0.08772286788306445,0.7086997806985691,-0.11398953039113381,1.014482964517341,0.23127461542599298,0.6820929912701019
445,0.8172886095230174,-0.17599905570213314,1.0018314169528024,1.2507554207507638,16.84853128907055,-0.18821174044985767,1.0,1.4993000714525944,22.24533268472244,-0.25370407650687266,0.9674238800728264,1.7804838391711877,27.289121009507497
446,1.2584076283404908,0.12947139459972717,0.9844692387670186,-0.05506760473131039,0.05166082198658639,-0.10812383017269048,1.0,0.09933849834172201,0.01464936689450802,0.18340669587511435,1.007291528853898,0.28446243016646583,0.5365299616329811
447,1.1623722391654423,-0.12100613006777797,1.0028144058292996,0.40275530926022834,1.687317519636177,-0.15642936863404866,1.0,0.5348887130493404,3.2424716065477783,-0.13954187336190915,0.9997827653975004,0.5953952384125841,2.27068875108888
448,0.8603311440903787,0.08641688664339241,0.9659152653145608,0.7474983979399091,11.471631254915968,-0.14344165469634174,1.0,0.7518180624667482,9.447131804959263,-0.11577927193783889,1.0277834882405021,0.3223872239130757,2.7772949803482874
449,1.1070152654774903,0.30264541573546283,1.0270516888150087,0.5984895185961272,3.662926718036961,0.2672697724527614,0.9769053847029829,0.7143983939296409,6.014045206116533,-0.08887799663478978,0.9999999999999999,0.722592240123677,4.583511031536437
450,1.2419856179232909,-0.09544084839078398,0.9870175319977328,0.2616542255781329,0.11199148795380331,0.22452592721090625,1.0,0.3050394341009675,0.24617711197467562,0.19506122242587645,1.0170408772233057,0.33963886563009377,0.3466101542286979
451,0.7400728090131812,-0.025537293128625776,1.0092361333597226,-0.08097229446364416,0.29289320928152884,-0.049993967546785006,1.0,-0.04358383063687293,0.4884108878577913,-0.13573220730572041,0.9713004383304712,0.10689680690702226,0.698339644422648
452,1.0466711314920751,-0.12235412011481511,1.0085267161871476,0.2977905445526195,1.705707253472272,-0.1604941073180143,1.0,0.4031306759442324,2.955936471515521,-0.18692891799359587,0.9765097741456599,0.6440711811813397,4.888849320980093
453,1.138672884155706,-0.15624353018036924,1.005434884875806,0.09215767341098591,0.19111414489131873,-0.18651998959218105,0.996381205002924,0.1719504414779407,0.3304578648299681,-0.12119356536773063,1.0,0.2119206626198863,0.3421473141559823
454,1.1414446373711822,0.20652813832542255,1.0625870055608833,0.4481085322034937,1.3018007074415356,-0.1401192564222041,1.0,0.6856997019139812,3.20339171186935,-0.156192934871299,0.9203819462004941,1.2646514941974798,8.800184853352102
455,0.9363571972543472,0.08783563383452656,1.0092413421703637,-0.04442936397544556,-0.1700095652909437,0.07146025498908283,1.0,0.10385103933822887,0.08628583374342647,-0.14446560631397912,0.9841913721671205,0.16504718181370528,0.21087086429449542
456,0.9097730485165147,-0.13116049149475517,1.0,0.24495849200181144,0.3289431865055512,-0.09812060322107816,1.0088842986465643,0.2997166014855765,0.5766265957731025,-0.14668614912464106,0.9803277281236943,0.34332000133456403,0.9623575684048471
457,1.1887412781354638,0.18810293076326506,0.9961649342977154,0.2791739720873771,1.870232123542939,0.14911648245685608,1.0021746667705609,0.27870503973922156,2.0800627158676717,0.16920781838963997,1.0,0.41901333927572676,2.188210065028618
458,0.6338700537661737,0.03964490567634153,1.0034226068472782,0.09924147940421041,0.2704350214427351,0.055045608030231445,0.9999999999999999,0.20340332416825263,0.9643111770162971,0.04289324627663017,0.9560102103546735,0.301006319014556,1.9008650918563568
459,1.2395905050123073,0.053149400132649294,0.9895360996306615,-0.28100945702477026,0.11910230141178291,0.1290902663933096,1.0,-0.1790419860976514,0.09480907555975238,0.1239791528672571,1.003718231100962,-0.038595606602889715,-0.03309827259918041
460,0.87659256225831,-0.13229757851587207,0.9999999999999999,0.00914875276430443,0.2912172487030049,-0.056837432822074554,1.0112247255243392,0.04241294441513866,0.4432067452012647,0.09500795674509985,0.9894892222536457,0.06346391334481864,0.545001512262703
